<?xml version="1.0" encoding="UTF-8"?>
<COLLADA xmlns="http://www.collada.org/2005/11/COLLADASchema" version="1.4.1">
    <asset>
        <contributor>
            <author>VCGLab</author>
            <authoring_tool>VCGLib | MeshLab</authoring_tool>
        </contributor>
        <created>Mon. Jul. 14 19:32:09 2025 GMT</created>
        <modified>Mon. Jul. 14 19:32:09 2025 GMT</modified>
        <up_axis>Y_UP</up_axis>
    </asset>
    <library_geometries>
        <geometry id="shape0-lib" name="shape0">
            <mesh>
                <source id="shape0-lib-positions" name="position">
                    <float_array id="shape0-lib-positions-array" count="7320">0.193 0.21335 -0.021006 0.193 0.21335 0.029 0.193 0.27485 -0.021006 0.193 0.27485 0.029 0.193275 0.21335 -0.023451 0.193275 0.27485 -0.023451 0.193322 0.27485 0.031642 0.193347 0.21335 0.0316389 0.193375 0.21335 0.031847 0.194 0.21235 -0.021006 0.194 0.21235 0.029 0.194 0.27585 -0.021006 0.194 0.27585 0.029 0.194087 0.21335 -0.025773 0.194087 0.27485 -0.025773 0.19425 0.21235 -0.023228 0.19425 0.27585 -0.023228 0.194269 0.27485 0.03413 0.194293 0.27585 0.031402 0.194313 0.21335 0.034112 0.194341 0.21235 0.031588 0.194474 0.21335 0.0345 0.194988 0.21235 -0.0253401 0.194988 0.27585 -0.0253401 0.195154 0.27585 0.033663 0.19534 0.21235 0.034 0.195786 0.27485 0.036317 0.195837 0.21335 0.036277 0.196222 0.21335 0.036778 0.196533 0.27585 0.035652 0.196929 0.21235 0.036071 0.197784 0.27485 0.038075 0.197816 0.21335 -0.032529 0.197816 0.27485 -0.032529 0.197832 0.21335 0.038013 0.198349 0.27585 0.03725 0.1985 0.21335 0.038526 0.198663 0.21235 -0.031997 0.198663 0.27585 -0.031997 0.199 0.21235 0.03766 0.200146 0.27485 0.039303 0.200179 0.21335 0.039222 0.200496 0.27585 0.038366 0.201 0.32435 0.00399997 0.201128 0.27585 0.000246972 0.201128 0.27585 0.00775298 0.201128 0.32435 0.000246972 0.201128 0.32435 0.00775298 0.201153 0.21335 0.039625 0.201412 0.21235 0.038659 0.20215 0.27585 -0.00719002 0.20215 0.27585 0.01519 0.20215 0.32435 -0.00719002 0.20215 0.32435 0.01519 0.20228 0.21335 -0.038824 0.20228 0.27485 -0.038824 0.202733 0.27485 0.039927 0.202745 0.21335 0.039835 0.202848 0.27585 0.038933 0.203062 0.21235 -0.0382 0.203062 0.27585 -0.0382 0.204 0.21235 0.039 0.204 0.21335 0.04 0.204176 0.27585 -0.014418 0.204176 0.27585 0.022418 0.204176 0.32435 -0.014418 0.204176 0.32435 0.022418 0.205268 0.27585 0.038919 0.205395 0.21335 0.039911 0.205395 0.27485 0.039911 0.206588 0.21235 0.038659 0.206847 0.21335 0.039625 0.207166 0.27585 -0.021304 0.207166 0.27585 0.029304 0.207166 0.32435 -0.021304 0.207166 0.32435 0.029304 0.207422 0.21335 -0.044578 0.207422 0.27485 -0.044578 0.208129 0.21235 -0.0438709 0.208129 0.27585 -0.0438709 0.20891 0.21335 0.039851 0.20891 0.27485 0.039853 0.208931 0.27485 0.039853 0.209 0.21235 0.03766 0.209025 0.27585 0.038858 0.2095 0.21335 0.038526 0.211067 0.27585 -0.027717 0.211067 0.27585 0.035717 0.211067 0.32435 -0.027717 0.211067 0.32435 0.035717 0.211071 0.21235 0.036071 0.211778 0.21335 0.036778 0.212352 0.27485 0.040565 0.212353 0.21335 0.04056 0.212393 0.27485 0.040573 0.21266 0.21235 0.034 0.212704 0.27585 0.039623 0.213176 0.21335 -0.04972 0.213176 0.27485 -0.04972 0.213526 0.21335 0.0345 0.213659 0.21235 0.031588 0.2138 0.21235 -0.0489379 0.2138 0.27585 -0.0489379 0.214 0.21235 -0.0281 0.214 0.21235 0.029 0.214337 0.21235 -0.030662 0.214625 0.21335 0.031847 0.214846 0.27585 0.040488 0.215 0.21335 -0.0281 0.215 0.21335 0.029 0.215303 0.21335 -0.030403 0.215326 0.21235 -0.03305 0.215555 0.27485 0.04201 0.215558 0.21335 0.042004 0.215613 0.27485 0.042036 0.215804 0.27585 -0.03354 0.215804 0.32435 -0.03354 0.215804 0.32435 0.04154 0.215805 0.275379 0.04154 0.215868 0.275348 0.041608 0.216192 0.21335 -0.0325499 0.2169 0.21235 -0.0351 0.217082 0.274979 0.042864 0.217607 0.21335 -0.034393 0.218371 0.21335 0.044113 0.218371 0.27485 0.044113 0.21895 0.21235 -0.036674 0.21945 0.21335 -0.035808 0.219471 0.21335 -0.054184 0.219471 0.27485 -0.054184 0.220003 0.21235 -0.0533369 0.220003 0.27585 -0.0533369 0.22129 0.21335 0.046664 0.22129 0.27585 -0.038664 0.22129 0.32435 -0.038664 0.22129 0.32435 0.046664 0.221338 0.21235 -0.037663 0.221597 0.21335 -0.0366969 0.2239 0.21235 -0.038 0.2239 0.21335 -0.037 0.224771 0.20435 0.00284698 0.224771 0.21335 0.00284698 0.225091 0.20435 0.00860497 0.225091 0.21335 0.00860497 0.225515 0.20435 -0.00287203 0.225515 0.21335 -0.00287203 0.226 0.32435 0.00399997 0.226 0.32935 0.00399997 0.226128 0.32935 0.00123199 0.226128 0.32935 0.00676795 0.226227 0.21335 -0.057913 0.226227 0.27485 -0.057913 0.226464 0.20435 0.014206 0.226464 0.21335 0.014206 0.226511 0.32435 -0.00151203 0.226511 0.32435 0.00951197 0.226637 0.32935 -0.00148902 0.226637 0.32935 0.00948896 0.22666 0.21235 -0.057012 0.22666 0.27585 -0.057012 0.226703 0.33035 0.00128498 0.226703 0.33035 0.00671496 0.227145 0.32935 -0.00421003 0.227145 0.32935 0.01221 0.227297 0.20435 -0.00835601 0.227297 0.21335 -0.00835601 0.227423 0.21335 0.050993 0.227423 0.27585 -0.042993 0.227423 0.32435 -0.042993 0.227423 0.32435 0.050993 0.227701 0.33035 -0.00405202 0.227701 0.33035 0.012052 0.228026 0.32435 -0.00683705 0.228026 0.32435 0.014837 0.228145 0.32935 -0.00679103 0.228145 0.32935 0.014791 0.228549 0.21335 -0.058725 0.228549 0.27485 -0.058725 0.228772 0.21235 -0.0577499 0.228772 0.27585 -0.0577499 0.228842 0.20435 0.019459 0.228842 0.21335 0.019459 0.229145 0.32935 -0.00937203 0.229145 0.32935 0.017372 0.229662 0.33035 -0.00911502 0.229662 0.33035 0.017115 0.230056 0.20435 -0.01342 0.230056 0.21335 -0.01342 0.230493 0.32435 -0.011793 0.230493 0.32435 0.019793 0.230602 0.32935 -0.0117261 0.230602 0.32935 0.0197259 0.230994 0.21235 -0.058 0.230994 0.21335 -0.059 0.230994 0.27485 -0.059 0.230994 0.27585 -0.058 0.232059 0.32935 -0.014079 0.232059 0.32935 0.022079 0.232145 0.20435 0.024187 0.232145 0.21335 0.024187 0.23252 0.33035 -0.013731 0.23252 0.33035 0.021731 0.233698 0.20435 -0.017891 0.233698 0.21335 -0.017891 0.23383 0.32435 -0.016211 0.23383 0.32435 0.024211 0.233924 0.32935 -0.0161251 0.233924 0.32935 0.0241249 0.234088 0.21335 0.054447 0.234088 0.27585 -0.0464469 0.234088 0.32435 -0.0464469 0.234088 0.32435 0.054447 0.235789 0.32935 -0.01817 0.235789 0.32935 0.02617 0.236178 0.33035 -0.017744 0.236178 0.33035 0.025744 0.23626 0.20435 0.028226 0.23626 0.21335 0.028226 0.237921 0.32435 -0.019941 0.237921 0.32435 0.027941 0.237998 0.32935 -0.019838 0.237998 0.32935 0.027838 0.238101 0.20435 -0.021616 0.238101 0.21335 -0.021616 0.240207 0.32935 -0.0215071 0.240207 0.32935 0.029507 0.240511 0.33035 -0.021016 0.240511 0.33035 0.029016 0.241048 0.20435 0.031441 0.241048 0.21335 0.031441 0.241161 0.21335 0.0569599 0.241161 0.27585 -0.04896 0.241161 0.32435 -0.04896 0.241161 0.32435 0.0569599 0.242628 0.32435 -0.022855 0.242628 0.32435 0.030855 0.242685 0.32935 -0.02274 0.242685 0.32935 0.03074 0.243112 0.20435 -0.024469 0.243112 0.21335 -0.024469 0.245163 0.32935 -0.023974 0.245163 0.32935 0.031974 0.245371 0.33035 -0.023436 0.245371 0.33035 0.031436 0.246345 0.20435 0.033721 0.246345 0.21335 0.033721 0.24779 0.32435 -0.024855 0.24779 0.32435 0.032855 0.247825 0.32935 -0.024732 0.247825 0.32935 0.032732 0.248511 0.21335 0.058488 0.248511 0.27585 -0.050488 0.248511 0.32435 -0.050488 0.248511 0.32435 0.058488 0.248563 0.20435 -0.026352 0.248563 0.21335 -0.026352 0.250488 0.32935 -0.025489 0.250488 0.32935 0.033489 0.250594 0.33035 -0.024922 0.250594 0.33035 0.032922 0.25197 0.20435 0.034989 0.25197 0.21335 0.034989 0.253232 0.32435 -0.025872 0.253232 0.32435 0.033872 0.253244 0.32935 -0.025745 0.253244 0.32935 0.033745 0.254267 0.20435 -0.027202 0.254267 0.21335 -0.027202 0.256 0.20435 0.00399997 0.256 0.20435 0.03525 0.256 0.21335 0.059 0.256 0.27585 -0.051 0.256 0.32435 -0.051 0.256 0.32435 0.059 0.256 0.32935 -0.0260001 0.256 0.32935 0.034 0.256 0.33035 -0.025423 0.256 0.33035 0.033423 0.257733 0.20435 0.035202 0.257733 0.21335 0.035202 0.258756 0.32935 -0.025745 0.258756 0.32935 0.033745 0.258768 0.32435 -0.025872 0.258768 0.32435 0.033872 0.26003 0.20435 -0.026989 0.26003 0.21335 -0.026989 0.261406 0.33035 -0.024922 0.261406 0.33035 0.032922 0.261512 0.32935 -0.025489 0.261512 0.32935 0.033489 0.263437 0.20435 0.034352 0.263437 0.21335 0.034352 0.263489 0.21335 0.058488 0.263489 0.27585 -0.050488 0.263489 0.32435 -0.050488 0.263489 0.32435 0.058488 0.264175 0.32935 -0.024732 0.264175 0.32935 0.032732 0.26421 0.32435 -0.024855 0.26421 0.32435 0.032855 0.265655 0.20435 -0.025721 0.265655 0.21335 -0.025721 0.266629 0.33035 -0.023436 0.266629 0.33035 0.031436 0.266837 0.32935 -0.023974 0.266837 0.32935 0.031974 0.268888 0.20435 0.032469 0.268888 0.21335 0.032469 0.269315 0.32935 -0.02274 0.269315 0.32935 0.03074 0.269372 0.32435 -0.022855 0.269372 0.32435 0.030855 0.270839 0.21335 0.0569599 0.270839 0.27585 -0.04896 0.270839 0.32435 -0.04896 0.270839 0.32435 0.0569599 0.270952 0.20435 -0.023441 0.270952 0.21335 -0.023441 0.271489 0.33035 -0.021016 0.271489 0.33035 0.029016 0.271793 0.32935 -0.0215071 0.271793 0.32935 0.029507 0.273899 0.20435 0.029616 0.273899 0.21335 0.029616 0.274002 0.32935 -0.019838 0.274002 0.32935 0.027838 0.274079 0.32435 -0.019941 0.274079 0.32435 0.027941 0.27574 0.20435 -0.020226 0.27574 0.21335 -0.020226 0.275822 0.33035 -0.017744 0.275822 0.33035 0.025744 0.276211 0.32935 -0.01817 0.276211 0.32935 0.02617 0.277912 0.21335 0.054447 0.277912 0.27585 -0.0464469 0.277912 0.32435 -0.0464469 0.277912 0.32435 0.054447 0.278076 0.32935 -0.0161251 0.278076 0.32935 0.0241249 0.27817 0.32435 -0.016211 0.27817 0.32435 0.024211 0.278302 0.20435 0.025891 0.278302 0.21335 0.025891 0.27948 0.33035 -0.013731 0.27948 0.33035 0.021731 0.279855 0.20435 -0.016187 0.279855 0.21335 -0.016187 0.279941 0.32935 -0.014079 0.279941 0.32935 0.022079 0.281006 0.21235 -0.058 0.281006 0.21335 -0.059 0.281006 0.27485 -0.059 0.281006 0.27585 -0.058 0.281398 0.32935 -0.0117261 0.281398 0.32935 0.0197259 0.281507 0.32435 -0.011793 0.281507 0.32435 0.019793 0.281944 0.20435 0.02142 0.281944 0.21335 0.02142 0.282338 0.33035 -0.00911502 0.282338 0.33035 0.017115 0.282855 0.32935 -0.00937203 0.282855 0.32935 0.017372 0.283158 0.20435 -0.011459 0.283158 0.21335 -0.011459 0.283228 0.21235 -0.0577499 0.283228 0.27585 -0.0577499 0.283451 0.21335 -0.058725 0.283451 0.27485 -0.058725 0.283855 0.32935 -0.00679103 0.283855 0.32935 0.014791 0.283974 0.32435 -0.00683705 0.283974 0.32435 0.014837 0.284299 0.33035 -0.00405202 0.284299 0.33035 0.012052 0.284577 0.21335 0.050993 0.284577 0.27585 -0.042993 0.284577 0.32435 -0.042993 0.284577 0.32435 0.050993 0.284703 0.20435 0.016356 0.284703 0.21335 0.016356 0.284855 0.32935 -0.00421003 0.284855 0.32935 0.01221 0.285297 0.33035 0.00128498 0.285297 0.33035 0.00671496 0.28534 0.21235 -0.057012 0.28534 0.27585 -0.057012 0.285363 0.32935 -0.00148902 0.285363 0.32935 0.00948896 0.285489 0.32435 -0.00151203 0.285489 0.32435 0.00951197 0.285536 0.20435 -0.00620601 0.285536 0.21335 -0.00620601 0.285773 0.21335 -0.057913 0.285773 0.27485 -0.057913 0.285872 0.32935 0.00123199 0.285872 0.32935 0.00676795 0.286 0.32435 0.00399997 0.286 0.32935 0.00399997 0.286485 0.20435 0.010872 0.286485 0.21335 0.010872 0.286909 0.20435 -0.000605019 0.286909 0.21335 -0.000605019 0.287229 0.20435 0.00515296 0.287229 0.21335 0.00515296 0.28725 0.21335 0.00399997 0.2881 0.21235 -0.038 0.2881 0.21335 -0.037 0.290403 0.21335 -0.0366969 0.290662 0.21235 -0.037663 0.29071 0.21335 0.046664 0.29071 0.27585 -0.038664 0.29071 0.32435 -0.038664 0.29071 0.32435 0.046664 0.291997 0.21235 -0.0533369 0.291997 0.27585 -0.0533369 0.292529 0.21335 -0.054184 0.292529 0.27485 -0.054184 0.29255 0.21335 -0.035808 0.29305 0.21235 -0.036674 0.293629 0.21335 0.044113 0.293629 0.27485 0.044113 0.294393 0.21335 -0.034393 0.294918 0.274979 0.042864 0.2951 0.21235 -0.0351 0.295808 0.21335 -0.0325499 0.296132 0.275348 0.041608 0.296195 0.275379 0.04154 0.296196 0.27585 -0.03354 0.296196 0.32435 -0.03354 0.296196 0.32435 0.04154 0.296387 0.27485 0.042036 0.296442 0.21335 0.042004 0.296445 0.27485 0.04201 0.296674 0.21235 -0.03305 0.296697 0.21335 -0.030403 0.297 0.21335 -0.0281 0.297 0.21335 0.029 0.297154 0.27585 0.040488 0.297375 0.21335 0.031847 0.297663 0.21235 -0.030662 0.298 0.21235 -0.0281 0.298 0.21235 0.029 0.2982 0.21235 -0.0489379 0.2982 0.27585 -0.0489379 0.298341 0.21235 0.031588 0.298474 0.21335 0.0345 0.298824 0.21335 -0.04972 0.298824 0.27485 -0.04972 0.299296 0.27585 0.039623 0.29934 0.21235 0.034 0.299607 0.27485 0.040573 0.299647 0.21335 0.04056 0.299648 0.27485 0.040565 0.300222 0.21335 0.036778 0.300929 0.21235 0.036071 0.300933 0.27585 -0.027717 0.300933 0.27585 0.035717 0.300933 0.32435 -0.027717 0.300933 0.32435 0.035717 0.3025 0.21335 0.038526 0.302975 0.27585 0.038858 0.303 0.21235 0.03766 0.303069 0.27485 0.039853 0.30309 0.27485 0.039853 0.30309 0.21335 0.039851 0.303871 0.21235 -0.0438709 0.303871 0.27585 -0.0438709 0.304578 0.21335 -0.044578 0.304578 0.27485 -0.044578 0.304834 0.27585 -0.021304 0.304834 0.27585 0.029304 0.304834 0.32435 -0.021304 0.304834 0.32435 0.029304 0.305153 0.21335 0.039625 0.305412 0.21235 0.038659 0.306605 0.21335 0.039911 0.306605 0.27485 0.039911 0.306732 0.27585 0.038919 0.307824 0.27585 -0.014418 0.307824 0.27585 0.022418 0.307824 0.32435 -0.014418 0.307824 0.32435 0.022418 0.308 0.21235 0.039 0.308 0.21335 0.04 0.308938 0.21235 -0.0382 0.308938 0.27585 -0.0382 0.309152 0.27585 0.038933 0.309255 0.21335 0.039835 0.309267 0.27485 0.039927 0.30972 0.21335 -0.038824 0.30972 0.27485 -0.038824 0.30985 0.27585 -0.00719002 0.30985 0.27585 0.01519 0.30985 0.32435 -0.00719002 0.30985 0.32435 0.01519 0.310588 0.21235 0.038659 0.310847 0.21335 0.039625 0.310872 0.27585 0.000246972 0.310872 0.27585 0.00775298 0.310872 0.32435 0.000246972 0.310872 0.32435 0.00775298 0.311504 0.27585 0.038366 0.311821 0.21335 0.039222 0.311854 0.27485 0.039303 0.313 0.21235 0.03766 0.313337 0.21235 -0.031997 0.313337 0.27585 -0.031997 0.3135 0.21335 0.038526 0.313651 0.27585 0.03725 0.314168 0.21335 0.038013 0.314184 0.21335 -0.032529 0.314184 0.27485 -0.032529 0.314216 0.27485 0.038075 0.315071 0.21235 0.036071 0.315467 0.27585 0.035652 0.315778 0.21335 0.036778 0.316163 0.21335 0.036277 0.316214 0.27485 0.036317 0.31666 0.21235 0.034 0.316846 0.27585 0.033663 0.317012 0.21235 -0.0253401 0.317012 0.27585 -0.0253401 0.317526 0.21335 0.0345 0.317659 0.21235 0.031588 0.317687 0.21335 0.034112 0.317707 0.27585 0.031402 0.317731 0.27485 0.03413 0.31775 0.21235 -0.023228 0.31775 0.27585 -0.023228 0.317913 0.21335 -0.025773 0.317913 0.27485 -0.025773 0.318 0.21235 -0.021006 0.318 0.21235 0.029 0.318 0.27585 -0.021006 0.318 0.27585 0.029 0.318625 0.21335 0.031847 0.318653 0.21335 0.0316389 0.318678 0.27485 0.031642 0.318725 0.21335 -0.023451 0.318725 0.27485 -0.023451 0.319 0.21335 -0.021006 0.319 0.21335 0.029 0.319 0.27485 -0.021006 0.319 0.27485 0.029 -0.319 0.21335 -0.021006 -0.319 0.21335 0.029 -0.319 0.27485 -0.021006 -0.319 0.27485 0.029 -0.318725 0.21335 -0.023451 -0.318725 0.27485 -0.023451 -0.318678 0.27485 0.031642 -0.318653 0.21335 0.0316389 -0.318625 0.21335 0.031847 -0.318 0.21235 -0.021006 -0.318 0.21235 0.029 -0.318 0.27585 -0.021006 -0.318 0.27585 0.029 -0.317913 0.21335 -0.025773 -0.317913 0.27485 -0.025773 -0.31775 0.21235 -0.023228 -0.31775 0.27585 -0.023228 -0.317731 0.27485 0.03413 -0.317707 0.27585 0.031402 -0.317687 0.21335 0.034112 -0.317659 0.21235 0.031588 -0.317526 0.21335 0.0345 -0.317012 0.21235 -0.0253401 -0.317012 0.27585 -0.0253401 -0.316846 0.27585 0.033663 -0.31666 0.21235 0.034 -0.316214 0.27485 0.036317 -0.316163 0.21335 0.036277 -0.315778 0.21335 0.036778 -0.315467 0.27585 0.035652 -0.315071 0.21235 0.036071 -0.314216 0.27485 0.038075 -0.314184 0.21335 -0.032529 -0.314184 0.27485 -0.032529 -0.314168 0.21335 0.038013 -0.313651 0.27585 0.03725 -0.3135 0.21335 0.038526 -0.313337 0.21235 -0.031997 -0.313337 0.27585 -0.031997 -0.313 0.21235 0.03766 -0.311854 0.27485 0.039303 -0.311821 0.21335 0.039222 -0.311504 0.27585 0.038366 -0.311 0.32435 0.00399997 -0.310872 0.27585 0.000246972 -0.310872 0.27585 0.00775298 -0.310872 0.32435 0.000246972 -0.310872 0.32435 0.00775298 -0.310847 0.21335 0.039625 -0.310588 0.21235 0.038659 -0.30985 0.27585 -0.00719002 -0.30985 0.27585 0.01519 -0.30985 0.32435 -0.00719002 -0.30985 0.32435 0.01519 -0.30972 0.21335 -0.038824 -0.30972 0.27485 -0.038824 -0.309267 0.27485 0.039927 -0.309255 0.21335 0.039835 -0.309152 0.27585 0.038933 -0.308938 0.21235 -0.0382 -0.308938 0.27585 -0.0382 -0.308 0.21235 0.039 -0.308 0.21335 0.04 -0.307824 0.27585 -0.014418 -0.307824 0.27585 0.022418 -0.307824 0.32435 -0.014418 -0.307824 0.32435 0.022418 -0.306732 0.27585 0.038919 -0.306605 0.21335 0.039911 -0.306605 0.27485 0.039911 -0.305412 0.21235 0.038659 -0.305153 0.21335 0.039625 -0.304834 0.27585 -0.021304 -0.304834 0.27585 0.029304 -0.304834 0.32435 -0.021304 -0.304834 0.32435 0.029304 -0.304578 0.21335 -0.044578 -0.304578 0.27485 -0.044578 -0.303871 0.21235 -0.0438709 -0.303871 0.27585 -0.0438709 -0.30309 0.21335 0.039851 -0.30309 0.27485 0.039853 -0.303069 0.27485 0.039853 -0.303 0.21235 0.03766 -0.302975 0.27585 0.038858 -0.3025 0.21335 0.038526 -0.300933 0.27585 -0.027717 -0.300933 0.27585 0.035717 -0.300933 0.32435 -0.027717 -0.300933 0.32435 0.035717 -0.300929 0.21235 0.036071 -0.300222 0.21335 0.036778 -0.299648 0.27485 0.040565 -0.299647 0.21335 0.04056 -0.299607 0.27485 0.040573 -0.29934 0.21235 0.034 -0.299296 0.27585 0.039623 -0.298824 0.21335 -0.04972 -0.298824 0.27485 -0.04972 -0.298474 0.21335 0.0345 -0.298341 0.21235 0.031588 -0.2982 0.21235 -0.0489379 -0.2982 0.27585 -0.0489379 -0.298 0.21235 -0.0281 -0.298 0.21235 0.029 -0.297663 0.21235 -0.030662 -0.297375 0.21335 0.031847 -0.297154 0.27585 0.040488 -0.297 0.21335 -0.0281 -0.297 0.21335 0.029 -0.296697 0.21335 -0.030403 -0.296674 0.21235 -0.03305 -0.296445 0.27485 0.04201 -0.296442 0.21335 0.042004 -0.296387 0.27485 0.042036 -0.296196 0.27585 -0.03354 -0.296196 0.32435 -0.03354 -0.296196 0.32435 0.04154 -0.296195 0.275379 0.04154 -0.296132 0.275348 0.041608 -0.295808 0.21335 -0.0325499 -0.2951 0.21235 -0.0351 -0.294918 0.274979 0.042864 -0.294393 0.21335 -0.034393 -0.293629 0.21335 0.044113 -0.293629 0.27485 0.044113 -0.29305 0.21235 -0.036674 -0.29255 0.21335 -0.035808 -0.292529 0.21335 -0.054184 -0.292529 0.27485 -0.054184 -0.291997 0.21235 -0.0533369 -0.291997 0.27585 -0.0533369 -0.29071 0.21335 0.046664 -0.29071 0.27585 -0.038664 -0.29071 0.32435 -0.038664 -0.29071 0.32435 0.046664 -0.290662 0.21235 -0.037663 -0.290403 0.21335 -0.0366969 -0.2881 0.21235 -0.038 -0.2881 0.21335 -0.037 -0.287229 0.20435 0.00284698 -0.287229 0.21335 0.00284698 -0.286909 0.20435 0.00860497 -0.286909 0.21335 0.00860497 -0.286485 0.20435 -0.00287203 -0.286485 0.21335 -0.00287203 -0.286 0.32435 0.00399997 -0.286 0.32935 0.00399997 -0.285872 0.32935 0.00123199 -0.285872 0.32935 0.00676795 -0.285773 0.21335 -0.057913 -0.285773 0.27485 -0.057913 -0.285536 0.20435 0.014206 -0.285536 0.21335 0.014206 -0.285489 0.32435 -0.00151203 -0.285489 0.32435 0.00951197 -0.285363 0.32935 -0.00148902 -0.285363 0.32935 0.00948896 -0.28534 0.21235 -0.057012 -0.28534 0.27585 -0.057012 -0.285297 0.33035 0.00128498 -0.285297 0.33035 0.00671496 -0.284855 0.32935 -0.00421003 -0.284855 0.32935 0.01221 -0.284703 0.20435 -0.00835601 -0.284703 0.21335 -0.00835601 -0.284577 0.21335 0.050993 -0.284577 0.27585 -0.042993 -0.284577 0.32435 -0.042993 -0.284577 0.32435 0.050993 -0.284299 0.33035 -0.00405202 -0.284299 0.33035 0.012052 -0.283974 0.32435 -0.00683705 -0.283974 0.32435 0.014837 -0.283855 0.32935 -0.00679103 -0.283855 0.32935 0.014791 -0.283451 0.21335 -0.058725 -0.283451 0.27485 -0.058725 -0.283228 0.21235 -0.0577499 -0.283228 0.27585 -0.0577499 -0.283158 0.20435 0.019459 -0.283158 0.21335 0.019459 -0.282855 0.32935 -0.00937203 -0.282855 0.32935 0.017372 -0.282338 0.33035 -0.00911502 -0.282338 0.33035 0.017115 -0.281944 0.20435 -0.01342 -0.281944 0.21335 -0.01342 -0.281507 0.32435 -0.011793 -0.281507 0.32435 0.019793 -0.281398 0.32935 -0.0117261 -0.281398 0.32935 0.0197259 -0.281006 0.21235 -0.058 -0.281006 0.21335 -0.059 -0.281006 0.27485 -0.059 -0.281006 0.27585 -0.058 -0.279941 0.32935 -0.014079 -0.279941 0.32935 0.022079 -0.279855 0.20435 0.024187 -0.279855 0.21335 0.024187 -0.27948 0.33035 -0.013731 -0.27948 0.33035 0.021731 -0.278302 0.20435 -0.017891 -0.278302 0.21335 -0.017891 -0.27817 0.32435 -0.016211 -0.27817 0.32435 0.024211 -0.278076 0.32935 -0.0161251 -0.278076 0.32935 0.0241249 -0.277912 0.21335 0.054447 -0.277912 0.27585 -0.0464469 -0.277912 0.32435 -0.0464469 -0.277912 0.32435 0.054447 -0.276211 0.32935 -0.01817 -0.276211 0.32935 0.02617 -0.275822 0.33035 -0.017744 -0.275822 0.33035 0.025744 -0.27574 0.20435 0.028226 -0.27574 0.21335 0.028226 -0.274079 0.32435 -0.019941 -0.274079 0.32435 0.027941 -0.274002 0.32935 -0.019838 -0.274002 0.32935 0.027838 -0.273899 0.20435 -0.021616 -0.273899 0.21335 -0.021616 -0.271793 0.32935 -0.0215071 -0.271793 0.32935 0.029507 -0.271489 0.33035 -0.021016 -0.271489 0.33035 0.029016 -0.270952 0.20435 0.031441 -0.270952 0.21335 0.031441 -0.270839 0.21335 0.0569599 -0.270839 0.27585 -0.04896 -0.270839 0.32435 -0.04896 -0.270839 0.32435 0.0569599 -0.269372 0.32435 -0.022855 -0.269372 0.32435 0.030855 -0.269315 0.32935 -0.02274 -0.269315 0.32935 0.03074 -0.268888 0.20435 -0.024469 -0.268888 0.21335 -0.024469 -0.266837 0.32935 -0.023974 -0.266837 0.32935 0.031974 -0.266629 0.33035 -0.023436 -0.266629 0.33035 0.031436 -0.265655 0.20435 0.033721 -0.265655 0.21335 0.033721 -0.26421 0.32435 -0.024855 -0.26421 0.32435 0.032855 -0.264175 0.32935 -0.024732 -0.264175 0.32935 0.032732 -0.263489 0.21335 0.058488 -0.263489 0.27585 -0.050488 -0.263489 0.32435 -0.050488 -0.263489 0.32435 0.058488 -0.263437 0.20435 -0.026352 -0.263437 0.21335 -0.026352 -0.261512 0.32935 -0.025489 -0.261512 0.32935 0.033489 -0.261406 0.33035 -0.024922 -0.261406 0.33035 0.032922 -0.26003 0.20435 0.034989 -0.26003 0.21335 0.034989 -0.258768 0.32435 -0.025872 -0.258768 0.32435 0.033872 -0.258756 0.32935 -0.025745 -0.258756 0.32935 0.033745 -0.257733 0.20435 -0.027202 -0.257733 0.21335 -0.027202 -0.256 0.20435 0.00399997 -0.256 0.20435 0.03525 -0.256 0.21335 0.059 -0.256 0.27585 -0.051 -0.256 0.32435 -0.051 -0.256 0.32435 0.059 -0.256 0.32935 -0.0260001 -0.256 0.32935 0.034 -0.256 0.33035 -0.025423 -0.256 0.33035 0.033423 -0.254267 0.20435 0.035202 -0.254267 0.21335 0.035202 -0.253244 0.32935 -0.025745 -0.253244 0.32935 0.033745 -0.253232 0.32435 -0.025872 -0.253232 0.32435 0.033872 -0.25197 0.20435 -0.026989 -0.25197 0.21335 -0.026989 -0.250594 0.33035 -0.024922 -0.250594 0.33035 0.032922 -0.250488 0.32935 -0.025489 -0.250488 0.32935 0.033489 -0.248563 0.20435 0.034352 -0.248563 0.21335 0.034352 -0.248511 0.21335 0.058488 -0.248511 0.27585 -0.050488 -0.248511 0.32435 -0.050488 -0.248511 0.32435 0.058488 -0.247825 0.32935 -0.024732 -0.247825 0.32935 0.032732 -0.24779 0.32435 -0.024855 -0.24779 0.32435 0.032855 -0.246345 0.20435 -0.025721 -0.246345 0.21335 -0.025721 -0.245371 0.33035 -0.023436 -0.245371 0.33035 0.031436 -0.245163 0.32935 -0.023974 -0.245163 0.32935 0.031974 -0.243112 0.20435 0.032469 -0.243112 0.21335 0.032469 -0.242685 0.32935 -0.02274 -0.242685 0.32935 0.03074 -0.242628 0.32435 -0.022855 -0.242628 0.32435 0.030855 -0.241161 0.21335 0.0569599 -0.241161 0.27585 -0.04896 -0.241161 0.32435 -0.04896 -0.241161 0.32435 0.0569599 -0.241048 0.20435 -0.023441 -0.241048 0.21335 -0.023441 -0.240511 0.33035 -0.021016 -0.240511 0.33035 0.029016 -0.240207 0.32935 -0.0215071 -0.240207 0.32935 0.029507 -0.238101 0.20435 0.029616 -0.238101 0.21335 0.029616 -0.237998 0.32935 -0.019838 -0.237998 0.32935 0.027838 -0.237921 0.32435 -0.019941 -0.237921 0.32435 0.027941 -0.23626 0.20435 -0.020226 -0.23626 0.21335 -0.020226 -0.236178 0.33035 -0.017744 -0.236178 0.33035 0.025744 -0.235789 0.32935 -0.01817 -0.235789 0.32935 0.02617 -0.234088 0.21335 0.054447 -0.234088 0.27585 -0.0464469 -0.234088 0.32435 -0.0464469 -0.234088 0.32435 0.054447 -0.233924 0.32935 -0.0161251 -0.233924 0.32935 0.0241249 -0.23383 0.32435 -0.016211 -0.23383 0.32435 0.024211 -0.233698 0.20435 0.025891 -0.233698 0.21335 0.025891 -0.23252 0.33035 -0.013731 -0.23252 0.33035 0.021731 -0.232145 0.20435 -0.016187 -0.232145 0.21335 -0.016187 -0.232059 0.32935 -0.014079 -0.232059 0.32935 0.022079 -0.230994 0.21235 -0.058 -0.230994 0.21335 -0.059 -0.230994 0.27485 -0.059 -0.230994 0.27585 -0.058 -0.230602 0.32935 -0.0117261 -0.230602 0.32935 0.0197259 -0.230493 0.32435 -0.011793 -0.230493 0.32435 0.019793 -0.230056 0.20435 0.02142 -0.230056 0.21335 0.02142 -0.229662 0.33035 -0.00911502 -0.229662 0.33035 0.017115 -0.229145 0.32935 -0.00937203 -0.229145 0.32935 0.017372 -0.228842 0.20435 -0.011459 -0.228842 0.21335 -0.011459 -0.228772 0.21235 -0.0577499 -0.228772 0.27585 -0.0577499 -0.228549 0.21335 -0.058725 -0.228549 0.27485 -0.058725 -0.228145 0.32935 -0.00679103 -0.228145 0.32935 0.014791 -0.228026 0.32435 -0.00683705 -0.228026 0.32435 0.014837 -0.227701 0.33035 -0.00405202 -0.227701 0.33035 0.012052 -0.227423 0.21335 0.050993 -0.227423 0.27585 -0.042993 -0.227423 0.32435 -0.042993 -0.227423 0.32435 0.050993 -0.227297 0.20435 0.016356 -0.227297 0.21335 0.016356 -0.227145 0.32935 -0.00421003 -0.227145 0.32935 0.01221 -0.226703 0.33035 0.00128498 -0.226703 0.33035 0.00671496 -0.22666 0.21235 -0.057012 -0.22666 0.27585 -0.057012 -0.226637 0.32935 -0.00148902 -0.226637 0.32935 0.00948896 -0.226511 0.32435 -0.00151203 -0.226511 0.32435 0.00951197 -0.226464 0.20435 -0.00620601 -0.226464 0.21335 -0.00620601 -0.226227 0.21335 -0.057913 -0.226227 0.27485 -0.057913 -0.226128 0.32935 0.00123199 -0.226128 0.32935 0.00676795 -0.226 0.32435 0.00399997 -0.226 0.32935 0.00399997 -0.225515 0.20435 0.010872 -0.225515 0.21335 0.010872 -0.225091 0.20435 -0.000605019 -0.225091 0.21335 -0.000605019 -0.224771 0.20435 0.00515296 -0.224771 0.21335 0.00515296 -0.22475 0.21335 0.00399997 -0.2239 0.21235 -0.038 -0.2239 0.21335 -0.037 -0.221597 0.21335 -0.0366969 -0.221338 0.21235 -0.037663 -0.22129 0.21335 0.046664 -0.22129 0.27585 -0.038664 -0.22129 0.32435 -0.038664 -0.22129 0.32435 0.046664 -0.220003 0.21235 -0.0533369 -0.220003 0.27585 -0.0533369 -0.219471 0.21335 -0.054184 -0.219471 0.27485 -0.054184 -0.21945 0.21335 -0.035808 -0.21895 0.21235 -0.036674 -0.218371 0.21335 0.044113 -0.218371 0.27485 0.044113 -0.217607 0.21335 -0.034393 -0.217082 0.274979 0.042864 -0.2169 0.21235 -0.0351 -0.216192 0.21335 -0.0325499 -0.215868 0.275348 0.041608 -0.215805 0.275379 0.04154 -0.215804 0.27585 -0.03354 -0.215804 0.32435 -0.03354 -0.215804 0.32435 0.04154 -0.215613 0.27485 0.042036 -0.215558 0.21335 0.042004 -0.215555 0.27485 0.04201 -0.215326 0.21235 -0.03305 -0.215303 0.21335 -0.030403 -0.215 0.21335 -0.0281 -0.215 0.21335 0.029 -0.214846 0.27585 0.040488 -0.214625 0.21335 0.031847 -0.214337 0.21235 -0.030662 -0.214 0.21235 -0.0281 -0.214 0.21235 0.029 -0.2138 0.21235 -0.0489379 -0.2138 0.27585 -0.0489379 -0.213659 0.21235 0.031588 -0.213526 0.21335 0.0345 -0.213176 0.21335 -0.04972 -0.213176 0.27485 -0.04972 -0.212704 0.27585 0.039623 -0.21266 0.21235 0.034 -0.212393 0.27485 0.040573 -0.212353 0.21335 0.04056 -0.212352 0.27485 0.040565 -0.211778 0.21335 0.036778 -0.211071 0.21235 0.036071 -0.211067 0.27585 -0.027717 -0.211067 0.27585 0.035717 -0.211067 0.32435 -0.027717 -0.211067 0.32435 0.035717 -0.2095 0.21335 0.038526 -0.209025 0.27585 0.038858 -0.209 0.21235 0.03766 -0.208931 0.27485 0.039853 -0.20891 0.27485 0.039853 -0.20891 0.21335 0.039851 -0.208129 0.21235 -0.0438709 -0.208129 0.27585 -0.0438709 -0.207422 0.21335 -0.044578 -0.207422 0.27485 -0.044578 -0.207166 0.27585 -0.021304 -0.207166 0.27585 0.029304 -0.207166 0.32435 -0.021304 -0.207166 0.32435 0.029304 -0.206847 0.21335 0.039625 -0.206588 0.21235 0.038659 -0.205395 0.21335 0.039911 -0.205395 0.27485 0.039911 -0.205268 0.27585 0.038919 -0.204176 0.27585 -0.014418 -0.204176 0.27585 0.022418 -0.204176 0.32435 -0.014418 -0.204176 0.32435 0.022418 -0.204 0.21235 0.039 -0.204 0.21335 0.04 -0.203062 0.21235 -0.0382 -0.203062 0.27585 -0.0382 -0.202848 0.27585 0.038933 -0.202745 0.21335 0.039835 -0.202733 0.27485 0.039927 -0.20228 0.21335 -0.038824 -0.20228 0.27485 -0.038824 -0.20215 0.27585 -0.00719002 -0.20215 0.27585 0.01519 -0.20215 0.32435 -0.00719002 -0.20215 0.32435 0.01519 -0.201412 0.21235 0.038659 -0.201153 0.21335 0.039625 -0.201128 0.27585 0.000246972 -0.201128 0.27585 0.00775298 -0.201128 0.32435 0.000246972 -0.201128 0.32435 0.00775298 -0.200496 0.27585 0.038366 -0.200179 0.21335 0.039222 -0.200146 0.27485 0.039303 -0.199 0.21235 0.03766 -0.198663 0.21235 -0.031997 -0.198663 0.27585 -0.031997 -0.1985 0.21335 0.038526 -0.198349 0.27585 0.03725 -0.197832 0.21335 0.038013 -0.197816 0.21335 -0.032529 -0.197816 0.27485 -0.032529 -0.197784 0.27485 0.038075 -0.196929 0.21235 0.036071 -0.196533 0.27585 0.035652 -0.196222 0.21335 0.036778 -0.195837 0.21335 0.036277 -0.195786 0.27485 0.036317 -0.19534 0.21235 0.034 -0.195154 0.27585 0.033663 -0.194988 0.21235 -0.0253401 -0.194988 0.27585 -0.0253401 -0.194474 0.21335 0.0345 -0.194341 0.21235 0.031588 -0.194313 0.21335 0.034112 -0.194293 0.27585 0.031402 -0.194269 0.27485 0.03413 -0.19425 0.21235 -0.023228 -0.19425 0.27585 -0.023228 -0.194087 0.21335 -0.025773 -0.194087 0.27485 -0.025773 -0.194 0.21235 -0.021006 -0.194 0.21235 0.029 -0.194 0.27585 -0.021006 -0.194 0.27585 0.029 -0.193375 0.21335 0.031847 -0.193347 0.21335 0.0316389 -0.193322 0.27485 0.031642 -0.193275 0.21335 -0.023451 -0.193275 0.27485 -0.023451 -0.193 0.21335 -0.021006 -0.193 0.21335 0.029 -0.193 0.27485 -0.021006 -0.193 0.27485 0.029 0.193 -0.27485 -0.021006 0.193 -0.27485 0.029 0.193 -0.21335 -0.021006 0.193 -0.21335 0.029 0.193275 -0.27485 -0.023451 0.193275 -0.21335 -0.023451 0.193322 -0.27485 0.031642 0.193347 -0.21335 0.0316389 0.193375 -0.21335 0.031847 0.194 -0.27585 -0.021006 0.194 -0.27585 0.029 0.194 -0.21235 -0.021006 0.194 -0.21235 0.029 0.194087 -0.27485 -0.025773 0.194087 -0.21335 -0.025773 0.19425 -0.27585 -0.023228 0.19425 -0.21235 -0.023228 0.194269 -0.27485 0.03413 0.194293 -0.27585 0.031402 0.194313 -0.21335 0.034112 0.194341 -0.21235 0.031588 0.194474 -0.21335 0.0345 0.194988 -0.27585 -0.0253401 0.194988 -0.21235 -0.0253401 0.195154 -0.27585 0.033663 0.19534 -0.21235 0.034 0.195786 -0.27485 0.036317 0.195837 -0.21335 0.036277 0.196222 -0.21335 0.036778 0.196533 -0.27585 0.035652 0.196929 -0.21235 0.036071 0.197784 -0.27485 0.038075 0.197816 -0.27485 -0.032529 0.197816 -0.21335 -0.032529 0.197832 -0.21335 0.038013 0.198349 -0.27585 0.03725 0.1985 -0.21335 0.038526 0.198663 -0.27585 -0.031997 0.198663 -0.21235 -0.031997 0.199 -0.21235 0.03766 0.200146 -0.27485 0.039303 0.200179 -0.21335 0.039222 0.200496 -0.27585 0.038366 0.201128 -0.32435 0.000246972 0.201128 -0.32435 0.00775298 0.201128 -0.27585 0.000246972 0.201128 -0.27585 0.00775298 0.201153 -0.21335 0.039625 0.201412 -0.21235 0.038659 0.20215 -0.32435 -0.00719002 0.20215 -0.32435 0.01519 0.20215 -0.27585 -0.00719002 0.20215 -0.27585 0.01519 0.20228 -0.27485 -0.038824 0.20228 -0.21335 -0.038824 0.202733 -0.27485 0.039927 0.202745 -0.21335 0.039835 0.202848 -0.27585 0.038933 0.203062 -0.27585 -0.0382 0.203062 -0.21235 -0.0382 0.204 -0.21335 0.04 0.204 -0.21235 0.039 0.204176 -0.32435 -0.014418 0.204176 -0.32435 0.022418 0.204176 -0.27585 -0.014418 0.204176 -0.27585 0.022418 0.205268 -0.27585 0.038919 0.205395 -0.27485 0.039911 0.205395 -0.21335 0.039911 0.206588 -0.21235 0.038659 0.206847 -0.21335 0.039625 0.207166 -0.32435 -0.021304 0.207166 -0.32435 0.029304 0.207166 -0.27585 -0.021304 0.207166 -0.27585 0.029304 0.207422 -0.27485 -0.044578 0.207422 -0.21335 -0.044578 0.208129 -0.27585 -0.0438709 0.208129 -0.21235 -0.0438709 0.20891 -0.21335 0.039851 0.20891 -0.27485 0.039853 0.208931 -0.27485 0.039853 0.209 -0.21235 0.03766 0.209025 -0.27585 0.038858 0.2095 -0.21335 0.038526 0.211067 -0.32435 -0.027717 0.211067 -0.32435 0.035717 0.211067 -0.27585 -0.027717 0.211067 -0.27585 0.035717 0.211071 -0.21235 0.036071 0.211778 -0.21335 0.036778 0.212352 -0.27485 0.040565 0.212353 -0.21335 0.04056 0.212393 -0.27485 0.040573 0.21266 -0.21235 0.034 0.212704 -0.27585 0.039623 0.213176 -0.27485 -0.04972 0.213176 -0.21335 -0.04972 0.213526 -0.21335 0.0345 0.213659 -0.21235 0.031588 0.2138 -0.27585 -0.0489379 0.2138 -0.21235 -0.0489379 0.214 -0.21235 -0.0281 0.214 -0.21235 0.029 0.214337 -0.21235 -0.030662 0.214625 -0.21335 0.031847 0.214846 -0.27585 0.040488 0.215 -0.21335 -0.0281 0.215 -0.21335 0.029 0.215303 -0.21335 -0.030403 0.215326 -0.21235 -0.03305 0.215555 -0.27485 0.04201 0.215558 -0.21335 0.042004 0.215613 -0.27485 0.042036 0.215804 -0.32435 -0.03354 0.215804 -0.32435 0.04154 0.215804 -0.27585 -0.03354 0.215805 -0.275379 0.04154 0.215868 -0.275348 0.041608 0.216192 -0.21335 -0.0325499 0.2169 -0.21235 -0.0351 0.217082 -0.274979 0.042864 0.217607 -0.21335 -0.034393 0.218371 -0.27485 0.044113 0.218371 -0.21335 0.044113 0.21895 -0.21235 -0.036674 0.21945 -0.21335 -0.035808 0.219471 -0.27485 -0.054184 0.219471 -0.21335 -0.054184 0.220003 -0.27585 -0.0533369 0.220003 -0.21235 -0.0533369 0.22129 -0.32435 -0.038664 0.22129 -0.32435 0.046664 0.22129 -0.27585 -0.038664 0.22129 -0.21335 0.046664 0.221338 -0.21235 -0.037663 0.221597 -0.21335 -0.0366969 0.2239 -0.21335 -0.037 0.2239 -0.21235 -0.038 0.22475 -0.21335 0.00399997 0.224771 -0.21335 0.00515296 0.224771 -0.20435 0.00515296 0.225091 -0.21335 -0.000605019 0.225091 -0.20435 -0.000605019 0.225515 -0.21335 0.010872 0.225515 -0.20435 0.010872 0.226 -0.32935 0.00399997 0.226 -0.32435 0.00399997 0.226128 -0.32935 0.00123199 0.226128 -0.32935 0.00676795 0.226227 -0.27485 -0.057913 0.226227 -0.21335 -0.057913 0.226464 -0.21335 -0.00620601 0.226464 -0.20435 -0.00620601 0.226511 -0.32435 -0.00151203 0.226511 -0.32435 0.00951197 0.226637 -0.32935 -0.00148902 0.226637 -0.32935 0.00948896 0.22666 -0.27585 -0.057012 0.22666 -0.21235 -0.057012 0.226703 -0.33035 0.00128498 0.226703 -0.33035 0.00671496 0.227145 -0.32935 -0.00421003 0.227145 -0.32935 0.01221 0.227297 -0.21335 0.016356 0.227297 -0.20435 0.016356 0.227423 -0.32435 -0.042993 0.227423 -0.32435 0.050993 0.227423 -0.27585 -0.042993 0.227423 -0.21335 0.050993 0.227701 -0.33035 -0.00405202 0.227701 -0.33035 0.012052 0.228026 -0.32435 -0.00683705 0.228026 -0.32435 0.014837 0.228145 -0.32935 -0.00679103 0.228145 -0.32935 0.014791 0.228549 -0.27485 -0.058725 0.228549 -0.21335 -0.058725 0.228772 -0.27585 -0.0577499 0.228772 -0.21235 -0.0577499 0.228842 -0.21335 -0.011459 0.228842 -0.20435 -0.011459 0.229145 -0.32935 -0.00937203 0.229145 -0.32935 0.017372 0.229662 -0.33035 -0.00911502 0.229662 -0.33035 0.017115 0.230056 -0.21335 0.02142 0.230056 -0.20435 0.02142 0.230493 -0.32435 -0.011793 0.230493 -0.32435 0.019793 0.230602 -0.32935 -0.0117261 0.230602 -0.32935 0.0197259 0.230994 -0.27585 -0.058 0.230994 -0.27485 -0.059 0.230994 -0.21335 -0.059 0.230994 -0.21235 -0.058 0.232059 -0.32935 -0.014079 0.232059 -0.32935 0.022079 0.232145 -0.21335 -0.016187 0.232145 -0.20435 -0.016187 0.23252 -0.33035 -0.013731 0.23252 -0.33035 0.021731 0.233698 -0.21335 0.025891 0.233698 -0.20435 0.025891 0.23383 -0.32435 -0.016211 0.23383 -0.32435 0.024211 0.233924 -0.32935 -0.0161251 0.233924 -0.32935 0.0241249 0.234088 -0.32435 -0.0464469 0.234088 -0.32435 0.054447 0.234088 -0.27585 -0.0464469 0.234088 -0.21335 0.054447 0.235789 -0.32935 -0.01817 0.235789 -0.32935 0.02617 0.236178 -0.33035 -0.017744 0.236178 -0.33035 0.025744 0.23626 -0.21335 -0.020226 0.23626 -0.20435 -0.020226 0.237921 -0.32435 -0.019941 0.237921 -0.32435 0.027941 0.237998 -0.32935 -0.019838 0.237998 -0.32935 0.027838 0.238101 -0.21335 0.029616 0.238101 -0.20435 0.029616 0.240207 -0.32935 -0.0215071 0.240207 -0.32935 0.029507 0.240511 -0.33035 -0.021016 0.240511 -0.33035 0.029016 0.241048 -0.21335 -0.023441 0.241048 -0.20435 -0.023441 0.241161 -0.32435 -0.04896 0.241161 -0.32435 0.0569599 0.241161 -0.27585 -0.04896 0.241161 -0.21335 0.0569599 0.242628 -0.32435 -0.022855 0.242628 -0.32435 0.030855 0.242685 -0.32935 -0.02274 0.242685 -0.32935 0.03074 0.243112 -0.21335 0.032469 0.243112 -0.20435 0.032469 0.245163 -0.32935 -0.023974 0.245163 -0.32935 0.031974 0.245371 -0.33035 -0.023436 0.245371 -0.33035 0.031436 0.246345 -0.21335 -0.025721 0.246345 -0.20435 -0.025721 0.24779 -0.32435 -0.024855 0.24779 -0.32435 0.032855 0.247825 -0.32935 -0.024732 0.247825 -0.32935 0.032732 0.248511 -0.32435 -0.050488 0.248511 -0.32435 0.058488 0.248511 -0.27585 -0.050488 0.248511 -0.21335 0.058488 0.248563 -0.21335 0.034352 0.248563 -0.20435 0.034352 0.250488 -0.32935 -0.025489 0.250488 -0.32935 0.033489 0.250594 -0.33035 -0.024922 0.250594 -0.33035 0.032922 0.25197 -0.21335 -0.026989 0.25197 -0.20435 -0.026989 0.253232 -0.32435 -0.025872 0.253232 -0.32435 0.033872 0.253244 -0.32935 -0.025745 0.253244 -0.32935 0.033745 0.254267 -0.21335 0.035202 0.254267 -0.20435 0.035202 0.256 -0.33035 -0.025423 0.256 -0.33035 0.033423 0.256 -0.32935 -0.0260001 0.256 -0.32935 0.034 0.256 -0.32435 -0.051 0.256 -0.32435 0.059 0.256 -0.27585 -0.051 0.256 -0.21335 0.059 0.256 -0.20435 0.00399997 0.256 -0.20435 0.03525 0.257733 -0.21335 -0.027202 0.257733 -0.20435 -0.027202 0.258756 -0.32935 -0.025745 0.258756 -0.32935 0.033745 0.258768 -0.32435 -0.025872 0.258768 -0.32435 0.033872 0.26003 -0.21335 0.034989 0.26003 -0.20435 0.034989 0.261406 -0.33035 -0.024922 0.261406 -0.33035 0.032922 0.261512 -0.32935 -0.025489 0.261512 -0.32935 0.033489 0.263437 -0.21335 -0.026352 0.263437 -0.20435 -0.026352 0.263489 -0.32435 -0.050488 0.263489 -0.32435 0.058488 0.263489 -0.27585 -0.050488 0.263489 -0.21335 0.058488 0.264175 -0.32935 -0.024732 0.264175 -0.32935 0.032732 0.26421 -0.32435 -0.024855 0.26421 -0.32435 0.032855 0.265655 -0.21335 0.033721 0.265655 -0.20435 0.033721 0.266629 -0.33035 -0.023436 0.266629 -0.33035 0.031436 0.266837 -0.32935 -0.023974 0.266837 -0.32935 0.031974 0.268888 -0.21335 -0.024469 0.268888 -0.20435 -0.024469 0.269315 -0.32935 -0.02274 0.269315 -0.32935 0.03074 0.269372 -0.32435 -0.022855 0.269372 -0.32435 0.030855 0.270839 -0.32435 -0.04896 0.270839 -0.32435 0.0569599 0.270839 -0.27585 -0.04896 0.270839 -0.21335 0.0569599 0.270952 -0.21335 0.031441 0.270952 -0.20435 0.031441 0.271489 -0.33035 -0.021016 0.271489 -0.33035 0.029016 0.271793 -0.32935 -0.0215071 0.271793 -0.32935 0.029507 0.273899 -0.21335 -0.021616 0.273899 -0.20435 -0.021616 0.274002 -0.32935 -0.019838 0.274002 -0.32935 0.027838 0.274079 -0.32435 -0.019941 0.274079 -0.32435 0.027941 0.27574 -0.21335 0.028226 0.27574 -0.20435 0.028226 0.275822 -0.33035 -0.017744 0.275822 -0.33035 0.025744 0.276211 -0.32935 -0.01817 0.276211 -0.32935 0.02617 0.277912 -0.32435 -0.0464469 0.277912 -0.32435 0.054447 0.277912 -0.27585 -0.0464469 0.277912 -0.21335 0.054447 0.278076 -0.32935 -0.0161251 0.278076 -0.32935 0.0241249 0.27817 -0.32435 -0.016211 0.27817 -0.32435 0.024211 0.278302 -0.21335 -0.017891 0.278302 -0.20435 -0.017891 0.27948 -0.33035 -0.013731 0.27948 -0.33035 0.021731 0.279855 -0.21335 0.024187 0.279855 -0.20435 0.024187 0.279941 -0.32935 -0.014079 0.279941 -0.32935 0.022079 0.281006 -0.27585 -0.058 0.281006 -0.27485 -0.059 0.281006 -0.21335 -0.059 0.281006 -0.21235 -0.058 0.281398 -0.32935 -0.0117261 0.281398 -0.32935 0.0197259 0.281507 -0.32435 -0.011793 0.281507 -0.32435 0.019793 0.281944 -0.21335 -0.01342 0.281944 -0.20435 -0.01342 0.282338 -0.33035 -0.00911502 0.282338 -0.33035 0.017115 0.282855 -0.32935 -0.00937203 0.282855 -0.32935 0.017372 0.283158 -0.21335 0.019459 0.283158 -0.20435 0.019459 0.283228 -0.27585 -0.0577499 0.283228 -0.21235 -0.0577499 0.283451 -0.27485 -0.058725 0.283451 -0.21335 -0.058725 0.283855 -0.32935 -0.00679103 0.283855 -0.32935 0.014791 0.283974 -0.32435 -0.00683705 0.283974 -0.32435 0.014837 0.284299 -0.33035 -0.00405202 0.284299 -0.33035 0.012052 0.284577 -0.32435 -0.042993 0.284577 -0.32435 0.050993 0.284577 -0.27585 -0.042993 0.284577 -0.21335 0.050993 0.284703 -0.21335 -0.00835601 0.284703 -0.20435 -0.00835601 0.284855 -0.32935 -0.00421003 0.284855 -0.32935 0.01221 0.285297 -0.33035 0.00128498 0.285297 -0.33035 0.00671496 0.28534 -0.27585 -0.057012 0.28534 -0.21235 -0.057012 0.285363 -0.32935 -0.00148902 0.285363 -0.32935 0.00948896 0.285489 -0.32435 -0.00151203 0.285489 -0.32435 0.00951197 0.285536 -0.21335 0.014206 0.285536 -0.20435 0.014206 0.285773 -0.27485 -0.057913 0.285773 -0.21335 -0.057913 0.285872 -0.32935 0.00123199 0.285872 -0.32935 0.00676795 0.286 -0.32935 0.00399997 0.286 -0.32435 0.00399997 0.286485 -0.21335 -0.00287203 0.286485 -0.20435 -0.00287203 0.286909 -0.21335 0.00860497 0.286909 -0.20435 0.00860497 0.287229 -0.21335 0.00284698 0.287229 -0.20435 0.00284698 0.2881 -0.21335 -0.037 0.2881 -0.21235 -0.038 0.290403 -0.21335 -0.0366969 0.290662 -0.21235 -0.037663 0.29071 -0.32435 -0.038664 0.29071 -0.32435 0.046664 0.29071 -0.27585 -0.038664 0.29071 -0.21335 0.046664 0.291997 -0.27585 -0.0533369 0.291997 -0.21235 -0.0533369 0.292529 -0.27485 -0.054184 0.292529 -0.21335 -0.054184 0.29255 -0.21335 -0.035808 0.29305 -0.21235 -0.036674 0.293629 -0.27485 0.044113 0.293629 -0.21335 0.044113 0.294393 -0.21335 -0.034393 0.294918 -0.274979 0.042864 0.2951 -0.21235 -0.0351 0.295808 -0.21335 -0.0325499 0.296132 -0.275348 0.041608 0.296195 -0.275379 0.04154 0.296196 -0.32435 -0.03354 0.296196 -0.32435 0.04154 0.296196 -0.27585 -0.03354 0.296387 -0.27485 0.042036 0.296442 -0.21335 0.042004 0.296445 -0.27485 0.04201 0.296674 -0.21235 -0.03305 0.296697 -0.21335 -0.030403 0.297 -0.21335 -0.0281 0.297 -0.21335 0.029 0.297154 -0.27585 0.040488 0.297375 -0.21335 0.031847 0.297663 -0.21235 -0.030662 0.298 -0.21235 -0.0281 0.298 -0.21235 0.029 0.2982 -0.27585 -0.0489379 0.2982 -0.21235 -0.0489379 0.298341 -0.21235 0.031588 0.298474 -0.21335 0.0345 0.298824 -0.27485 -0.04972 0.298824 -0.21335 -0.04972 0.299296 -0.27585 0.039623 0.29934 -0.21235 0.034 0.299607 -0.27485 0.040573 0.299647 -0.21335 0.04056 0.299648 -0.27485 0.040565 0.300222 -0.21335 0.036778 0.300929 -0.21235 0.036071 0.300933 -0.32435 -0.027717 0.300933 -0.32435 0.035717 0.300933 -0.27585 -0.027717 0.300933 -0.27585 0.035717 0.3025 -0.21335 0.038526 0.302975 -0.27585 0.038858 0.303 -0.21235 0.03766 0.303069 -0.27485 0.039853 0.30309 -0.27485 0.039853 0.30309 -0.21335 0.039851 0.303871 -0.27585 -0.0438709 0.303871 -0.21235 -0.0438709 0.304578 -0.27485 -0.044578 0.304578 -0.21335 -0.044578 0.304834 -0.32435 -0.021304 0.304834 -0.32435 0.029304 0.304834 -0.27585 -0.021304 0.304834 -0.27585 0.029304 0.305153 -0.21335 0.039625 0.305412 -0.21235 0.038659 0.306605 -0.27485 0.039911 0.306605 -0.21335 0.039911 0.306732 -0.27585 0.038919 0.307824 -0.32435 -0.014418 0.307824 -0.32435 0.022418 0.307824 -0.27585 -0.014418 0.307824 -0.27585 0.022418 0.308 -0.21335 0.04 0.308 -0.21235 0.039 0.308938 -0.27585 -0.0382 0.308938 -0.21235 -0.0382 0.309152 -0.27585 0.038933 0.309255 -0.21335 0.039835 0.309267 -0.27485 0.039927 0.30972 -0.27485 -0.038824 0.30972 -0.21335 -0.038824 0.30985 -0.32435 -0.00719002 0.30985 -0.32435 0.01519 0.30985 -0.27585 -0.00719002 0.30985 -0.27585 0.01519 0.310588 -0.21235 0.038659 0.310847 -0.21335 0.039625 0.310872 -0.32435 0.000246972 0.310872 -0.32435 0.00775298 0.310872 -0.27585 0.000246972 0.310872 -0.27585 0.00775298 0.311 -0.32435 0.00399997 0.311504 -0.27585 0.038366 0.311821 -0.21335 0.039222 0.311854 -0.27485 0.039303 0.313 -0.21235 0.03766 0.313337 -0.27585 -0.031997 0.313337 -0.21235 -0.031997 0.3135 -0.21335 0.038526 0.313651 -0.27585 0.03725 0.314168 -0.21335 0.038013 0.314184 -0.27485 -0.032529 0.314184 -0.21335 -0.032529 0.314216 -0.27485 0.038075 0.315071 -0.21235 0.036071 0.315467 -0.27585 0.035652 0.315778 -0.21335 0.036778 0.316163 -0.21335 0.036277 0.316214 -0.27485 0.036317 0.31666 -0.21235 0.034 0.316846 -0.27585 0.033663 0.317012 -0.27585 -0.0253401 0.317012 -0.21235 -0.0253401 0.317526 -0.21335 0.0345 0.317659 -0.21235 0.031588 0.317687 -0.21335 0.034112 0.317707 -0.27585 0.031402 0.317731 -0.27485 0.03413 0.31775 -0.27585 -0.023228 0.31775 -0.21235 -0.023228 0.317913 -0.27485 -0.025773 0.317913 -0.21335 -0.025773 0.318 -0.27585 -0.021006 0.318 -0.27585 0.029 0.318 -0.21235 -0.021006 0.318 -0.21235 0.029 0.318625 -0.21335 0.031847 0.318653 -0.21335 0.0316389 0.318678 -0.27485 0.031642 0.318725 -0.27485 -0.023451 0.318725 -0.21335 -0.023451 0.319 -0.27485 -0.021006 0.319 -0.27485 0.029 0.319 -0.21335 -0.021006 0.319 -0.21335 0.029 -0.319 -0.27485 -0.021006 -0.319 -0.27485 0.029 -0.319 -0.21335 -0.021006 -0.319 -0.21335 0.029 -0.318725 -0.27485 -0.023451 -0.318725 -0.21335 -0.023451 -0.318678 -0.27485 0.031642 -0.318653 -0.21335 0.0316389 -0.318625 -0.21335 0.031847 -0.318 -0.27585 -0.021006 -0.318 -0.27585 0.029 -0.318 -0.21235 -0.021006 -0.318 -0.21235 0.029 -0.317913 -0.27485 -0.025773 -0.317913 -0.21335 -0.025773 -0.31775 -0.27585 -0.023228 -0.31775 -0.21235 -0.023228 -0.317731 -0.27485 0.03413 -0.317707 -0.27585 0.031402 -0.317687 -0.21335 0.034112 -0.317659 -0.21235 0.031588 -0.317526 -0.21335 0.0345 -0.317012 -0.27585 -0.0253401 -0.317012 -0.21235 -0.0253401 -0.316846 -0.27585 0.033663 -0.31666 -0.21235 0.034 -0.316214 -0.27485 0.036317 -0.316163 -0.21335 0.036277 -0.315778 -0.21335 0.036778 -0.315467 -0.27585 0.035652 -0.315071 -0.21235 0.036071 -0.314216 -0.27485 0.038075 -0.314184 -0.27485 -0.032529 -0.314184 -0.21335 -0.032529 -0.314168 -0.21335 0.038013 -0.313651 -0.27585 0.03725 -0.3135 -0.21335 0.038526 -0.313337 -0.27585 -0.031997 -0.313337 -0.21235 -0.031997 -0.313 -0.21235 0.03766 -0.311854 -0.27485 0.039303 -0.311821 -0.21335 0.039222 -0.311504 -0.27585 0.038366 -0.310872 -0.32435 0.000246972 -0.310872 -0.32435 0.00775298 -0.310872 -0.27585 0.000246972 -0.310872 -0.27585 0.00775298 -0.310847 -0.21335 0.039625 -0.310588 -0.21235 0.038659 -0.30985 -0.32435 -0.00719002 -0.30985 -0.32435 0.01519 -0.30985 -0.27585 -0.00719002 -0.30985 -0.27585 0.01519 -0.30972 -0.27485 -0.038824 -0.30972 -0.21335 -0.038824 -0.309267 -0.27485 0.039927 -0.309255 -0.21335 0.039835 -0.309152 -0.27585 0.038933 -0.308938 -0.27585 -0.0382 -0.308938 -0.21235 -0.0382 -0.308 -0.21335 0.04 -0.308 -0.21235 0.039 -0.307824 -0.32435 -0.014418 -0.307824 -0.32435 0.022418 -0.307824 -0.27585 -0.014418 -0.307824 -0.27585 0.022418 -0.306732 -0.27585 0.038919 -0.306605 -0.27485 0.039911 -0.306605 -0.21335 0.039911 -0.305412 -0.21235 0.038659 -0.305153 -0.21335 0.039625 -0.304834 -0.32435 -0.021304 -0.304834 -0.32435 0.029304 -0.304834 -0.27585 -0.021304 -0.304834 -0.27585 0.029304 -0.304578 -0.27485 -0.044578 -0.304578 -0.21335 -0.044578 -0.303871 -0.27585 -0.0438709 -0.303871 -0.21235 -0.0438709 -0.30309 -0.21335 0.039851 -0.30309 -0.27485 0.039853 -0.303069 -0.27485 0.039853 -0.303 -0.21235 0.03766 -0.302975 -0.27585 0.038858 -0.3025 -0.21335 0.038526 -0.300933 -0.32435 -0.027717 -0.300933 -0.32435 0.035717 -0.300933 -0.27585 -0.027717 -0.300933 -0.27585 0.035717 -0.300929 -0.21235 0.036071 -0.300222 -0.21335 0.036778 -0.299648 -0.27485 0.040565 -0.299647 -0.21335 0.04056 -0.299607 -0.27485 0.040573 -0.29934 -0.21235 0.034 -0.299296 -0.27585 0.039623 -0.298824 -0.27485 -0.04972 -0.298824 -0.21335 -0.04972 -0.298474 -0.21335 0.0345 -0.298341 -0.21235 0.031588 -0.2982 -0.27585 -0.0489379 -0.2982 -0.21235 -0.0489379 -0.298 -0.21235 -0.0281 -0.298 -0.21235 0.029 -0.297663 -0.21235 -0.030662 -0.297375 -0.21335 0.031847 -0.297154 -0.27585 0.040488 -0.297 -0.21335 -0.0281 -0.297 -0.21335 0.029 -0.296697 -0.21335 -0.030403 -0.296674 -0.21235 -0.03305 -0.296445 -0.27485 0.04201 -0.296442 -0.21335 0.042004 -0.296387 -0.27485 0.042036 -0.296196 -0.32435 -0.03354 -0.296196 -0.32435 0.04154 -0.296196 -0.27585 -0.03354 -0.296195 -0.275379 0.04154 -0.296132 -0.275348 0.041608 -0.295808 -0.21335 -0.0325499 -0.2951 -0.21235 -0.0351 -0.294918 -0.274979 0.042864 -0.294393 -0.21335 -0.034393 -0.293629 -0.27485 0.044113 -0.293629 -0.21335 0.044113 -0.29305 -0.21235 -0.036674 -0.29255 -0.21335 -0.035808 -0.292529 -0.27485 -0.054184 -0.292529 -0.21335 -0.054184 -0.291997 -0.27585 -0.0533369 -0.291997 -0.21235 -0.0533369 -0.29071 -0.32435 -0.038664 -0.29071 -0.32435 0.046664 -0.29071 -0.27585 -0.038664 -0.29071 -0.21335 0.046664 -0.290662 -0.21235 -0.037663 -0.290403 -0.21335 -0.0366969 -0.2881 -0.21335 -0.037 -0.2881 -0.21235 -0.038 -0.28725 -0.21335 0.00399997 -0.287229 -0.21335 0.00515296 -0.287229 -0.20435 0.00515296 -0.286909 -0.21335 -0.000605019 -0.286909 -0.20435 -0.000605019 -0.286485 -0.21335 0.010872 -0.286485 -0.20435 0.010872 -0.286 -0.32935 0.00399997 -0.286 -0.32435 0.00399997 -0.285872 -0.32935 0.00123199 -0.285872 -0.32935 0.00676795 -0.285773 -0.27485 -0.057913 -0.285773 -0.21335 -0.057913 -0.285536 -0.21335 -0.00620601 -0.285536 -0.20435 -0.00620601 -0.285489 -0.32435 -0.00151203 -0.285489 -0.32435 0.00951197 -0.285363 -0.32935 -0.00148902 -0.285363 -0.32935 0.00948896 -0.28534 -0.27585 -0.057012 -0.28534 -0.21235 -0.057012 -0.285297 -0.33035 0.00128498 -0.285297 -0.33035 0.00671496 -0.284855 -0.32935 -0.00421003 -0.284855 -0.32935 0.01221 -0.284703 -0.21335 0.016356 -0.284703 -0.20435 0.016356 -0.284577 -0.32435 -0.042993 -0.284577 -0.32435 0.050993 -0.284577 -0.27585 -0.042993 -0.284577 -0.21335 0.050993 -0.284299 -0.33035 -0.00405202 -0.284299 -0.33035 0.012052 -0.283974 -0.32435 -0.00683705 -0.283974 -0.32435 0.014837 -0.283855 -0.32935 -0.00679103 -0.283855 -0.32935 0.014791 -0.283451 -0.27485 -0.058725 -0.283451 -0.21335 -0.058725 -0.283228 -0.27585 -0.0577499 -0.283228 -0.21235 -0.0577499 -0.283158 -0.21335 -0.011459 -0.283158 -0.20435 -0.011459 -0.282855 -0.32935 -0.00937203 -0.282855 -0.32935 0.017372 -0.282338 -0.33035 -0.00911502 -0.282338 -0.33035 0.017115 -0.281944 -0.21335 0.02142 -0.281944 -0.20435 0.02142 -0.281507 -0.32435 -0.011793 -0.281507 -0.32435 0.019793 -0.281398 -0.32935 -0.0117261 -0.281398 -0.32935 0.0197259 -0.281006 -0.27585 -0.058 -0.281006 -0.27485 -0.059 -0.281006 -0.21335 -0.059 -0.281006 -0.21235 -0.058 -0.279941 -0.32935 -0.014079 -0.279941 -0.32935 0.022079 -0.279855 -0.21335 -0.016187 -0.279855 -0.20435 -0.016187 -0.27948 -0.33035 -0.013731 -0.27948 -0.33035 0.021731 -0.278302 -0.21335 0.025891 -0.278302 -0.20435 0.025891 -0.27817 -0.32435 -0.016211 -0.27817 -0.32435 0.024211 -0.278076 -0.32935 -0.0161251 -0.278076 -0.32935 0.0241249 -0.277912 -0.32435 -0.0464469 -0.277912 -0.32435 0.054447 -0.277912 -0.27585 -0.0464469 -0.277912 -0.21335 0.054447 -0.276211 -0.32935 -0.01817 -0.276211 -0.32935 0.02617 -0.275822 -0.33035 -0.017744 -0.275822 -0.33035 0.025744 -0.27574 -0.21335 -0.020226 -0.27574 -0.20435 -0.020226 -0.274079 -0.32435 -0.019941 -0.274079 -0.32435 0.027941 -0.274002 -0.32935 -0.019838 -0.274002 -0.32935 0.027838 -0.273899 -0.21335 0.029616 -0.273899 -0.20435 0.029616 -0.271793 -0.32935 -0.0215071 -0.271793 -0.32935 0.029507 -0.271489 -0.33035 -0.021016 -0.271489 -0.33035 0.029016 -0.270952 -0.21335 -0.023441 -0.270952 -0.20435 -0.023441 -0.270839 -0.32435 -0.04896 -0.270839 -0.32435 0.0569599 -0.270839 -0.27585 -0.04896 -0.270839 -0.21335 0.0569599 -0.269372 -0.32435 -0.022855 -0.269372 -0.32435 0.030855 -0.269315 -0.32935 -0.02274 -0.269315 -0.32935 0.03074 -0.268888 -0.21335 0.032469 -0.268888 -0.20435 0.032469 -0.266837 -0.32935 -0.023974 -0.266837 -0.32935 0.031974 -0.266629 -0.33035 -0.023436 -0.266629 -0.33035 0.031436 -0.265655 -0.21335 -0.025721 -0.265655 -0.20435 -0.025721 -0.26421 -0.32435 -0.024855 -0.26421 -0.32435 0.032855 -0.264175 -0.32935 -0.024732 -0.264175 -0.32935 0.032732 -0.263489 -0.32435 -0.050488 -0.263489 -0.32435 0.058488 -0.263489 -0.27585 -0.050488 -0.263489 -0.21335 0.058488 -0.263437 -0.21335 0.034352 -0.263437 -0.20435 0.034352 -0.261512 -0.32935 -0.025489 -0.261512 -0.32935 0.033489 -0.261406 -0.33035 -0.024922 -0.261406 -0.33035 0.032922 -0.26003 -0.21335 -0.026989 -0.26003 -0.20435 -0.026989 -0.258768 -0.32435 -0.025872 -0.258768 -0.32435 0.033872 -0.258756 -0.32935 -0.025745 -0.258756 -0.32935 0.033745 -0.257733 -0.21335 0.035202 -0.257733 -0.20435 0.035202 -0.256 -0.33035 -0.025423 -0.256 -0.33035 0.033423 -0.256 -0.32935 -0.0260001 -0.256 -0.32935 0.034 -0.256 -0.32435 -0.051 -0.256 -0.32435 0.059 -0.256 -0.27585 -0.051 -0.256 -0.21335 0.059 -0.256 -0.20435 0.00399997 -0.256 -0.20435 0.03525 -0.254267 -0.21335 -0.027202 -0.254267 -0.20435 -0.027202 -0.253244 -0.32935 -0.025745 -0.253244 -0.32935 0.033745 -0.253232 -0.32435 -0.025872 -0.253232 -0.32435 0.033872 -0.25197 -0.21335 0.034989 -0.25197 -0.20435 0.034989 -0.250594 -0.33035 -0.024922 -0.250594 -0.33035 0.032922 -0.250488 -0.32935 -0.025489 -0.250488 -0.32935 0.033489 -0.248563 -0.21335 -0.026352 -0.248563 -0.20435 -0.026352 -0.248511 -0.32435 -0.050488 -0.248511 -0.32435 0.058488 -0.248511 -0.27585 -0.050488 -0.248511 -0.21335 0.058488 -0.247825 -0.32935 -0.024732 -0.247825 -0.32935 0.032732 -0.24779 -0.32435 -0.024855 -0.24779 -0.32435 0.032855 -0.246345 -0.21335 0.033721 -0.246345 -0.20435 0.033721 -0.245371 -0.33035 -0.023436 -0.245371 -0.33035 0.031436 -0.245163 -0.32935 -0.023974 -0.245163 -0.32935 0.031974 -0.243112 -0.21335 -0.024469 -0.243112 -0.20435 -0.024469 -0.242685 -0.32935 -0.02274 -0.242685 -0.32935 0.03074 -0.242628 -0.32435 -0.022855 -0.242628 -0.32435 0.030855 -0.241161 -0.32435 -0.04896 -0.241161 -0.32435 0.0569599 -0.241161 -0.27585 -0.04896 -0.241161 -0.21335 0.0569599 -0.241048 -0.21335 0.031441 -0.241048 -0.20435 0.031441 -0.240511 -0.33035 -0.021016 -0.240511 -0.33035 0.029016 -0.240207 -0.32935 -0.0215071 -0.240207 -0.32935 0.029507 -0.238101 -0.21335 -0.021616 -0.238101 -0.20435 -0.021616 -0.237998 -0.32935 -0.019838 -0.237998 -0.32935 0.027838 -0.237921 -0.32435 -0.019941 -0.237921 -0.32435 0.027941 -0.23626 -0.21335 0.028226 -0.23626 -0.20435 0.028226 -0.236178 -0.33035 -0.017744 -0.236178 -0.33035 0.025744 -0.235789 -0.32935 -0.01817 -0.235789 -0.32935 0.02617 -0.234088 -0.32435 -0.0464469 -0.234088 -0.32435 0.054447 -0.234088 -0.27585 -0.0464469 -0.234088 -0.21335 0.054447 -0.233924 -0.32935 -0.0161251 -0.233924 -0.32935 0.0241249 -0.23383 -0.32435 -0.016211 -0.23383 -0.32435 0.024211 -0.233698 -0.21335 -0.017891 -0.233698 -0.20435 -0.017891 -0.23252 -0.33035 -0.013731 -0.23252 -0.33035 0.021731 -0.232145 -0.21335 0.024187 -0.232145 -0.20435 0.024187 -0.232059 -0.32935 -0.014079 -0.232059 -0.32935 0.022079 -0.230994 -0.27585 -0.058 -0.230994 -0.27485 -0.059 -0.230994 -0.21335 -0.059 -0.230994 -0.21235 -0.058 -0.230602 -0.32935 -0.0117261 -0.230602 -0.32935 0.0197259 -0.230493 -0.32435 -0.011793 -0.230493 -0.32435 0.019793 -0.230056 -0.21335 -0.01342 -0.230056 -0.20435 -0.01342 -0.229662 -0.33035 -0.00911502 -0.229662 -0.33035 0.017115 -0.229145 -0.32935 -0.00937203 -0.229145 -0.32935 0.017372 -0.228842 -0.21335 0.019459 -0.228842 -0.20435 0.019459 -0.228772 -0.27585 -0.0577499 -0.228772 -0.21235 -0.0577499 -0.228549 -0.27485 -0.058725 -0.228549 -0.21335 -0.058725 -0.228145 -0.32935 -0.00679103 -0.228145 -0.32935 0.014791 -0.228026 -0.32435 -0.00683705 -0.228026 -0.32435 0.014837 -0.227701 -0.33035 -0.00405202 -0.227701 -0.33035 0.012052 -0.227423 -0.32435 -0.042993 -0.227423 -0.32435 0.050993 -0.227423 -0.27585 -0.042993 -0.227423 -0.21335 0.050993 -0.227297 -0.21335 -0.00835601 -0.227297 -0.20435 -0.00835601 -0.227145 -0.32935 -0.00421003 -0.227145 -0.32935 0.01221 -0.226703 -0.33035 0.00128498 -0.226703 -0.33035 0.00671496 -0.22666 -0.27585 -0.057012 -0.22666 -0.21235 -0.057012 -0.226637 -0.32935 -0.00148902 -0.226637 -0.32935 0.00948896 -0.226511 -0.32435 -0.00151203 -0.226511 -0.32435 0.00951197 -0.226464 -0.21335 0.014206 -0.226464 -0.20435 0.014206 -0.226227 -0.27485 -0.057913 -0.226227 -0.21335 -0.057913 -0.226128 -0.32935 0.00123199 -0.226128 -0.32935 0.00676795 -0.226 -0.32935 0.00399997 -0.226 -0.32435 0.00399997 -0.225515 -0.21335 -0.00287203 -0.225515 -0.20435 -0.00287203 -0.225091 -0.21335 0.00860497 -0.225091 -0.20435 0.00860497 -0.224771 -0.21335 0.00284698 -0.224771 -0.20435 0.00284698 -0.2239 -0.21335 -0.037 -0.2239 -0.21235 -0.038 -0.221597 -0.21335 -0.0366969 -0.221338 -0.21235 -0.037663 -0.22129 -0.32435 -0.038664 -0.22129 -0.32435 0.046664 -0.22129 -0.27585 -0.038664 -0.22129 -0.21335 0.046664 -0.220003 -0.27585 -0.0533369 -0.220003 -0.21235 -0.0533369 -0.219471 -0.27485 -0.054184 -0.219471 -0.21335 -0.054184 -0.21945 -0.21335 -0.035808 -0.21895 -0.21235 -0.036674 -0.218371 -0.27485 0.044113 -0.218371 -0.21335 0.044113 -0.217607 -0.21335 -0.034393 -0.217082 -0.274979 0.042864 -0.2169 -0.21235 -0.0351 -0.216192 -0.21335 -0.0325499 -0.215868 -0.275348 0.041608 -0.215805 -0.275379 0.04154 -0.215804 -0.32435 -0.03354 -0.215804 -0.32435 0.04154 -0.215804 -0.27585 -0.03354 -0.215613 -0.27485 0.042036 -0.215558 -0.21335 0.042004 -0.215555 -0.27485 0.04201 -0.215326 -0.21235 -0.03305 -0.215303 -0.21335 -0.030403 -0.215 -0.21335 -0.0281 -0.215 -0.21335 0.029 -0.214846 -0.27585 0.040488 -0.214625 -0.21335 0.031847 -0.214337 -0.21235 -0.030662 -0.214 -0.21235 -0.0281 -0.214 -0.21235 0.029 -0.2138 -0.27585 -0.0489379 -0.2138 -0.21235 -0.0489379 -0.213659 -0.21235 0.031588 -0.213526 -0.21335 0.0345 -0.213176 -0.27485 -0.04972 -0.213176 -0.21335 -0.04972 -0.212704 -0.27585 0.039623 -0.21266 -0.21235 0.034 -0.212393 -0.27485 0.040573 -0.212353 -0.21335 0.04056 -0.212352 -0.27485 0.040565 -0.211778 -0.21335 0.036778 -0.211071 -0.21235 0.036071 -0.211067 -0.32435 -0.027717 -0.211067 -0.32435 0.035717 -0.211067 -0.27585 -0.027717 -0.211067 -0.27585 0.035717 -0.2095 -0.21335 0.038526 -0.209025 -0.27585 0.038858 -0.209 -0.21235 0.03766 -0.208931 -0.27485 0.039853 -0.20891 -0.27485 0.039853 -0.20891 -0.21335 0.039851 -0.208129 -0.27585 -0.0438709 -0.208129 -0.21235 -0.0438709 -0.207422 -0.27485 -0.044578 -0.207422 -0.21335 -0.044578 -0.207166 -0.32435 -0.021304 -0.207166 -0.32435 0.029304 -0.207166 -0.27585 -0.021304 -0.207166 -0.27585 0.029304 -0.206847 -0.21335 0.039625 -0.206588 -0.21235 0.038659 -0.205395 -0.27485 0.039911 -0.205395 -0.21335 0.039911 -0.205268 -0.27585 0.038919 -0.204176 -0.32435 -0.014418 -0.204176 -0.32435 0.022418 -0.204176 -0.27585 -0.014418 -0.204176 -0.27585 0.022418 -0.204 -0.21335 0.04 -0.204 -0.21235 0.039 -0.203062 -0.27585 -0.0382 -0.203062 -0.21235 -0.0382 -0.202848 -0.27585 0.038933 -0.202745 -0.21335 0.039835 -0.202733 -0.27485 0.039927 -0.20228 -0.27485 -0.038824 -0.20228 -0.21335 -0.038824 -0.20215 -0.32435 -0.00719002 -0.20215 -0.32435 0.01519 -0.20215 -0.27585 -0.00719002 -0.20215 -0.27585 0.01519 -0.201412 -0.21235 0.038659 -0.201153 -0.21335 0.039625 -0.201128 -0.32435 0.000246972 -0.201128 -0.32435 0.00775298 -0.201128 -0.27585 0.000246972 -0.201128 -0.27585 0.00775298 -0.201 -0.32435 0.00399997 -0.200496 -0.27585 0.038366 -0.200179 -0.21335 0.039222 -0.200146 -0.27485 0.039303 -0.199 -0.21235 0.03766 -0.198663 -0.27585 -0.031997 -0.198663 -0.21235 -0.031997 -0.1985 -0.21335 0.038526 -0.198349 -0.27585 0.03725 -0.197832 -0.21335 0.038013 -0.197816 -0.27485 -0.032529 -0.197816 -0.21335 -0.032529 -0.197784 -0.27485 0.038075 -0.196929 -0.21235 0.036071 -0.196533 -0.27585 0.035652 -0.196222 -0.21335 0.036778 -0.195837 -0.21335 0.036277 -0.195786 -0.27485 0.036317 -0.19534 -0.21235 0.034 -0.195154 -0.27585 0.033663 -0.194988 -0.27585 -0.0253401 -0.194988 -0.21235 -0.0253401 -0.194474 -0.21335 0.0345 -0.194341 -0.21235 0.031588 -0.194313 -0.21335 0.034112 -0.194293 -0.27585 0.031402 -0.194269 -0.27485 0.03413 -0.19425 -0.27585 -0.023228 -0.19425 -0.21235 -0.023228 -0.194087 -0.27485 -0.025773 -0.194087 -0.21335 -0.025773 -0.194 -0.27585 -0.021006 -0.194 -0.27585 0.029 -0.194 -0.21235 -0.021006 -0.194 -0.21235 0.029 -0.193375 -0.21335 0.031847 -0.193347 -0.21335 0.0316389 -0.193322 -0.27485 0.031642 -0.193275 -0.27485 -0.023451 -0.193275 -0.21335 -0.023451 -0.193 -0.27485 -0.021006 -0.193 -0.27485 0.029 -0.193 -0.21335 -0.021006 -0.193 -0.21335 0.029 -0.29192 0.202825 -0.049326 -0.29192 0.202825 -0.046674 -0.29192 0.21235 -0.049326 -0.29192 0.21235 -0.046674 -0.291285 0.202825 -0.0519009 -0.291285 0.202825 -0.044099 -0.291285 0.21235 -0.0519009 -0.291285 0.21235 -0.044099 -0.290053 0.202825 -0.054249 -0.290053 0.202825 -0.041751 -0.290053 0.21235 -0.054249 -0.290053 0.21235 -0.041751 -0.288294 0.202825 -0.056234 -0.288294 0.202825 -0.039766 -0.288294 0.21235 -0.056234 -0.288294 0.21235 -0.039766 -0.286112 0.202825 -0.05774 -0.286112 0.202825 -0.03826 -0.286112 0.21235 -0.05774 -0.286112 0.21235 -0.03826 -0.283632 0.202825 -0.05868 -0.283632 0.202825 -0.03732 -0.283632 0.21235 -0.05868 -0.283632 0.21235 -0.03732 -0.281 0.202825 -0.059 -0.281 0.202825 -0.037 -0.281 0.21235 -0.059 -0.281 0.21235 -0.037 -0.2239 0.202825 -0.037 -0.2239 0.21235 -0.037 -0.221597 0.202825 -0.0366969 -0.221597 0.21235 -0.0366969 -0.21945 0.202825 -0.035808 -0.21945 0.21235 -0.035808 -0.217607 0.202825 -0.034393 -0.217607 0.21235 -0.034393 -0.216192 0.202825 -0.0325499 -0.216192 0.21235 -0.0325499 -0.215303 0.202825 -0.030403 -0.215303 0.21235 -0.030403 -0.215 0.202825 -0.0281 -0.215 0.202825 0.029 -0.215 0.21235 -0.0281 -0.215 0.21235 0.029 -0.214625 0.202825 0.031847 -0.214625 0.21235 0.031847 -0.213526 0.202825 0.0345 -0.213526 0.21235 0.0345 -0.211778 0.202825 0.036778 -0.211778 0.21235 0.036778 -0.2095 0.202825 0.038526 -0.2095 0.21235 0.038526 -0.206847 0.202825 0.039625 -0.206847 0.21235 0.039625 -0.204 0.202825 0.04 -0.204 0.21235 0.04 -0.16 0.202825 -0.059 -0.16 0.21235 -0.059 -0.0325 0.202825 -0.025 -0.0325 0.21235 -0.025 0.0325 0.202825 -0.025 0.0325 0.21235 -0.025 0.16 0.202825 -0.059 0.16 0.21235 -0.059 0.204 0.202825 0.04 0.204 0.21235 0.04 0.206847 0.202825 0.039625 0.206847 0.21235 0.039625 0.2095 0.202825 0.038526 0.2095 0.21235 0.038526 0.211778 0.202825 0.036778 0.211778 0.21235 0.036778 0.213526 0.202825 0.0345 0.213526 0.21235 0.0345 0.214625 0.202825 0.031847 0.214625 0.21235 0.031847 0.215 0.202825 -0.0281 0.215 0.202825 0.029 0.215 0.21235 -0.0281 0.215 0.21235 0.029 0.215303 0.202825 -0.030403 0.215303 0.21235 -0.030403 0.216192 0.202825 -0.0325499 0.216192 0.21235 -0.0325499 0.217607 0.202825 -0.034393 0.217607 0.21235 -0.034393 0.21945 0.202825 -0.035808 0.21945 0.21235 -0.035808 0.221597 0.202825 -0.0366969 0.221597 0.21235 -0.0366969 0.2239 0.202825 -0.037 0.2239 0.21235 -0.037 0.281 0.202825 -0.059 0.281 0.202825 -0.037 0.281 0.21235 -0.059 0.281 0.21235 -0.037 0.283632 0.202825 -0.05868 0.283632 0.202825 -0.03732 0.283632 0.21235 -0.05868 0.283632 0.21235 -0.03732 0.286112 0.202825 -0.05774 0.286112 0.202825 -0.03826 0.286112 0.21235 -0.05774 0.286112 0.21235 -0.03826 0.288294 0.202825 -0.056234 0.288294 0.202825 -0.039766 0.288294 0.21235 -0.056234 0.288294 0.21235 -0.039766 0.290053 0.202825 -0.054249 0.290053 0.202825 -0.041751 0.290053 0.21235 -0.054249 0.290053 0.21235 -0.041751 0.291285 0.202825 -0.0519009 0.291285 0.202825 -0.044099 0.291285 0.21235 -0.0519009 0.291285 0.21235 -0.044099 0.29192 0.202825 -0.049326 0.29192 0.202825 -0.046674 0.29192 0.21235 -0.049326 0.29192 0.21235 -0.046674 -0.0325 0.192 -0.03013 -0.0325 0.192 0.03587 -0.0325 0.202825 -0.03013 -0.0325 0.202825 0.03587 0.0325 0.192 -0.03013 0.0325 0.192 0.03587 0.0325 0.202825 -0.03013 0.0325 0.202825 0.03587 -0.29192 -0.21235 -0.049326 -0.29192 -0.21235 -0.046674 -0.29192 -0.202825 -0.049326 -0.29192 -0.202825 -0.046674 -0.291285 -0.21235 -0.0519009 -0.291285 -0.21235 -0.044099 -0.291285 -0.202825 -0.0519009 -0.291285 -0.202825 -0.044099 -0.290053 -0.21235 -0.054249 -0.290053 -0.21235 -0.041751 -0.290053 -0.202825 -0.054249 -0.290053 -0.202825 -0.041751 -0.288294 -0.21235 -0.056234 -0.288294 -0.21235 -0.039766 -0.288294 -0.202825 -0.056234 -0.288294 -0.202825 -0.039766 -0.286112 -0.21235 -0.05774 -0.286112 -0.21235 -0.03826 -0.286112 -0.202825 -0.05774 -0.286112 -0.202825 -0.03826 -0.283632 -0.21235 -0.05868 -0.283632 -0.21235 -0.03732 -0.283632 -0.202825 -0.05868 -0.283632 -0.202825 -0.03732 -0.281 -0.21235 -0.059 -0.281 -0.21235 -0.037 -0.281 -0.202825 -0.059 -0.281 -0.202825 -0.037 -0.2239 -0.21235 -0.037 -0.2239 -0.202825 -0.037 -0.221597 -0.21235 -0.0366969 -0.221597 -0.202825 -0.0366969 -0.21945 -0.21235 -0.035808 -0.21945 -0.202825 -0.035808 -0.217607 -0.21235 -0.034393 -0.217607 -0.202825 -0.034393 -0.216192 -0.21235 -0.0325499 -0.216192 -0.202825 -0.0325499 -0.215303 -0.21235 -0.030403 -0.215303 -0.202825 -0.030403 -0.215 -0.21235 -0.0281 -0.215 -0.21235 0.029 -0.215 -0.202825 -0.0281 -0.215 -0.202825 0.029 -0.214625 -0.21235 0.031847 -0.214625 -0.202825 0.031847 -0.213526 -0.21235 0.0345 -0.213526 -0.202825 0.0345 -0.211778 -0.21235 0.036778 -0.211778 -0.202825 0.036778 -0.2095 -0.21235 0.038526 -0.2095 -0.202825 0.038526 -0.206847 -0.21235 0.039625 -0.206847 -0.202825 0.039625 -0.204 -0.21235 0.04 -0.204 -0.202825 0.04 -0.16 -0.21235 -0.059 -0.16 -0.202825 -0.059 -0.0325 -0.21235 -0.025 -0.0325 -0.202825 -0.025 0.0325 -0.21235 -0.025 0.0325 -0.202825 -0.025 0.16 -0.21235 -0.059 0.16 -0.202825 -0.059 0.204 -0.21235 0.04 0.204 -0.202825 0.04 0.206847 -0.21235 0.039625 0.206847 -0.202825 0.039625 0.2095 -0.21235 0.038526 0.2095 -0.202825 0.038526 0.211778 -0.21235 0.036778 0.211778 -0.202825 0.036778 0.213526 -0.21235 0.0345 0.213526 -0.202825 0.0345 0.214625 -0.21235 0.031847 0.214625 -0.202825 0.031847 0.215 -0.21235 -0.0281 0.215 -0.21235 0.029 0.215 -0.202825 -0.0281 0.215 -0.202825 0.029 0.215303 -0.21235 -0.030403 0.215303 -0.202825 -0.030403 0.216192 -0.21235 -0.0325499 0.216192 -0.202825 -0.0325499 0.217607 -0.21235 -0.034393 0.217607 -0.202825 -0.034393 0.21945 -0.21235 -0.035808 0.21945 -0.202825 -0.035808 0.221597 -0.21235 -0.0366969 0.221597 -0.202825 -0.0366969 0.2239 -0.21235 -0.037 0.2239 -0.202825 -0.037 0.281 -0.21235 -0.059 0.281 -0.21235 -0.037 0.281 -0.202825 -0.059 0.281 -0.202825 -0.037 0.283632 -0.21235 -0.05868 0.283632 -0.21235 -0.03732 0.283632 -0.202825 -0.05868 0.283632 -0.202825 -0.03732 0.286112 -0.21235 -0.05774 0.286112 -0.21235 -0.03826 0.286112 -0.202825 -0.05774 0.286112 -0.202825 -0.03826 0.288294 -0.21235 -0.056234 0.288294 -0.21235 -0.039766 0.288294 -0.202825 -0.056234 0.288294 -0.202825 -0.039766 0.290053 -0.21235 -0.054249 0.290053 -0.21235 -0.041751 0.290053 -0.202825 -0.054249 0.290053 -0.202825 -0.041751 0.291285 -0.21235 -0.0519009 0.291285 -0.21235 -0.044099 0.291285 -0.202825 -0.0519009 0.291285 -0.202825 -0.044099 0.29192 -0.21235 -0.049326 0.29192 -0.21235 -0.046674 0.29192 -0.202825 -0.049326 0.29192 -0.202825 -0.046674 -0.0325 -0.202825 -0.03013 -0.0325 -0.202825 0.03587 -0.0325 -0.192 -0.03013 -0.0325 -0.192 0.03587 0.0325 -0.202825 -0.03013 0.0325 -0.202825 0.03587 0.0325 -0.192 -0.03013 0.0325 -0.192 0.03587</float_array>
                    <technique_common>
                        <accessor count="2440" source="#shape0-lib-positions-array" stride="3">
                            <param name="X" type="float"/>
                            <param name="Y" type="float"/>
                            <param name="Z" type="float"/>
                        </accessor>
                    </technique_common>
                </source>
                <source id="shape0-lib-normals" name="normal">
                    <float_array id="shape0-lib-normals-array" count="3264">-0.0636584 0 0.997972 -0.00599785 -0.0013109 0.999981 0.234482 -0.00125017 0.97212 0.130804 0.00150814 0.991407 0.130357 0.00150814 0.991466 0.461274 -0.00113581 0.887257 0.382942 0.00142203 0.923771 0.382307 0.00142203 0.924034 0.660564 -0.000944086 0.750769 0.608642 0.00127466 0.793444 0.609039 0.00127466 0.793139 0.821691 -0.000689712 0.569933 0.793465 0.00105522 0.608615 0.792943 0.00105523 0.609295 0.991019 -0.00945415 0.13339 0.92391 0.000773041 0.38261 0.923637 0.000773039 0.383269 0.93459 0.000397559 0.355727 0.992655 0.000409564 0.12098 0.991466 0 0.130369 0 1 0 0 1 0 0 1 0 0 1 0 0 1 0 0 1 0 0 1 0 0 1 0 0 1 0 0 1 0 0 1 0 0 1 0 0 1 0 0 1 0 0 1 0 0 1 0 0 1 0 0 1 0 0 1 0 0 1 0 0 1 0 0 1 0 0 1 0 0 1 0 0 1 0 0 1 0 0 1 0 0 1 0 0 1 0 0 1 0 0 1 0 0 1 0 0 1 0 0 1 0 0 1 0 0 1 0 0 1 0 0 1 0 0 1 0 0 1 0 0 1 0 0 1 0 0 1 0 0 1 0 0 1 0 0 1 0 0 1 0 0 1 0 0 1 0 0 1 0 0 1 0 0 1 0 0 1 0 0 1 0 0 1 0 0 1 0 0 1 0 0 1 0 0 1 0 0 1 0 -0.70707 0.707144 0 -0.70707 0.707144 0 -0.70403 0.704103 0.0926294 -0.704009 0.704128 0.0926067 -0.656031 0.704153 0.271648 -0.656066 0.704095 0.271713 -0.563254 0.704087 0.432442 -0.563264 0.704054 0.432483 -0.432488 0.704052 0.563263 -0.432488 0.704051 0.563264 -0.271648 0.704066 0.656124 -0.27168 0.704155 0.656015 -0.0926323 0.704135 0.703998 -0.0926084 0.7041 0.704037 0 0.707138 0.707075 0 0.707138 0.707075 0.0926371 0.704098 0.704035 0.0926047 0.704132 0.704004 0.271626 0.704157 0.656035 0.271707 0.704085 0.656079 0.432456 0.704076 0.563258 0.432486 0.704052 0.563265 0.563285 0.704051 0.43246 0.563236 0.70409 0.432462 0.656082 0.704097 0.271669 0.656011 0.704155 0.27169 0.704 0.704134 0.0926254 0.704026 0.70411 0.092609 0.707065 0.707149 0 0.707065 0.707149 0 0.704844 0.704918 -0.0792778 0.704814 0.704946 -0.0792984 0.66946 0.704995 -0.234106 0.669704 0.704794 -0.234011 0.619641 0.70645 -0.342016 0.619467 0.706623 -0.341972 0.577186 0.706632 -0.409301 0.577117 0.706704 -0.409275 0.527538 0.706723 -0.47143 0.527708 0.706538 -0.471517 0.47155 0.70654 -0.527675 0.471363 0.706758 -0.527551 0.409241 0.70674 -0.577096 0.40929 0.706679 -0.577137 0.341905 0.706671 -0.619449 0.342064 0.706447 -0.619617 0.234172 0.704801 -0.669641 0.233932 0.705014 -0.6695 0.0792755 0.704953 -0.704809 0.0793157 0.704911 -0.704847 0 0.707139 -0.707075 0 0.707139 -0.707075 -0.0792805 0.704913 -0.704849 -0.0793109 0.704955 -0.704804 -0.234105 0.705002 -0.669452 -0.234005 0.704791 -0.66971 -0.342013 0.706449 -0.619643 -0.341956 0.706673 -0.619419 -0.409275 0.70668 -0.577146 -0.409253 0.706741 -0.577087 -0.471406 0.706757 -0.527514 -0.471509 0.706539 -0.527714 -0.527675 0.70654 -0.471552 -0.527551 0.706756 -0.471366 -0.5771 0.706738 -0.40924 -0.577151 0.706662 -0.4093 -0.619462 0.706654 -0.341916 -0.61962 0.706443 -0.342066 -0.669644 0.704799 -0.23417 -0.669512 0.705 -0.233944 -0.704822 0.70494 -0.0792796 -0.704838 0.704922 -0.0792964 -0.707065 0.707149 0 -0.707065 0.707149 0 -0.704028 0.704112 0.0925772 -0.703774 0.704346 0.092729 -0.703596 0.704268 0.0946528 -0.65602 0.704154 0.271672 -0.65597 0.704194 0.271688 -0.655853 0.704125 0.27215 -0.563439 0.704101 0.432177 -0.563285 0.704215 0.432194 -0.563074 0.704084 0.432682 -0.432232 0.704047 0.563466 -0.432336 0.703974 0.563477 -0.432491 0.704071 0.563237 -0.271737 0.704085 0.656067 -0.271823 0.704381 0.655713 -0.271457 0.704153 0.656109 -0.092761 0.704123 0.703993 -0.0928597 0.704291 0.703812 -0.0925587 0.704103 0.70404 -0.704023 0.704097 0.0927325 -0.70398 0.704137 0.0927562 -0.656 0.704144 0.271747 -0.656071 0.704084 0.27173 -0.563373 0.704084 0.432292 -0.563415 0.70405 0.432293 -0.432308 0.704054 0.563399 -0.432267 0.704089 0.563387 -0.271766 0.704087 0.656052 -0.271717 0.704133 0.656023 -0.0927579 0.704122 0.703995 -0.125982 0.758407 0.639489 -0.0450569 0.70642 0.706357 0.70707 0.707144 0 0.70707 0.707144 0 0.993734 0 -0.111771 0.993734 0 -0.111771 0.943949 0 -0.330092 0.943949 0 -0.330092 0.875491 0 -0.483234 0.875491 0 -0.483234 0.815717 0 -0.578451 0.815717 0 -0.578451 0.745647 0 -0.666341 0.745647 0 -0.666341 0.666339 0 -0.745649 0.666339 0 -0.745649 0.578455 0 -0.815714 0.578455 0 -0.815714 0.483229 0 -0.875494 0.483229 0 -0.875494 0.330097 0 -0.943947 0.330097 0 -0.943947 0.111773 0 -0.993734 0.111773 0 -0.993734 0 0 -1 0 0 -1 -0.111774 0 -0.993734 -0.111774 0 -0.993734 -0.330095 0 -0.943948 -0.330095 0 -0.943948 -0.483231 0 -0.875493 -0.483231 0 -0.875493 -0.578453 0 -0.815715 -0.578453 0 -0.815715 -0.666339 0 -0.745649 -0.666339 0 -0.745649 -0.745647 0 -0.666341 -0.745647 0 -0.666341 -0.815717 0 -0.578451 -0.815717 0 -0.578451 -0.875492 0 -0.483233 -0.875492 0 -0.483233 -0.943949 0 -0.330092 -0.943949 0 -0.330092 -0.993733 0 -0.111777 -0.993733 0 -0.111777 -1 0 0 -1 0 0 -0.992654 0 0.120986 -0.991465 0.000409545 0.130374 -0.991072 0.000409531 0.133326 -0.93459 -0.000380398 0.355727 -0.92391 0.000772817 0.38261 -0.923637 0.000772815 0.383269 -0.821672 -0.000690132 0.56996 -0.793465 0.00105368 0.608615 -0.792931 0.00105369 0.60931 -0.660584 -0.00094494 0.750752 -0.608645 0.00127451 0.793442 -0.609031 0.00127451 0.793146 -0.461277 -0.00113577 0.887256 -0.382945 0.00142203 0.92377 -0.382307 0.00142203 0.924034 -0.234482 -0.00125017 0.97212 -0.130804 0.00150814 0.991407 -0.130346 0.00150814 0.991467 0.00599785 -0.00131091 0.999981 0.0636631 0 0.997971 -0.410774 8.09056e-05 0.911737 -0.191293 -0.0129917 0.981447 -0.413738 0.000109366 0.910396 -0.599871 0.000107679 0.800097 -0.408716 -0.0124914 0.912576 -0.601583 0 0.79881 0.0170755 0 0.999854 0.0164992 3.29476e-05 0.999864 -0.201692 3.22749e-05 0.979449 0 -0.0114947 0.999934 -0.203755 8.30802e-05 0.979022 0.601581 0 0.798812 0.599873 -0.000119919 0.800095 0.408921 0.000109343 0.91257 0.413738 0.000109366 0.910396 0.410774 -7.43912e-05 0.911737 0.191175 8.31782e-05 0.981556 0.203756 8.31789e-05 0.979022 0.201692 -3.65816e-05 0.979449 0 3.29521e-05 1 -0.0170755 3.29473e-05 0.999854 -0.0164992 0 0.999864 1 0 0 1 0 0 0.669669 -0.704772 -0.234179 0.669537 -0.704973 -0.233952 0.704849 -0.704913 -0.0792783 0.704874 -0.704885 -0.0793052 0.342027 -0.706417 -0.619671 0.34197 -0.706641 -0.619447 0.409295 -0.706648 -0.577171 0.409273 -0.706709 -0.577112 0.471427 -0.706725 -0.527538 0.47153 -0.706507 -0.527738 0.527698 -0.706508 -0.471573 0.527592 -0.706693 -0.471414 0.577154 -0.706672 -0.409278 0.577202 -0.7066 -0.409335 0.619518 -0.70659 -0.341948 0.619648 -0.706417 -0.342071 0.0792835 -0.704882 -0.70488 0.0793143 -0.704924 -0.704835 0.234116 -0.704973 -0.66948 0.234016 -0.704759 -0.669739 0 -0.707107 -0.707106 0 -0.707107 -0.707106 -0.234182 -0.704769 -0.669671 -0.233943 -0.704981 -0.669532 -0.0792796 -0.704921 -0.704841 -0.0793192 -0.70488 -0.704878 -0.619673 -0.706413 -0.342032 -0.619462 -0.706624 -0.341979 -0.577188 -0.70663 -0.409302 -0.577114 -0.706707 -0.409274 -0.527538 -0.706723 -0.47143 -0.527737 -0.706506 -0.471532 -0.471571 -0.706509 -0.527699 -0.471384 -0.706727 -0.527574 -0.409259 -0.706709 -0.577123 -0.409307 -0.706647 -0.577163 -0.341921 -0.706639 -0.619476 -0.34208 -0.706416 -0.619644 -0.70487 -0.704891 -0.079285 -0.704851 -0.704909 -0.0792979 -0.669494 -0.704958 -0.234118 -0.669739 -0.704757 -0.234023 -0.707096 -0.707117 0 -0.707096 -0.707117 0 0.00425652 -0.704532 0.70966 0.00410424 -0.704725 0.709468 -0.166366 -0.704703 0.689722 -0.166308 -0.704593 0.689848 -0.327348 -0.704549 0.629646 -0.327329 -0.704472 0.629741 -0.468836 -0.704474 0.532831 -0.468834 -0.704503 0.532794 -0.583109 -0.704543 0.404478 -0.583032 -0.704752 0.404226 -0.663096 -0.704701 0.25239 -0.663183 -0.704567 0.252535 -0.704406 -0.704586 0.0858538 -0.704481 -0.704502 0.0859294 -0.301934 -0.864926 0.400922 -0.393472 -0.706741 0.587959 -0.328658 -0.706707 0.626537 -0.288446 -0.708525 0.644042 -0.333084 -0.709335 0.621208 -0.279379 -0.737583 0.61475 -0.265123 -0.706164 0.656538 -0.135821 -0.704242 0.696847 -0.144397 -0.704954 0.694399 0.0117019 -0.704966 0.709144 0.0115273 -0.704638 0.709473 0 -0.705351 0.708858 -0.144558 -0.704737 0.694585 0.301928 -0.864931 0.400917 0.393482 -0.706712 0.587988 0.290085 -0.704815 0.647369 -0.0117019 -0.704966 0.709144 -0.0115273 -0.704638 0.709473 0.325827 -0.709292 0.625093 0.333143 -0.709302 0.621214 0.279379 -0.737583 0.61475 0.265122 -0.706162 0.65654 0.135728 -0.704235 0.696872 0.144397 -0.704955 0.694398 0.144559 -0.704737 0.694585 0 -0.705351 0.708858 0.70449 -0.704501 0.0858602 0.704388 -0.704596 0.0859224 0.66321 -0.704578 0.252433 0.663048 -0.704712 0.252484 0.582955 -0.704748 0.404344 0.583187 -0.704564 0.40433 0.468789 -0.704525 0.532805 0.468887 -0.704446 0.532823 0.327387 -0.704459 0.629727 0.327278 -0.704554 0.629677 0.16639 -0.704599 0.689822 0.166281 -0.704708 0.689737 -0.00425542 -0.704716 0.709477 -0.00410543 -0.704523 0.70967 0.707102 -0.707112 0 0.707102 -0.707112 0 0 -1 0 0 -1 0 0 -1 0 0 -1 0 0 -1 0 0 -1 0 0 -1 0 0 -1 0 0 -1 0 0 -1 0 0 -1 0 0 -1 0 0 -1 0 0 -1 0 0 -1 0 0 -1 0 0 -1 0 0 -1 0 0 -1 0 0 -1 0 0 -1 0 0 -1 0 0 -1 0 0 -1 0 0 -1 0 0 -1 0 0 -1 0 0 -1 0 0 -1 0 0 -1 0 0 -1 0 0 -1 0 0 -1 0 0 -1 0 0 -1 0 0 -1 0 0 -1 0 0 -1 0 0 -1 0 0 -1 0 0 -1 0 0 -1 0 0 -1 0 0 -1 0 0 -1 0 0 -1 0 0 -1 0 0 -1 0 0 -1 0 0 -1 0 0 -1 0 0 -1 0 0 -1 0 0 -1 0 0 -1 0 0 -1 0 0 -1 0 0 -1 0 0 -1 0 0 -1 0 0 -1 0 0 -1 0 0 -1 0 0 -1 0 0 -1 0 0 -1 0 0 -1 0 0 -1 0 0 -1 0 0 -1 0 0 -1 0 0 -1 0 0 -1 0 0 -1 0 0 -1 0 0.0450603 0.70642 0.706357 0.0885098 0.73549 0.67173 0.13682 0.706362 0.694502 0.27175 0.704129 0.656014 0.271737 0.704085 0.656067 0.432288 0.704087 0.563372 0.432289 0.704052 0.563415 0.563398 0.704052 0.432311 0.563387 0.704086 0.432271 0.65605 0.704087 0.271772 0.656009 0.704151 0.271704 0.70398 0.70414 0.0927268 0.704016 0.7041 0.092761 0.0925663 0.704102 0.704039 0.0927522 0.704218 0.703899 0.0928804 0.704131 0.70397 0.271457 0.704153 0.656109 0.271661 0.704281 0.655888 0.271928 0.704099 0.655972 0.432497 0.704071 0.563232 0.432336 0.70397 0.563481 0.432231 0.704044 0.56347 0.563086 0.704079 0.432674 0.563292 0.704206 0.432199 0.563446 0.704093 0.432183 0.655862 0.704115 0.272154 0.65598 0.704184 0.271688 0.704034 0.704107 0.092574 0.703774 0.704346 0.0927291 0.703591 0.704266 0.0947026 0.656025 0.704149 0.271673 0 1 0 0 1 0 0 1 0 0 1 0 0 1 0 0 1 0 0 1 0 0 1 0 0 1 0 0 1 0 0 1 0 0 1 0 0 1 0 0 1 0 0 1 0 0 1 0 0 1 0 0 1 0 0 1 0 0 1 0 0 1 0 0 1 0 0 1 0 0 1 0 0 1 0 0 1 0 0 1 0 0 1 0 0 1 0 0 1 0 0 1 0 0 1 0 0 1 0 0 1 0 0 1 0 0 1 0 0 1 0 0 1 0 0 1 0 0 1 0 0 1 0 0 1 0 0 1 0 0 1 0 0 1 0 0 1 0 0 1 0 0 1 0 0 1 0 0 1 0 0 1 0 0 1 0 0 1 0 0 1 0 0 1 0 0 1 0 0 1 0 0 1 0 0 1 0 0 1 0 0 1 0 0 1 0 0 1 0 0 1 0 0 1 0 0 1 0 0 1 0 0 1 0 0 1 0 0 1 0 0 1 0 0 1 0 0 1 0 0 1 0 0 1 0 0 1 0 0 1 0 0 1 0 0 1 0 0 1 0 0 1 0 0 1 0 0.658042 0 0.752982 -0.658044 0 0.75298 -0.717885 -0.00760818 0.69612 -0.682581 -0.000122566 0.73081 0.695665 -0.00400315 0.718355 0.783888 -0.00201569 0.620899 0.739061 1.3718e-05 0.673639 0.682581 1.26697e-05 0.73081 0.731159 -0.0105219 0.682126 0.717861 -0.00760428 0.696145 0.775736 0 0.631057 0.854349 0 0.519699 0.854349 0 0.519699 0.91726 0 0.398289 0.91726 0 0.398289 0.96289 0 0.269895 0.96289 0 0.269895 0.990689 0 0.136141 0.990689 0 0.136141 0.999419 0 0.0340864 0.999997 0.00263919 0 -0.854349 0 0.519699 -0.917262 0 0.398285 -0.917262 0 0.398285 -0.962889 0 0.269899 -0.962889 0 0.269899 -0.99069 0 0.136139 -0.99069 0 0.136139 -1 0 0 -1 0 0 -0.99069 0 -0.136139 -0.99069 0 -0.136139 -0.962889 0 -0.269899 -0.962889 0 -0.269899 -0.917262 0 -0.398285 -0.917262 0 -0.398285 -0.854349 0 -0.519699 -0.854349 0 -0.519699 -0.775733 0 -0.631061 -0.775733 0 -0.631061 -0.682581 0 -0.73081 -0.682581 0 -0.73081 -0.576671 0 -0.816977 -0.576671 0 -0.816977 -0.460111 0 -0.887862 -0.460111 0 -0.887862 -0.334798 0 -0.94229 -0.334798 0 -0.94229 -0.203534 0 -0.979068 -0.203534 0 -0.979068 -0.068209 0 -0.997671 -0.068209 0 -0.997671 0.0682089 0 -0.997671 0.0682089 0 -0.997671 0.203534 0 -0.979068 0.203534 0 -0.979068 0.334797 0 -0.94229 0.334797 0 -0.94229 0.460111 0 -0.887861 0.460111 0 -0.887861 0.576671 0 -0.816977 0.576671 0 -0.816977 0.682581 0 -0.73081 0.682581 0 -0.73081 0.775733 0 -0.631061 0.775733 0 -0.631061 0.854349 0 -0.519699 0.854349 0 -0.519699 0.91726 0 -0.398288 0.91726 0 -0.398288 0.96289 0 -0.269895 0.96289 0 -0.269895 0.990689 0 -0.136141 0.990689 0 -0.136141 0.999419 0 -0.0340865 -0.733598 1.51792e-05 0.679584 -0.739025 1.52915e-05 0.673678 -0.775735 -0.00163435 0.631056 -0.783889 0 0.620901 -0.854349 0 0.519699 0.658042 0 0.752982 0.57667 0 0.816977 0.57667 0 0.816977 0.460111 0 0.887861 0.460111 0 0.887861 0.33479 0 0.942293 0.33479 0 0.942293 0.203543 0 0.979066 0.203543 0 0.979066 0.0682072 0 0.997671 0.0682072 0 0.997671 -0.0682073 0 0.997671 -0.0682073 0 0.997671 -0.203543 0 0.979066 -0.203543 0 0.979066 -0.334791 0 0.942292 -0.334791 0 0.942292 -0.460111 0 0.887862 -0.460111 0 0.887862 -0.57667 0 0.816977 -0.57667 0 0.816977 -0.658044 0 0.75298 -0.695665 -0.00400294 0.718355 0 -1 0 0 -1 0 0 -1 0 0 -1 0 0 -1 0 0 -1 0 0 -1 0 0 -1 0 0 -1 0 0 -1 0 0 -1 0 0 -1 0 0 -1 0 0 -1 0 0 -1 0 0 -1 0 0 -1 0 0 -1 0 0 -1 0 0 -1 0 0 -1 0 0 -1 0 0 -1 0 0 -1 0 0 -1 0 0 -1 0 0 -1 0 0 -1 0 0 -1 0 0 -1 0 0 -1 0 0 -1 0 -0.0800092 -0.498185 0.863371 -0.0798759 -0.498638 0.863123 -0.0802043 -0.498031 0.863442 -0.237299 -0.498026 0.834062 -0.236975 -0.498856 0.833658 -0.237475 -0.498061 0.833991 -0.386536 -0.498006 0.77626 -0.386577 -0.49792 0.776295 -0.386201 -0.498461 0.776135 -0.522411 -0.498474 0.691817 -0.522926 -0.497519 0.692115 -0.522538 -0.498046 0.692029 -0.640835 -0.498103 0.584143 -0.640344 -0.498938 0.58397 -0.64065 -0.498533 0.58398 -0.737033 -0.498544 0.45633 -0.736933 -0.498705 0.456314 -0.737169 -0.49839 0.456278 -0.808413 -0.498427 0.313113 -0.808174 -0.498809 0.31312 -0.808161 -0.498827 0.313125 -0.85192 -0.498852 0.159309 -0.852578 -0.497772 0.159166 -0.852148 -0.498429 0.159413 -0.866908 -0.498469 0 -0.769544 -0.637601 0.0355864 -0.865296 -0.499662 -0.0400143 -0.852158 -0.498431 -0.159354 -0.852286 -0.498185 -0.159438 -0.851974 -0.49884 -0.159054 -0.808197 -0.498829 -0.313029 -0.808385 -0.49841 -0.313211 -0.808379 -0.498427 -0.3132 -0.737113 -0.498381 -0.456379 -0.736923 -0.498906 -0.456112 -0.737007 -0.498543 -0.456373 -0.640661 -0.498529 -0.58397 -0.640644 -0.498553 -0.58397 -0.640685 -0.498116 -0.584297 -0.522557 -0.498052 -0.69201 -0.522576 -0.497931 -0.692083 -0.522601 -0.498491 -0.691661 -0.386409 -0.498502 -0.776006 -0.38645 -0.497427 -0.776674 -0.386556 -0.498007 -0.776249 -0.237295 -0.498056 -0.834045 -0.237354 -0.498828 -0.833567 -0.237104 -0.498034 -0.834113 -0.0800178 -0.498023 -0.863464 -0.0801636 -0.498796 -0.863004 -0.0798995 -0.498189 -0.863379 0.0800088 -0.498184 -0.863372 0.0798758 -0.498636 -0.863124 0.0802044 -0.498028 -0.863444 0.237301 -0.49802 -0.834065 0.236971 -0.498866 -0.833653 0.237474 -0.498066 -0.833988 0.386533 -0.498013 -0.776257 0.386585 -0.497903 -0.776302 0.386179 -0.498487 -0.776129 0.522598 -0.498485 -0.691667 0.522577 -0.497999 -0.692033 0.522534 -0.498057 -0.692024 0.64083 -0.498114 -0.58414 0.64031 -0.498997 -0.583956 0.640658 -0.498537 -0.583968 0.737003 -0.498551 -0.456371 0.73698 -0.49865 -0.456299 0.737183 -0.498378 -0.456268 0.808382 -0.498418 -0.313206 0.808312 -0.498613 -0.313076 0.808174 -0.498807 -0.313125 0.851932 -0.498831 -0.159307 0.852566 -0.497792 -0.159169 0.852149 -0.498429 -0.159408 0.866908 -0.498469 0 0.769544 -0.637601 -0.0355864 0.865296 -0.499662 0.0400143 0.852158 -0.498431 0.159349 0.852287 -0.498185 0.159434 0.851984 -0.498822 0.159059 0.808173 -0.498809 0.313124 0.808311 -0.498615 0.313076 0.80838 -0.498422 0.313205 0.737114 -0.498377 0.456382 0.736933 -0.498877 0.456127 0.737007 -0.498554 0.45636 0.640649 -0.49854 0.583974 0.640654 -0.498524 0.583983 0.640692 -0.498118 0.584287 0.522538 -0.498052 0.692024 0.522576 -0.498001 0.692033 0.522597 -0.498459 0.691688 0.386417 -0.498467 0.776024 0.386456 -0.497463 0.776648 0.386556 -0.498009 0.776248 0.237295 -0.498056 0.834045 0.237354 -0.498829 0.833566 0.237103 -0.498029 0.834116 0.0800175 -0.498021 0.863465 0.0801636 -0.498796 0.863004 0.0798996 -0.498189 0.863379 -0.998932 0 0.0461941 -0.995403 0.0256058 0.0922844 -0.982626 -0.0256089 0.183821 -0.982694 -0.0256089 0.183457 -0.961513 0.0256948 0.273556 -0.932153 -0.0255086 0.361166 -0.932156 -0.0255086 0.361156 -0.894928 0.025574 0.445478 -0.85002 -0.0255846 0.526128 -0.849926 -0.0255846 0.52628 -0.797693 0.0256305 0.602519 -0.738798 -0.0254735 0.673446 -0.738643 -0.0254735 0.673615 -0.673532 0.0255446 0.738717 -0.602393 -0.0257107 0.797786 -0.60263 -0.0257106 0.797606 -0.526201 0.025634 0.849974 -0.445343 -0.0256548 0.894992 -0.445617 -0.0256548 0.894856 -0.361167 0.0255085 0.932152 -0.27377 -0.0255736 0.961455 -0.273338 -0.0255736 0.961578 -0.183634 0.0255034 0.982664 -0.0924607 -0.0255079 0.99539 -0.0921192 -0.0255079 0.995421 0 0.0255978 0.999672 0.0921192 -0.0255085 0.995421 0.0924607 -0.0255085 0.99539 0.183634 0.025502 0.982664 0.273335 -0.0255744 0.961579 0.27377 -0.0255744 0.961455 0.361167 0.0255074 0.932152 0.445619 -0.0256574 0.894855 0.445343 -0.0256574 0.894992 0.526194 0.0256262 0.849978 0.602625 -0.0257214 0.79761 0.602395 -0.0257214 0.797783 0.673541 0.0255376 0.738709 0.738643 -0.0254735 0.673615 0.738798 -0.0254735 0.673446 0.797692 0.0256293 0.60252 0.849926 -0.0255871 0.52628 0.850023 -0.0255871 0.526124 0.894929 0.02557 0.445476 0.932155 -0.0255086 0.361161 0.932155 -0.0255086 0.361161 0.961513 0.0256919 0.273556 0.998932 0 0.0461941 0.995404 0.0256043 0.0922817 0.982627 -0.0256089 0.183816 0.982693 -0.0256089 0.183462 0.998932 0 -0.0461941 0.995404 0.0256043 -0.0922817 0.982627 -0.0256089 -0.183816 0.982693 -0.025609 -0.183463 0.961513 0.0256913 -0.273556 0.932155 -0.0255096 -0.361161 0.932155 -0.0255096 -0.361161 0.894928 0.0255693 -0.445476 0.85003 -0.0255799 -0.526113 0.849919 -0.0255799 -0.526292 0.797692 0.0256287 -0.60252 0.738809 -0.0254654 -0.673433 0.738634 -0.0254654 -0.673626 0.673541 0.0255377 -0.738708 0.602393 -0.025723 -0.797785 0.602638 -0.025723 -0.7976 0.526193 0.0256345 -0.849979 0.445326 -0.0256588 -0.895001 0.445622 -0.0256588 -0.894854 0.361166 0.0255082 -0.932153 0.273769 -0.025573 -0.961455 0.273335 -0.025573 -0.961579 0.183635 0.0255028 -0.982664 0.0924607 -0.0255084 -0.99539 0.092119 -0.0255084 -0.995421 0 0.0255978 -0.999672 -0.092119 -0.0255078 -0.995421 -0.0924607 -0.0255079 -0.99539 -0.183636 0.0255041 -0.982664 -0.273338 -0.0255722 -0.961578 -0.273769 -0.0255722 -0.961455 -0.361166 0.0255093 -0.932153 -0.44562 -0.0256561 -0.894855 -0.445326 -0.0256561 -0.895001 -0.5262 0.0256423 -0.849974 -0.602643 -0.0257123 -0.797597 -0.60239 -0.0257123 -0.797787 -0.673532 0.0255447 -0.738717 -0.738634 -0.0254654 -0.673626 -0.738809 -0.0254654 -0.673433 -0.797694 0.0256299 -0.602518 -0.849919 -0.0255773 -0.526292 -0.850028 -0.0255773 -0.526117 -0.894927 0.0255733 -0.445478 -0.932156 -0.0255096 -0.361156 -0.932153 -0.0255096 -0.361166 -0.961513 0.0256941 -0.273556 -0.998932 0 -0.0461941 -0.995403 0.0256058 -0.0922844 -0.982626 -0.0256089 -0.183821 -0.982694 -0.025609 -0.183457 0 -1 0 0 -1 0 0 -1 0 0 -1 0 0 -1 0 0 -1 0 0 -1 0 0 -1 0 0 -1 0 0 -1 0 0 -1 0 0 -1 0 0 -1 0 0 -1 0 0 -1 0 0 -1 0 0 -1 0 0 -1 0 0 -1 0 0 -1 0 0 -1 0 0 -1 0 0 -1 0 0 -1 0 0 -1 0 0 -1 0 0 -1 0 0 -1 0 0 -1 0 0 -1 0 0 -1 0 0 -1 0 0 -1 0 0 -1 0 0 -1 0 0 -1 0 0 -1 0 0 -1 0 0 -1 0 0 -1 0 0 -1 0 0 -1 0 0 -1 0 0 -1 0 0 -1 0 0 -1 0 0 -1 0 0 -1 0 0 -1 0 0 -1 0 0 -1 0 0 -1 0 0 -1 0 0 -1 0 0 -1 0 0 -1 0 0 -1 0 0 -1 0 0 -1 0 0 -1 0 0 -1 0 0 -1 0 0 -1 0 0 -1 0 0 -1 0 0 -1 0 0 -1 0 0 -1 0 0 -1 0 0 -1 0 0 -1 0 0 -1 0 0 -1 0 0 -1 0 0 -1 0 0 -1 0 0 -1 0 0 -1 0 0 -1 0 0 -1 0 0 -1 0 -0.991644 0 0.129008 -0.951049 0 0.30904 -0.951049 0 0.30904 -0.878129 0 0.478423 -0.878129 0 0.478423 -0.775324 0 0.631564 -0.775324 0 0.631564 -0.645877 0 0.763442 -0.645877 0 0.763442 -0.494781 0 0.869018 -0.494781 0 0.869018 -0.326505 0 0.945196 -0.326505 0 0.945196 -0.147393 0 0.989078 -0.147393 0 0.989078 -0.0276769 0 0.999617 0.0369366 -0.0124395 0.99924 0.0646307 0 0.997909 0.219899 0 0.975523 0.219899 0 0.975523 0.395362 0 0.918526 0.395362 0 0.918526 0.557452 0 0.830209 0.557452 0 0.830209 0.700494 0 0.713659 0.700494 0 0.713659 0.819771 0 0.572692 0.819771 0 0.572692 0.911001 0 0.412404 0.911001 0 0.412404 0.971244 0 0.238087 0.971244 0 0.238087 0.998459 0 0.0554898 0.998459 0 0.0554898 0.991644 0 -0.129005 0.991644 0 -0.129005 0.951049 0 -0.30904 0.951049 0 -0.30904 0.878127 0 -0.478427 0.878127 0 -0.478427 0.775324 0 -0.631563 0.775324 0 -0.631563 0.645877 0 -0.763441 0.645877 0 -0.763441 0.49478 0 -0.869018 0.49478 0 -0.869018 0.326504 0 -0.945196 0.326504 0 -0.945196 0.147394 0 -0.989078 0.147394 0 -0.989078 -0.0369394 0 -0.999318 -0.0369394 0 -0.999318 -0.219899 0 -0.975523 -0.219899 0 -0.975523 -0.395364 0 -0.918525 -0.395364 0 -0.918525 -0.557459 0 -0.830204 -0.557459 0 -0.830204 -0.700483 0 -0.713669 -0.700483 0 -0.713669 -0.819771 0 -0.572691 -0.819771 0 -0.572691 -0.911002 0 -0.412401 -0.911002 0 -0.412401 -0.971243 0 -0.23809 -0.971243 0 -0.23809 -0.99727 0 -0.0738475 -0.998415 0.00943898 -0.0554848 -0.999834 0 0.0182197 -0.991644 0 0.129008 0 1 0 0 1 0 0 1 0 0 1 0 0 1 0 0 1 0 0 1 0 0 1 0 0 1 0 0 1 0 0 1 0 0 1 0 0 1 0 0 1 0 0 1 0 0 1 0 0 1 0 0 1 0 0 1 0 0 1 0 0 1 0 0 1 0 0 1 0 0 1 0 0 1 0 0 1 0 0 1 0 0 1 0 0 1 0 0 1 0 0 1 0 0 1 0 0 1 0 0 1 0 0 1 0</float_array>
                    <technique_common>
                        <accessor count="1088" source="#shape0-lib-normals-array" stride="3">
                            <param name="X" type="float"/>
                            <param name="Y" type="float"/>
                            <param name="Z" type="float"/>
                        </accessor>
                    </technique_common>
                </source>
                <source id="shape0-lib-vcolor" name="vcolor">
                    <float_array id="shape0-lib-vcolor-array" count="9760">0.894118 0.913725 0.929412 1 0.894118 0.913725 0.929412 1 0.894118 0.913725 0.929412 1 0.894118 0.913725 0.929412 1 0.894118 0.913725 0.929412 1 0.894118 0.913725 0.929412 1 0.894118 0.913725 0.929412 1 0.894118 0.913725 0.929412 1 0.894118 0.913725 0.929412 1 0.894118 0.913725 0.929412 1 0.894118 0.913725 0.929412 1 0.894118 0.913725 0.929412 1 0.894118 0.913725 0.929412 1 0.894118 0.913725 0.929412 1 0.894118 0.913725 0.929412 1 0.894118 0.913725 0.929412 1 0.894118 0.913725 0.929412 1 0.894118 0.913725 0.929412 1 0.894118 0.913725 0.929412 1 0.894118 0.913725 0.929412 1 0.894118 0.913725 0.929412 1 0.894118 0.913725 0.929412 1 0.894118 0.913725 0.929412 1 0.894118 0.913725 0.929412 1 0.894118 0.913725 0.929412 1 0.894118 0.913725 0.929412 1 0.894118 0.913725 0.929412 1 0.894118 0.913725 0.929412 1 0.894118 0.913725 0.929412 1 0.894118 0.913725 0.929412 1 0.894118 0.913725 0.929412 1 0.894118 0.913725 0.929412 1 0.894118 0.913725 0.929412 1 0.894118 0.913725 0.929412 1 0.894118 0.913725 0.929412 1 0.894118 0.913725 0.929412 1 0.894118 0.913725 0.929412 1 0.894118 0.913725 0.929412 1 0.894118 0.913725 0.929412 1 0.894118 0.913725 0.929412 1 0.894118 0.913725 0.929412 1 0.894118 0.913725 0.929412 1 0.894118 0.913725 0.929412 1 0.894118 0.913725 0.929412 1 0.894118 0.913725 0.929412 1 0.894118 0.913725 0.929412 1 0.894118 0.913725 0.929412 1 0.894118 0.913725 0.929412 1 0.894118 0.913725 0.929412 1 0.894118 0.913725 0.929412 1 0.894118 0.913725 0.929412 1 0.894118 0.913725 0.929412 1 0.894118 0.913725 0.929412 1 0.894118 0.913725 0.929412 1 0.894118 0.913725 0.929412 1 0.894118 0.913725 0.929412 1 0.894118 0.913725 0.929412 1 0.894118 0.913725 0.929412 1 0.894118 0.913725 0.929412 1 0.894118 0.913725 0.929412 1 0.894118 0.913725 0.929412 1 0.894118 0.913725 0.929412 1 0.894118 0.913725 0.929412 1 0.894118 0.913725 0.929412 1 0.894118 0.913725 0.929412 1 0.894118 0.913725 0.929412 1 0.894118 0.913725 0.929412 1 0.894118 0.913725 0.929412 1 0.894118 0.913725 0.929412 1 0.894118 0.913725 0.929412 1 0.894118 0.913725 0.929412 1 0.894118 0.913725 0.929412 1 0.894118 0.913725 0.929412 1 0.894118 0.913725 0.929412 1 0.894118 0.913725 0.929412 1 0.894118 0.913725 0.929412 1 0.894118 0.913725 0.929412 1 0.894118 0.913725 0.929412 1 0.894118 0.913725 0.929412 1 0.894118 0.913725 0.929412 1 0.894118 0.913725 0.929412 1 0.894118 0.913725 0.929412 1 0.894118 0.913725 0.929412 1 0.894118 0.913725 0.929412 1 0.894118 0.913725 0.929412 1 0.894118 0.913725 0.929412 1 0.894118 0.913725 0.929412 1 0.894118 0.913725 0.929412 1 0.894118 0.913725 0.929412 1 0.894118 0.913725 0.929412 1 0.894118 0.913725 0.929412 1 0.894118 0.913725 0.929412 1 0.894118 0.913725 0.929412 1 0.894118 0.913725 0.929412 1 0.894118 0.913725 0.929412 1 0.894118 0.913725 0.929412 1 0.894118 0.913725 0.929412 1 0.894118 0.913725 0.929412 1 0.894118 0.913725 0.929412 1 0.894118 0.913725 0.929412 1 0.894118 0.913725 0.929412 1 0.894118 0.913725 0.929412 1 0.894118 0.913725 0.929412 1 0.894118 0.913725 0.929412 1 0.894118 0.913725 0.929412 1 0.894118 0.913725 0.929412 1 0.894118 0.913725 0.929412 1 0.894118 0.913725 0.929412 1 0.894118 0.913725 0.929412 1 0.894118 0.913725 0.929412 1 0.894118 0.913725 0.929412 1 0.894118 0.913725 0.929412 1 0.894118 0.913725 0.929412 1 0.894118 0.913725 0.929412 1 0.894118 0.913725 0.929412 1 0.894118 0.913725 0.929412 1 0.894118 0.913725 0.929412 1 0.894118 0.913725 0.929412 1 0.894118 0.913725 0.929412 1 0.894118 0.913725 0.929412 1 0.894118 0.913725 0.929412 1 0.894118 0.913725 0.929412 1 0.894118 0.913725 0.929412 1 0.894118 0.913725 0.929412 1 0.894118 0.913725 0.929412 1 0.894118 0.913725 0.929412 1 0.894118 0.913725 0.929412 1 0.894118 0.913725 0.929412 1 0.894118 0.913725 0.929412 1 0.894118 0.913725 0.929412 1 0.894118 0.913725 0.929412 1 0.894118 0.913725 0.929412 1 0.894118 0.913725 0.929412 1 0.894118 0.913725 0.929412 1 0.894118 0.913725 0.929412 1 0.894118 0.913725 0.929412 1 0.894118 0.913725 0.929412 1 0.894118 0.913725 0.929412 1 0.894118 0.913725 0.929412 1 0.894118 0.913725 0.929412 1 0.894118 0.913725 0.929412 1 0.894118 0.913725 0.929412 1 0.894118 0.913725 0.929412 1 0.894118 0.913725 0.929412 1 0.894118 0.913725 0.929412 1 0.894118 0.913725 0.929412 1 0.894118 0.913725 0.929412 1 0.894118 0.913725 0.929412 1 0.894118 0.913725 0.929412 1 0.894118 0.913725 0.929412 1 0.894118 0.913725 0.929412 1 0.894118 0.913725 0.929412 1 0.894118 0.913725 0.929412 1 0.894118 0.913725 0.929412 1 0.894118 0.913725 0.929412 1 0.894118 0.913725 0.929412 1 0.894118 0.913725 0.929412 1 0.894118 0.913725 0.929412 1 0.894118 0.913725 0.929412 1 0.894118 0.913725 0.929412 1 0.894118 0.913725 0.929412 1 0.894118 0.913725 0.929412 1 0.894118 0.913725 0.929412 1 0.894118 0.913725 0.929412 1 0.894118 0.913725 0.929412 1 0.894118 0.913725 0.929412 1 0.894118 0.913725 0.929412 1 0.894118 0.913725 0.929412 1 0.894118 0.913725 0.929412 1 0.894118 0.913725 0.929412 1 0.894118 0.913725 0.929412 1 0.894118 0.913725 0.929412 1 0.894118 0.913725 0.929412 1 0.894118 0.913725 0.929412 1 0.894118 0.913725 0.929412 1 0.894118 0.913725 0.929412 1 0.894118 0.913725 0.929412 1 0.894118 0.913725 0.929412 1 0.894118 0.913725 0.929412 1 0.894118 0.913725 0.929412 1 0.894118 0.913725 0.929412 1 0.894118 0.913725 0.929412 1 0.894118 0.913725 0.929412 1 0.894118 0.913725 0.929412 1 0.894118 0.913725 0.929412 1 0.894118 0.913725 0.929412 1 0.894118 0.913725 0.929412 1 0.894118 0.913725 0.929412 1 0.894118 0.913725 0.929412 1 0.894118 0.913725 0.929412 1 0.894118 0.913725 0.929412 1 0.894118 0.913725 0.929412 1 0.894118 0.913725 0.929412 1 0.894118 0.913725 0.929412 1 0.894118 0.913725 0.929412 1 0.894118 0.913725 0.929412 1 0.894118 0.913725 0.929412 1 0.894118 0.913725 0.929412 1 0.894118 0.913725 0.929412 1 0.894118 0.913725 0.929412 1 0.894118 0.913725 0.929412 1 0.894118 0.913725 0.929412 1 0.894118 0.913725 0.929412 1 0.894118 0.913725 0.929412 1 0.894118 0.913725 0.929412 1 0.894118 0.913725 0.929412 1 0.894118 0.913725 0.929412 1 0.894118 0.913725 0.929412 1 0.894118 0.913725 0.929412 1 0.894118 0.913725 0.929412 1 0.894118 0.913725 0.929412 1 0.894118 0.913725 0.929412 1 0.894118 0.913725 0.929412 1 0.894118 0.913725 0.929412 1 0.894118 0.913725 0.929412 1 0.894118 0.913725 0.929412 1 0.894118 0.913725 0.929412 1 0.894118 0.913725 0.929412 1 0.894118 0.913725 0.929412 1 0.894118 0.913725 0.929412 1 0.894118 0.913725 0.929412 1 0.894118 0.913725 0.929412 1 0.894118 0.913725 0.929412 1 0.894118 0.913725 0.929412 1 0.894118 0.913725 0.929412 1 0.894118 0.913725 0.929412 1 0.894118 0.913725 0.929412 1 0.894118 0.913725 0.929412 1 0.894118 0.913725 0.929412 1 0.894118 0.913725 0.929412 1 0.894118 0.913725 0.929412 1 0.894118 0.913725 0.929412 1 0.894118 0.913725 0.929412 1 0.894118 0.913725 0.929412 1 0.894118 0.913725 0.929412 1 0.894118 0.913725 0.929412 1 0.894118 0.913725 0.929412 1 0.894118 0.913725 0.929412 1 0.894118 0.913725 0.929412 1 0.894118 0.913725 0.929412 1 0.894118 0.913725 0.929412 1 0.894118 0.913725 0.929412 1 0.894118 0.913725 0.929412 1 0.894118 0.913725 0.929412 1 0.894118 0.913725 0.929412 1 0.894118 0.913725 0.929412 1 0.894118 0.913725 0.929412 1 0.894118 0.913725 0.929412 1 0.894118 0.913725 0.929412 1 0.894118 0.913725 0.929412 1 0.894118 0.913725 0.929412 1 0.894118 0.913725 0.929412 1 0.894118 0.913725 0.929412 1 0.894118 0.913725 0.929412 1 0.894118 0.913725 0.929412 1 0.894118 0.913725 0.929412 1 0.894118 0.913725 0.929412 1 0.894118 0.913725 0.929412 1 0.894118 0.913725 0.929412 1 0.894118 0.913725 0.929412 1 0.894118 0.913725 0.929412 1 0.894118 0.913725 0.929412 1 0.894118 0.913725 0.929412 1 0.894118 0.913725 0.929412 1 0.894118 0.913725 0.929412 1 0.894118 0.913725 0.929412 1 0.894118 0.913725 0.929412 1 0.894118 0.913725 0.929412 1 0.894118 0.913725 0.929412 1 0.894118 0.913725 0.929412 1 0.894118 0.913725 0.929412 1 0.894118 0.913725 0.929412 1 0.894118 0.913725 0.929412 1 0.894118 0.913725 0.929412 1 0.894118 0.913725 0.929412 1 0.894118 0.913725 0.929412 1 0.894118 0.913725 0.929412 1 0.894118 0.913725 0.929412 1 0.894118 0.913725 0.929412 1 0.894118 0.913725 0.929412 1 0.894118 0.913725 0.929412 1 0.894118 0.913725 0.929412 1 0.894118 0.913725 0.929412 1 0.894118 0.913725 0.929412 1 0.894118 0.913725 0.929412 1 0.894118 0.913725 0.929412 1 0.894118 0.913725 0.929412 1 0.894118 0.913725 0.929412 1 0.894118 0.913725 0.929412 1 0.894118 0.913725 0.929412 1 0.894118 0.913725 0.929412 1 0.894118 0.913725 0.929412 1 0.894118 0.913725 0.929412 1 0.894118 0.913725 0.929412 1 0.894118 0.913725 0.929412 1 0.894118 0.913725 0.929412 1 0.894118 0.913725 0.929412 1 0.894118 0.913725 0.929412 1 0.894118 0.913725 0.929412 1 0.894118 0.913725 0.929412 1 0.894118 0.913725 0.929412 1 0.894118 0.913725 0.929412 1 0.894118 0.913725 0.929412 1 0.894118 0.913725 0.929412 1 0.894118 0.913725 0.929412 1 0.894118 0.913725 0.929412 1 0.894118 0.913725 0.929412 1 0.894118 0.913725 0.929412 1 0.894118 0.913725 0.929412 1 0.894118 0.913725 0.929412 1 0.894118 0.913725 0.929412 1 0.894118 0.913725 0.929412 1 0.894118 0.913725 0.929412 1 0.894118 0.913725 0.929412 1 0.894118 0.913725 0.929412 1 0.894118 0.913725 0.929412 1 0.894118 0.913725 0.929412 1 0.894118 0.913725 0.929412 1 0.894118 0.913725 0.929412 1 0.894118 0.913725 0.929412 1 0.894118 0.913725 0.929412 1 0.894118 0.913725 0.929412 1 0.894118 0.913725 0.929412 1 0.894118 0.913725 0.929412 1 0.894118 0.913725 0.929412 1 0.894118 0.913725 0.929412 1 0.894118 0.913725 0.929412 1 0.894118 0.913725 0.929412 1 0.894118 0.913725 0.929412 1 0.894118 0.913725 0.929412 1 0.894118 0.913725 0.929412 1 0.894118 0.913725 0.929412 1 0.894118 0.913725 0.929412 1 0.894118 0.913725 0.929412 1 0.894118 0.913725 0.929412 1 0.894118 0.913725 0.929412 1 0.894118 0.913725 0.929412 1 0.894118 0.913725 0.929412 1 0.894118 0.913725 0.929412 1 0.894118 0.913725 0.929412 1 0.894118 0.913725 0.929412 1 0.894118 0.913725 0.929412 1 0.894118 0.913725 0.929412 1 0.894118 0.913725 0.929412 1 0.894118 0.913725 0.929412 1 0.894118 0.913725 0.929412 1 0.894118 0.913725 0.929412 1 0.894118 0.913725 0.929412 1 0.894118 0.913725 0.929412 1 0.894118 0.913725 0.929412 1 0.894118 0.913725 0.929412 1 0.894118 0.913725 0.929412 1 0.894118 0.913725 0.929412 1 0.894118 0.913725 0.929412 1 0.894118 0.913725 0.929412 1 0.894118 0.913725 0.929412 1 0.894118 0.913725 0.929412 1 0.894118 0.913725 0.929412 1 0.894118 0.913725 0.929412 1 0.894118 0.913725 0.929412 1 0.894118 0.913725 0.929412 1 0.894118 0.913725 0.929412 1 0.894118 0.913725 0.929412 1 0.894118 0.913725 0.929412 1 0.894118 0.913725 0.929412 1 0.894118 0.913725 0.929412 1 0.894118 0.913725 0.929412 1 0.894118 0.913725 0.929412 1 0.894118 0.913725 0.929412 1 0.894118 0.913725 0.929412 1 0.894118 0.913725 0.929412 1 0.894118 0.913725 0.929412 1 0.894118 0.913725 0.929412 1 0.894118 0.913725 0.929412 1 0.894118 0.913725 0.929412 1 0.894118 0.913725 0.929412 1 0.894118 0.913725 0.929412 1 0.894118 0.913725 0.929412 1 0.894118 0.913725 0.929412 1 0.894118 0.913725 0.929412 1 0.894118 0.913725 0.929412 1 0.894118 0.913725 0.929412 1 0.894118 0.913725 0.929412 1 0.894118 0.913725 0.929412 1 0.894118 0.913725 0.929412 1 0.894118 0.913725 0.929412 1 0.894118 0.913725 0.929412 1 0.894118 0.913725 0.929412 1 0.894118 0.913725 0.929412 1 0.894118 0.913725 0.929412 1 0.894118 0.913725 0.929412 1 0.894118 0.913725 0.929412 1 0.894118 0.913725 0.929412 1 0.894118 0.913725 0.929412 1 0.894118 0.913725 0.929412 1 0.894118 0.913725 0.929412 1 0.894118 0.913725 0.929412 1 0.894118 0.913725 0.929412 1 0.894118 0.913725 0.929412 1 0.894118 0.913725 0.929412 1 0.894118 0.913725 0.929412 1 0.894118 0.913725 0.929412 1 0.894118 0.913725 0.929412 1 0.894118 0.913725 0.929412 1 0.894118 0.913725 0.929412 1 0.894118 0.913725 0.929412 1 0.894118 0.913725 0.929412 1 0.894118 0.913725 0.929412 1 0.894118 0.913725 0.929412 1 0.894118 0.913725 0.929412 1 0.894118 0.913725 0.929412 1 0.894118 0.913725 0.929412 1 0.894118 0.913725 0.929412 1 0.894118 0.913725 0.929412 1 0.894118 0.913725 0.929412 1 0.894118 0.913725 0.929412 1 0.894118 0.913725 0.929412 1 0.894118 0.913725 0.929412 1 0.894118 0.913725 0.929412 1 0.894118 0.913725 0.929412 1 0.894118 0.913725 0.929412 1 0.894118 0.913725 0.929412 1 0.894118 0.913725 0.929412 1 0.894118 0.913725 0.929412 1 0.894118 0.913725 0.929412 1 0.894118 0.913725 0.929412 1 0.894118 0.913725 0.929412 1 0.894118 0.913725 0.929412 1 0.894118 0.913725 0.929412 1 0.894118 0.913725 0.929412 1 0.894118 0.913725 0.929412 1 0.894118 0.913725 0.929412 1 0.894118 0.913725 0.929412 1 0.894118 0.913725 0.929412 1 0.894118 0.913725 0.929412 1 0.894118 0.913725 0.929412 1 0.894118 0.913725 0.929412 1 0.894118 0.913725 0.929412 1 0.894118 0.913725 0.929412 1 0.894118 0.913725 0.929412 1 0.894118 0.913725 0.929412 1 0.894118 0.913725 0.929412 1 0.894118 0.913725 0.929412 1 0.894118 0.913725 0.929412 1 0.894118 0.913725 0.929412 1 0.894118 0.913725 0.929412 1 0.894118 0.913725 0.929412 1 0.894118 0.913725 0.929412 1 0.894118 0.913725 0.929412 1 0.894118 0.913725 0.929412 1 0.894118 0.913725 0.929412 1 0.894118 0.913725 0.929412 1 0.894118 0.913725 0.929412 1 0.894118 0.913725 0.929412 1 0.894118 0.913725 0.929412 1 0.894118 0.913725 0.929412 1 0.894118 0.913725 0.929412 1 0.894118 0.913725 0.929412 1 0.894118 0.913725 0.929412 1 0.894118 0.913725 0.929412 1 0.894118 0.913725 0.929412 1 0.894118 0.913725 0.929412 1 0.894118 0.913725 0.929412 1 0.894118 0.913725 0.929412 1 0.894118 0.913725 0.929412 1 0.894118 0.913725 0.929412 1 0.894118 0.913725 0.929412 1 0.894118 0.913725 0.929412 1 0.894118 0.913725 0.929412 1 0.894118 0.913725 0.929412 1 0.894118 0.913725 0.929412 1 0.894118 0.913725 0.929412 1 0.894118 0.913725 0.929412 1 0.894118 0.913725 0.929412 1 0.894118 0.913725 0.929412 1 0.894118 0.913725 0.929412 1 0.894118 0.913725 0.929412 1 0.894118 0.913725 0.929412 1 0.894118 0.913725 0.929412 1 0.894118 0.913725 0.929412 1 0.894118 0.913725 0.929412 1 0.894118 0.913725 0.929412 1 0.894118 0.913725 0.929412 1 0.894118 0.913725 0.929412 1 0.894118 0.913725 0.929412 1 0.894118 0.913725 0.929412 1 0.894118 0.913725 0.929412 1 0.894118 0.913725 0.929412 1 0.894118 0.913725 0.929412 1 0.894118 0.913725 0.929412 1 0.894118 0.913725 0.929412 1 0.894118 0.913725 0.929412 1 0.894118 0.913725 0.929412 1 0.894118 0.913725 0.929412 1 0.894118 0.913725 0.929412 1 0.894118 0.913725 0.929412 1 0.894118 0.913725 0.929412 1 0.894118 0.913725 0.929412 1 0.894118 0.913725 0.929412 1 0.894118 0.913725 0.929412 1 0.894118 0.913725 0.929412 1 0.894118 0.913725 0.929412 1 0.894118 0.913725 0.929412 1 0.894118 0.913725 0.929412 1 0.894118 0.913725 0.929412 1 0.894118 0.913725 0.929412 1 0.894118 0.913725 0.929412 1 0.894118 0.913725 0.929412 1 0.894118 0.913725 0.929412 1 0.894118 0.913725 0.929412 1 0.894118 0.913725 0.929412 1 0.894118 0.913725 0.929412 1 0.894118 0.913725 0.929412 1 0.894118 0.913725 0.929412 1 0.894118 0.913725 0.929412 1 0.894118 0.913725 0.929412 1 0.894118 0.913725 0.929412 1 0.894118 0.913725 0.929412 1 0.894118 0.913725 0.929412 1 0.894118 0.913725 0.929412 1 0.894118 0.913725 0.929412 1 0.894118 0.913725 0.929412 1 0.894118 0.913725 0.929412 1 0.894118 0.913725 0.929412 1 0.894118 0.913725 0.929412 1 0.894118 0.913725 0.929412 1 0.894118 0.913725 0.929412 1 0.894118 0.913725 0.929412 1 0.894118 0.913725 0.929412 1 0.894118 0.913725 0.929412 1 0.894118 0.913725 0.929412 1 0.894118 0.913725 0.929412 1 0.894118 0.913725 0.929412 1 0.894118 0.913725 0.929412 1 0.894118 0.913725 0.929412 1 0.894118 0.913725 0.929412 1 0.894118 0.913725 0.929412 1 0.894118 0.913725 0.929412 1 0.894118 0.913725 0.929412 1 0.894118 0.913725 0.929412 1 0.894118 0.913725 0.929412 1 0.894118 0.913725 0.929412 1 0.894118 0.913725 0.929412 1 0.894118 0.913725 0.929412 1 0.894118 0.913725 0.929412 1 0.894118 0.913725 0.929412 1 0.894118 0.913725 0.929412 1 0.894118 0.913725 0.929412 1 0.894118 0.913725 0.929412 1 0.894118 0.913725 0.929412 1 0.894118 0.913725 0.929412 1 0.894118 0.913725 0.929412 1 0.894118 0.913725 0.929412 1 0.894118 0.913725 0.929412 1 0.894118 0.913725 0.929412 1 0.894118 0.913725 0.929412 1 0.894118 0.913725 0.929412 1 0.894118 0.913725 0.929412 1 0.894118 0.913725 0.929412 1 0.894118 0.913725 0.929412 1 0.894118 0.913725 0.929412 1 0.894118 0.913725 0.929412 1 0.894118 0.913725 0.929412 1 0.894118 0.913725 0.929412 1 0.894118 0.913725 0.929412 1 0.894118 0.913725 0.929412 1 0.894118 0.913725 0.929412 1 0.894118 0.913725 0.929412 1 0.894118 0.913725 0.929412 1 0.894118 0.913725 0.929412 1 0.894118 0.913725 0.929412 1 0.894118 0.913725 0.929412 1 0.894118 0.913725 0.929412 1 0.894118 0.913725 0.929412 1 0.894118 0.913725 0.929412 1 0.894118 0.913725 0.929412 1 0.894118 0.913725 0.929412 1 0.894118 0.913725 0.929412 1 0.894118 0.913725 0.929412 1 0.894118 0.913725 0.929412 1 0.894118 0.913725 0.929412 1 0.894118 0.913725 0.929412 1 0.894118 0.913725 0.929412 1 0.894118 0.913725 0.929412 1 0.894118 0.913725 0.929412 1 0.894118 0.913725 0.929412 1 0.894118 0.913725 0.929412 1 0.894118 0.913725 0.929412 1 0.894118 0.913725 0.929412 1 0.894118 0.913725 0.929412 1 0.894118 0.913725 0.929412 1 0.894118 0.913725 0.929412 1 0.894118 0.913725 0.929412 1 0.894118 0.913725 0.929412 1 0.894118 0.913725 0.929412 1 0.894118 0.913725 0.929412 1 0.894118 0.913725 0.929412 1 0.894118 0.913725 0.929412 1 0.894118 0.913725 0.929412 1 0.894118 0.913725 0.929412 1 0.894118 0.913725 0.929412 1 0.894118 0.913725 0.929412 1 0.894118 0.913725 0.929412 1 0.894118 0.913725 0.929412 1 0.894118 0.913725 0.929412 1 0.894118 0.913725 0.929412 1 0.894118 0.913725 0.929412 1 0.894118 0.913725 0.929412 1 0.894118 0.913725 0.929412 1 0.894118 0.913725 0.929412 1 0.894118 0.913725 0.929412 1 0.894118 0.913725 0.929412 1 0.894118 0.913725 0.929412 1 0.894118 0.913725 0.929412 1 0.894118 0.913725 0.929412 1 0.894118 0.913725 0.929412 1 0.894118 0.913725 0.929412 1 0.894118 0.913725 0.929412 1 0.894118 0.913725 0.929412 1 0.894118 0.913725 0.929412 1 0.894118 0.913725 0.929412 1 0.894118 0.913725 0.929412 1 0.894118 0.913725 0.929412 1 0.894118 0.913725 0.929412 1 0.894118 0.913725 0.929412 1 0.894118 0.913725 0.929412 1 0.894118 0.913725 0.929412 1 0.894118 0.913725 0.929412 1 0.894118 0.913725 0.929412 1 0.894118 0.913725 0.929412 1 0.894118 0.913725 0.929412 1 0.894118 0.913725 0.929412 1 0.894118 0.913725 0.929412 1 0.894118 0.913725 0.929412 1 0.894118 0.913725 0.929412 1 0.894118 0.913725 0.929412 1 0.894118 0.913725 0.929412 1 0.894118 0.913725 0.929412 1 0.894118 0.913725 0.929412 1 0.894118 0.913725 0.929412 1 0.894118 0.913725 0.929412 1 0.894118 0.913725 0.929412 1 0.894118 0.913725 0.929412 1 0.894118 0.913725 0.929412 1 0.894118 0.913725 0.929412 1 0.894118 0.913725 0.929412 1 0.894118 0.913725 0.929412 1 0.894118 0.913725 0.929412 1 0.894118 0.913725 0.929412 1 0.894118 0.913725 0.929412 1 0.894118 0.913725 0.929412 1 0.894118 0.913725 0.929412 1 0.894118 0.913725 0.929412 1 0.894118 0.913725 0.929412 1 0.894118 0.913725 0.929412 1 0.894118 0.913725 0.929412 1 0.894118 0.913725 0.929412 1 0.894118 0.913725 0.929412 1 0.894118 0.913725 0.929412 1 0.894118 0.913725 0.929412 1 0.894118 0.913725 0.929412 1 0.894118 0.913725 0.929412 1 0.894118 0.913725 0.929412 1 0.894118 0.913725 0.929412 1 0.894118 0.913725 0.929412 1 0.894118 0.913725 0.929412 1 0.894118 0.913725 0.929412 1 0.894118 0.913725 0.929412 1 0.894118 0.913725 0.929412 1 0.894118 0.913725 0.929412 1 0.894118 0.913725 0.929412 1 0.894118 0.913725 0.929412 1 0.894118 0.913725 0.929412 1 0.894118 0.913725 0.929412 1 0.894118 0.913725 0.929412 1 0.894118 0.913725 0.929412 1 0.894118 0.913725 0.929412 1 0.894118 0.913725 0.929412 1 0.894118 0.913725 0.929412 1 0.894118 0.913725 0.929412 1 0.894118 0.913725 0.929412 1 0.894118 0.913725 0.929412 1 0.894118 0.913725 0.929412 1 0.894118 0.913725 0.929412 1 0.894118 0.913725 0.929412 1 0.894118 0.913725 0.929412 1 0.894118 0.913725 0.929412 1 0.894118 0.913725 0.929412 1 0.894118 0.913725 0.929412 1 0.894118 0.913725 0.929412 1 0.894118 0.913725 0.929412 1 0.894118 0.913725 0.929412 1 0.894118 0.913725 0.929412 1 0.894118 0.913725 0.929412 1 0.894118 0.913725 0.929412 1 0.894118 0.913725 0.929412 1 0.894118 0.913725 0.929412 1 0.894118 0.913725 0.929412 1 0.894118 0.913725 0.929412 1 0.894118 0.913725 0.929412 1 0.894118 0.913725 0.929412 1 0.894118 0.913725 0.929412 1 0.894118 0.913725 0.929412 1 0.894118 0.913725 0.929412 1 0.894118 0.913725 0.929412 1 0.894118 0.913725 0.929412 1 0.894118 0.913725 0.929412 1 0.894118 0.913725 0.929412 1 0.894118 0.913725 0.929412 1 0.894118 0.913725 0.929412 1 0.894118 0.913725 0.929412 1 0.894118 0.913725 0.929412 1 0.894118 0.913725 0.929412 1 0.894118 0.913725 0.929412 1 0.894118 0.913725 0.929412 1 0.894118 0.913725 0.929412 1 0.894118 0.913725 0.929412 1 0.894118 0.913725 0.929412 1 0.894118 0.913725 0.929412 1 0.894118 0.913725 0.929412 1 0.894118 0.913725 0.929412 1 0.894118 0.913725 0.929412 1 0.894118 0.913725 0.929412 1 0.894118 0.913725 0.929412 1 0.894118 0.913725 0.929412 1 0.894118 0.913725 0.929412 1 0.894118 0.913725 0.929412 1 0.894118 0.913725 0.929412 1 0.894118 0.913725 0.929412 1 0.894118 0.913725 0.929412 1 0.894118 0.913725 0.929412 1 0.894118 0.913725 0.929412 1 0.894118 0.913725 0.929412 1 0.894118 0.913725 0.929412 1 0.894118 0.913725 0.929412 1 0.894118 0.913725 0.929412 1 0.894118 0.913725 0.929412 1 0.894118 0.913725 0.929412 1 0.894118 0.913725 0.929412 1 0.894118 0.913725 0.929412 1 0.894118 0.913725 0.929412 1 0.894118 0.913725 0.929412 1 0.894118 0.913725 0.929412 1 0.894118 0.913725 0.929412 1 0.894118 0.913725 0.929412 1 0.894118 0.913725 0.929412 1 0.894118 0.913725 0.929412 1 0.894118 0.913725 0.929412 1 0.894118 0.913725 0.929412 1 0.894118 0.913725 0.929412 1 0.894118 0.913725 0.929412 1 0.894118 0.913725 0.929412 1 0.894118 0.913725 0.929412 1 0.894118 0.913725 0.929412 1 0.894118 0.913725 0.929412 1 0.894118 0.913725 0.929412 1 0.894118 0.913725 0.929412 1 0.894118 0.913725 0.929412 1 0.894118 0.913725 0.929412 1 0.894118 0.913725 0.929412 1 0.894118 0.913725 0.929412 1 0.894118 0.913725 0.929412 1 0.894118 0.913725 0.929412 1 0.894118 0.913725 0.929412 1 0.894118 0.913725 0.929412 1 0.894118 0.913725 0.929412 1 0.894118 0.913725 0.929412 1 0.894118 0.913725 0.929412 1 0.894118 0.913725 0.929412 1 0.894118 0.913725 0.929412 1 0.894118 0.913725 0.929412 1 0.894118 0.913725 0.929412 1 0.894118 0.913725 0.929412 1 0.894118 0.913725 0.929412 1 0.894118 0.913725 0.929412 1 0.894118 0.913725 0.929412 1 0.894118 0.913725 0.929412 1 0.894118 0.913725 0.929412 1 0.894118 0.913725 0.929412 1 0.894118 0.913725 0.929412 1 0.894118 0.913725 0.929412 1 0.894118 0.913725 0.929412 1 0.894118 0.913725 0.929412 1 0.894118 0.913725 0.929412 1 0.894118 0.913725 0.929412 1 0.894118 0.913725 0.929412 1 0.894118 0.913725 0.929412 1 0.894118 0.913725 0.929412 1 0.894118 0.913725 0.929412 1 0.894118 0.913725 0.929412 1 0.894118 0.913725 0.929412 1 0.894118 0.913725 0.929412 1 0.894118 0.913725 0.929412 1 0.894118 0.913725 0.929412 1 0.894118 0.913725 0.929412 1 0.894118 0.913725 0.929412 1 0.894118 0.913725 0.929412 1 0.894118 0.913725 0.929412 1 0.894118 0.913725 0.929412 1 0.894118 0.913725 0.929412 1 0.894118 0.913725 0.929412 1 0.894118 0.913725 0.929412 1 0.894118 0.913725 0.929412 1 0.894118 0.913725 0.929412 1 0.894118 0.913725 0.929412 1 0.894118 0.913725 0.929412 1 0.894118 0.913725 0.929412 1 0.894118 0.913725 0.929412 1 0.894118 0.913725 0.929412 1 0.894118 0.913725 0.929412 1 0.894118 0.913725 0.929412 1 0.894118 0.913725 0.929412 1 0.894118 0.913725 0.929412 1 0.894118 0.913725 0.929412 1 0.894118 0.913725 0.929412 1 0.894118 0.913725 0.929412 1 0.894118 0.913725 0.929412 1 0.894118 0.913725 0.929412 1 0.894118 0.913725 0.929412 1 0.894118 0.913725 0.929412 1 0.894118 0.913725 0.929412 1 0.894118 0.913725 0.929412 1 0.894118 0.913725 0.929412 1 0.894118 0.913725 0.929412 1 0.894118 0.913725 0.929412 1 0.894118 0.913725 0.929412 1 0.894118 0.913725 0.929412 1 0.894118 0.913725 0.929412 1 0.894118 0.913725 0.929412 1 0.894118 0.913725 0.929412 1 0.894118 0.913725 0.929412 1 0.894118 0.913725 0.929412 1 0.894118 0.913725 0.929412 1 0.894118 0.913725 0.929412 1 0.894118 0.913725 0.929412 1 0.894118 0.913725 0.929412 1 0.894118 0.913725 0.929412 1 0.894118 0.913725 0.929412 1 0.894118 0.913725 0.929412 1 0.894118 0.913725 0.929412 1 0.894118 0.913725 0.929412 1 0.894118 0.913725 0.929412 1 0.894118 0.913725 0.929412 1 0.894118 0.913725 0.929412 1 0.894118 0.913725 0.929412 1 0.894118 0.913725 0.929412 1 0.894118 0.913725 0.929412 1 0.894118 0.913725 0.929412 1 0.894118 0.913725 0.929412 1 0.894118 0.913725 0.929412 1 0.894118 0.913725 0.929412 1 0.894118 0.913725 0.929412 1 0.894118 0.913725 0.929412 1 0.894118 0.913725 0.929412 1 0.894118 0.913725 0.929412 1 0.894118 0.913725 0.929412 1 0.894118 0.913725 0.929412 1 0.894118 0.913725 0.929412 1 0.894118 0.913725 0.929412 1 0.894118 0.913725 0.929412 1 0.894118 0.913725 0.929412 1 0.894118 0.913725 0.929412 1 0.894118 0.913725 0.929412 1 0.894118 0.913725 0.929412 1 0.894118 0.913725 0.929412 1 0.894118 0.913725 0.929412 1 0.894118 0.913725 0.929412 1 0.894118 0.913725 0.929412 1 0.894118 0.913725 0.929412 1 0.894118 0.913725 0.929412 1 0.894118 0.913725 0.929412 1 0.894118 0.913725 0.929412 1 0.894118 0.913725 0.929412 1 0.894118 0.913725 0.929412 1 0.894118 0.913725 0.929412 1 0.894118 0.913725 0.929412 1 0.894118 0.913725 0.929412 1 0.894118 0.913725 0.929412 1 0.894118 0.913725 0.929412 1 0.894118 0.913725 0.929412 1 0.894118 0.913725 0.929412 1 0.894118 0.913725 0.929412 1 0.894118 0.913725 0.929412 1 0.894118 0.913725 0.929412 1 0.894118 0.913725 0.929412 1 0.894118 0.913725 0.929412 1 0.894118 0.913725 0.929412 1 0.894118 0.913725 0.929412 1 0.894118 0.913725 0.929412 1 0.894118 0.913725 0.929412 1 0.894118 0.913725 0.929412 1 0.894118 0.913725 0.929412 1 0.894118 0.913725 0.929412 1 0.894118 0.913725 0.929412 1 0.894118 0.913725 0.929412 1 0.894118 0.913725 0.929412 1 0.894118 0.913725 0.929412 1 0.894118 0.913725 0.929412 1 0.894118 0.913725 0.929412 1 0.894118 0.913725 0.929412 1 0.894118 0.913725 0.929412 1 0.894118 0.913725 0.929412 1 0.894118 0.913725 0.929412 1 0.894118 0.913725 0.929412 1 0.894118 0.913725 0.929412 1 0.894118 0.913725 0.929412 1 0.894118 0.913725 0.929412 1 0.894118 0.913725 0.929412 1 0.894118 0.913725 0.929412 1 0.894118 0.913725 0.929412 1 0.894118 0.913725 0.929412 1 0.894118 0.913725 0.929412 1 0.894118 0.913725 0.929412 1 0.894118 0.913725 0.929412 1 0.894118 0.913725 0.929412 1 0.894118 0.913725 0.929412 1 0.894118 0.913725 0.929412 1 0.894118 0.913725 0.929412 1 0.894118 0.913725 0.929412 1 0.894118 0.913725 0.929412 1 0.894118 0.913725 0.929412 1 0.894118 0.913725 0.929412 1 0.894118 0.913725 0.929412 1 0.894118 0.913725 0.929412 1 0.894118 0.913725 0.929412 1 0.894118 0.913725 0.929412 1 0.894118 0.913725 0.929412 1 0.894118 0.913725 0.929412 1 0.894118 0.913725 0.929412 1 0.894118 0.913725 0.929412 1 0.894118 0.913725 0.929412 1 0.894118 0.913725 0.929412 1 0.894118 0.913725 0.929412 1 0.894118 0.913725 0.929412 1 0.894118 0.913725 0.929412 1 0.894118 0.913725 0.929412 1 0.894118 0.913725 0.929412 1 0.894118 0.913725 0.929412 1 0.894118 0.913725 0.929412 1 0.894118 0.913725 0.929412 1 0.894118 0.913725 0.929412 1 0.894118 0.913725 0.929412 1 0.894118 0.913725 0.929412 1 0.894118 0.913725 0.929412 1 0.894118 0.913725 0.929412 1 0.894118 0.913725 0.929412 1 0.894118 0.913725 0.929412 1 0.894118 0.913725 0.929412 1 0.894118 0.913725 0.929412 1 0.894118 0.913725 0.929412 1 0.894118 0.913725 0.929412 1 0.894118 0.913725 0.929412 1 0.894118 0.913725 0.929412 1 0.894118 0.913725 0.929412 1 0.894118 0.913725 0.929412 1 0.894118 0.913725 0.929412 1 0.894118 0.913725 0.929412 1 0.894118 0.913725 0.929412 1 0.894118 0.913725 0.929412 1 0.894118 0.913725 0.929412 1 0.894118 0.913725 0.929412 1 0.894118 0.913725 0.929412 1 0.894118 0.913725 0.929412 1 0.894118 0.913725 0.929412 1 0.894118 0.913725 0.929412 1 0.894118 0.913725 0.929412 1 0.894118 0.913725 0.929412 1 0.894118 0.913725 0.929412 1 0.894118 0.913725 0.929412 1 0.894118 0.913725 0.929412 1 0.894118 0.913725 0.929412 1 0.894118 0.913725 0.929412 1 0.894118 0.913725 0.929412 1 0.894118 0.913725 0.929412 1 0.894118 0.913725 0.929412 1 0.894118 0.913725 0.929412 1 0.894118 0.913725 0.929412 1 0.894118 0.913725 0.929412 1 0.894118 0.913725 0.929412 1 0.894118 0.913725 0.929412 1 0.894118 0.913725 0.929412 1 0.894118 0.913725 0.929412 1 0.894118 0.913725 0.929412 1 0.894118 0.913725 0.929412 1 0.894118 0.913725 0.929412 1 0.894118 0.913725 0.929412 1 0.894118 0.913725 0.929412 1 0.894118 0.913725 0.929412 1 0.894118 0.913725 0.929412 1 0.894118 0.913725 0.929412 1 0.894118 0.913725 0.929412 1 0.894118 0.913725 0.929412 1 0.894118 0.913725 0.929412 1 0.894118 0.913725 0.929412 1 0.894118 0.913725 0.929412 1 0.894118 0.913725 0.929412 1 0.894118 0.913725 0.929412 1 0.894118 0.913725 0.929412 1 0.894118 0.913725 0.929412 1 0.894118 0.913725 0.929412 1 0.894118 0.913725 0.929412 1 0.894118 0.913725 0.929412 1 0.894118 0.913725 0.929412 1 0.894118 0.913725 0.929412 1 0.894118 0.913725 0.929412 1 0.894118 0.913725 0.929412 1 0.894118 0.913725 0.929412 1 0.894118 0.913725 0.929412 1 0.894118 0.913725 0.929412 1 0.894118 0.913725 0.929412 1 0.894118 0.913725 0.929412 1 0.894118 0.913725 0.929412 1 0.894118 0.913725 0.929412 1 0.894118 0.913725 0.929412 1 0.894118 0.913725 0.929412 1 0.894118 0.913725 0.929412 1 0.894118 0.913725 0.929412 1 0.894118 0.913725 0.929412 1 0.894118 0.913725 0.929412 1 0.894118 0.913725 0.929412 1 0.894118 0.913725 0.929412 1 0.894118 0.913725 0.929412 1 0.894118 0.913725 0.929412 1 0.894118 0.913725 0.929412 1 0.894118 0.913725 0.929412 1 0.894118 0.913725 0.929412 1 0.894118 0.913725 0.929412 1 0.894118 0.913725 0.929412 1 0.894118 0.913725 0.929412 1 0.894118 0.913725 0.929412 1 0.894118 0.913725 0.929412 1 0.894118 0.913725 0.929412 1 0.894118 0.913725 0.929412 1 0.894118 0.913725 0.929412 1 0.894118 0.913725 0.929412 1 0.894118 0.913725 0.929412 1 0.894118 0.913725 0.929412 1 0.894118 0.913725 0.929412 1 0.894118 0.913725 0.929412 1 0.894118 0.913725 0.929412 1 0.894118 0.913725 0.929412 1 0.894118 0.913725 0.929412 1 0.894118 0.913725 0.929412 1 0.894118 0.913725 0.929412 1 0.894118 0.913725 0.929412 1 0.894118 0.913725 0.929412 1 0.894118 0.913725 0.929412 1 0.894118 0.913725 0.929412 1 0.894118 0.913725 0.929412 1 0.894118 0.913725 0.929412 1 0.894118 0.913725 0.929412 1 0.894118 0.913725 0.929412 1 0.894118 0.913725 0.929412 1 0.894118 0.913725 0.929412 1 0.894118 0.913725 0.929412 1 0.894118 0.913725 0.929412 1 0.894118 0.913725 0.929412 1 0.894118 0.913725 0.929412 1 0.894118 0.913725 0.929412 1 0.894118 0.913725 0.929412 1 0.894118 0.913725 0.929412 1 0.894118 0.913725 0.929412 1 0.894118 0.913725 0.929412 1 0.894118 0.913725 0.929412 1 0.894118 0.913725 0.929412 1 0.894118 0.913725 0.929412 1 0.894118 0.913725 0.929412 1 0.894118 0.913725 0.929412 1 0.894118 0.913725 0.929412 1 0.894118 0.913725 0.929412 1 0.894118 0.913725 0.929412 1 0.894118 0.913725 0.929412 1 0.894118 0.913725 0.929412 1 0.894118 0.913725 0.929412 1 0.894118 0.913725 0.929412 1 0.894118 0.913725 0.929412 1 0.894118 0.913725 0.929412 1 0.894118 0.913725 0.929412 1 0.894118 0.913725 0.929412 1 0.894118 0.913725 0.929412 1 0.894118 0.913725 0.929412 1 0.894118 0.913725 0.929412 1 0.894118 0.913725 0.929412 1 0.894118 0.913725 0.929412 1 0.894118 0.913725 0.929412 1 0.894118 0.913725 0.929412 1 0.894118 0.913725 0.929412 1 0.894118 0.913725 0.929412 1 0.894118 0.913725 0.929412 1 0.894118 0.913725 0.929412 1 0.894118 0.913725 0.929412 1 0.894118 0.913725 0.929412 1 0.894118 0.913725 0.929412 1 0.894118 0.913725 0.929412 1 0.894118 0.913725 0.929412 1 0.894118 0.913725 0.929412 1 0.894118 0.913725 0.929412 1 0.894118 0.913725 0.929412 1 0.894118 0.913725 0.929412 1 0.894118 0.913725 0.929412 1 0.894118 0.913725 0.929412 1 0.894118 0.913725 0.929412 1 0.894118 0.913725 0.929412 1 0.894118 0.913725 0.929412 1 0.894118 0.913725 0.929412 1 0.894118 0.913725 0.929412 1 0.894118 0.913725 0.929412 1 0.894118 0.913725 0.929412 1 0.894118 0.913725 0.929412 1 0.894118 0.913725 0.929412 1 0.894118 0.913725 0.929412 1 0.894118 0.913725 0.929412 1 0.894118 0.913725 0.929412 1 0.894118 0.913725 0.929412 1 0.894118 0.913725 0.929412 1 0.894118 0.913725 0.929412 1 0.894118 0.913725 0.929412 1 0.894118 0.913725 0.929412 1 0.894118 0.913725 0.929412 1 0.894118 0.913725 0.929412 1 0.894118 0.913725 0.929412 1 0.894118 0.913725 0.929412 1 0.894118 0.913725 0.929412 1 0.894118 0.913725 0.929412 1 0.894118 0.913725 0.929412 1 0.894118 0.913725 0.929412 1 0.894118 0.913725 0.929412 1 0.894118 0.913725 0.929412 1 0.894118 0.913725 0.929412 1 0.894118 0.913725 0.929412 1 0.894118 0.913725 0.929412 1 0.894118 0.913725 0.929412 1 0.894118 0.913725 0.929412 1 0.894118 0.913725 0.929412 1 0.894118 0.913725 0.929412 1 0.894118 0.913725 0.929412 1 0.894118 0.913725 0.929412 1 0.894118 0.913725 0.929412 1 0.894118 0.913725 0.929412 1 0.894118 0.913725 0.929412 1 0.894118 0.913725 0.929412 1 0.894118 0.913725 0.929412 1 0.894118 0.913725 0.929412 1 0.894118 0.913725 0.929412 1 0.894118 0.913725 0.929412 1 0.894118 0.913725 0.929412 1 0.894118 0.913725 0.929412 1 0.894118 0.913725 0.929412 1 0.894118 0.913725 0.929412 1 0.894118 0.913725 0.929412 1 0.894118 0.913725 0.929412 1 0.894118 0.913725 0.929412 1 0.894118 0.913725 0.929412 1 0.894118 0.913725 0.929412 1 0.894118 0.913725 0.929412 1 0.894118 0.913725 0.929412 1 0.894118 0.913725 0.929412 1 0.894118 0.913725 0.929412 1 0.894118 0.913725 0.929412 1 0.894118 0.913725 0.929412 1 0.894118 0.913725 0.929412 1 0.894118 0.913725 0.929412 1 0.894118 0.913725 0.929412 1 0.894118 0.913725 0.929412 1 0.894118 0.913725 0.929412 1 0.894118 0.913725 0.929412 1 0.894118 0.913725 0.929412 1 0.894118 0.913725 0.929412 1 0.894118 0.913725 0.929412 1 0.894118 0.913725 0.929412 1 0.894118 0.913725 0.929412 1 0.894118 0.913725 0.929412 1 0.894118 0.913725 0.929412 1 0.894118 0.913725 0.929412 1 0.894118 0.913725 0.929412 1 0.894118 0.913725 0.929412 1 0.894118 0.913725 0.929412 1 0.894118 0.913725 0.929412 1 0.894118 0.913725 0.929412 1 0.894118 0.913725 0.929412 1 0.894118 0.913725 0.929412 1 0.894118 0.913725 0.929412 1 0.894118 0.913725 0.929412 1 0.894118 0.913725 0.929412 1 0.894118 0.913725 0.929412 1 0.894118 0.913725 0.929412 1 0.894118 0.913725 0.929412 1 0.894118 0.913725 0.929412 1 0.894118 0.913725 0.929412 1 0.894118 0.913725 0.929412 1 0.894118 0.913725 0.929412 1 0.894118 0.913725 0.929412 1 0.894118 0.913725 0.929412 1 0.894118 0.913725 0.929412 1 0.894118 0.913725 0.929412 1 0.894118 0.913725 0.929412 1 0.894118 0.913725 0.929412 1 0.894118 0.913725 0.929412 1 0.894118 0.913725 0.929412 1 0.894118 0.913725 0.929412 1 0.894118 0.913725 0.929412 1 0.894118 0.913725 0.929412 1 0.894118 0.913725 0.929412 1 0.894118 0.913725 0.929412 1 0.894118 0.913725 0.929412 1 0.894118 0.913725 0.929412 1 0.894118 0.913725 0.929412 1 0.894118 0.913725 0.929412 1 0.894118 0.913725 0.929412 1 0.894118 0.913725 0.929412 1 0.894118 0.913725 0.929412 1 0.894118 0.913725 0.929412 1 0.894118 0.913725 0.929412 1 0.894118 0.913725 0.929412 1 0.894118 0.913725 0.929412 1 0.894118 0.913725 0.929412 1 0.894118 0.913725 0.929412 1 0.894118 0.913725 0.929412 1 0.894118 0.913725 0.929412 1 0.894118 0.913725 0.929412 1 0.894118 0.913725 0.929412 1 0.894118 0.913725 0.929412 1 0.894118 0.913725 0.929412 1 0.894118 0.913725 0.929412 1 0.894118 0.913725 0.929412 1 0.894118 0.913725 0.929412 1 0.894118 0.913725 0.929412 1 0.894118 0.913725 0.929412 1 0.894118 0.913725 0.929412 1 0.894118 0.913725 0.929412 1 0.894118 0.913725 0.929412 1 0.894118 0.913725 0.929412 1 0.894118 0.913725 0.929412 1 0.894118 0.913725 0.929412 1 0.894118 0.913725 0.929412 1 0.894118 0.913725 0.929412 1 0.894118 0.913725 0.929412 1 0.894118 0.913725 0.929412 1 0.894118 0.913725 0.929412 1 0.894118 0.913725 0.929412 1 0.894118 0.913725 0.929412 1 0.894118 0.913725 0.929412 1 0.894118 0.913725 0.929412 1 0.894118 0.913725 0.929412 1 0.894118 0.913725 0.929412 1 0.894118 0.913725 0.929412 1 0.894118 0.913725 0.929412 1 0.894118 0.913725 0.929412 1 0.894118 0.913725 0.929412 1 0.894118 0.913725 0.929412 1 0.894118 0.913725 0.929412 1 0.894118 0.913725 0.929412 1 0.894118 0.913725 0.929412 1 0.894118 0.913725 0.929412 1 0.894118 0.913725 0.929412 1 0.894118 0.913725 0.929412 1 0.894118 0.913725 0.929412 1 0.894118 0.913725 0.929412 1 0.894118 0.913725 0.929412 1 0.894118 0.913725 0.929412 1 0.894118 0.913725 0.929412 1 0.894118 0.913725 0.929412 1 0.894118 0.913725 0.929412 1 0.894118 0.913725 0.929412 1 0.894118 0.913725 0.929412 1 0.894118 0.913725 0.929412 1 0.894118 0.913725 0.929412 1 0.894118 0.913725 0.929412 1 0.894118 0.913725 0.929412 1 0.894118 0.913725 0.929412 1 0.894118 0.913725 0.929412 1 0.894118 0.913725 0.929412 1 0.894118 0.913725 0.929412 1 0.894118 0.913725 0.929412 1 0.894118 0.913725 0.929412 1 0.894118 0.913725 0.929412 1 0.894118 0.913725 0.929412 1 0.894118 0.913725 0.929412 1 0.894118 0.913725 0.929412 1 0.894118 0.913725 0.929412 1 0.894118 0.913725 0.929412 1 0.894118 0.913725 0.929412 1 0.894118 0.913725 0.929412 1 0.894118 0.913725 0.929412 1 0.894118 0.913725 0.929412 1 0.894118 0.913725 0.929412 1 0.894118 0.913725 0.929412 1 0.894118 0.913725 0.929412 1 0.894118 0.913725 0.929412 1 0.894118 0.913725 0.929412 1 0.894118 0.913725 0.929412 1 0.894118 0.913725 0.929412 1 0.894118 0.913725 0.929412 1 0.894118 0.913725 0.929412 1 0.894118 0.913725 0.929412 1 0.894118 0.913725 0.929412 1 0.894118 0.913725 0.929412 1 0.894118 0.913725 0.929412 1 0.894118 0.913725 0.929412 1 0.894118 0.913725 0.929412 1 0.894118 0.913725 0.929412 1 0.894118 0.913725 0.929412 1 0.894118 0.913725 0.929412 1 0.894118 0.913725 0.929412 1 0.894118 0.913725 0.929412 1 0.894118 0.913725 0.929412 1 0.894118 0.913725 0.929412 1 0.894118 0.913725 0.929412 1 0.894118 0.913725 0.929412 1 0.894118 0.913725 0.929412 1 0.894118 0.913725 0.929412 1 0.894118 0.913725 0.929412 1 0.894118 0.913725 0.929412 1 0.894118 0.913725 0.929412 1 0.894118 0.913725 0.929412 1 0.894118 0.913725 0.929412 1 0.894118 0.913725 0.929412 1 0.894118 0.913725 0.929412 1 0.894118 0.913725 0.929412 1 0.894118 0.913725 0.929412 1 0.894118 0.913725 0.929412 1 0.894118 0.913725 0.929412 1 0.894118 0.913725 0.929412 1 0.894118 0.913725 0.929412 1 0.894118 0.913725 0.929412 1 0.894118 0.913725 0.929412 1 0.894118 0.913725 0.929412 1 0.894118 0.913725 0.929412 1 0.894118 0.913725 0.929412 1 0.894118 0.913725 0.929412 1 0.894118 0.913725 0.929412 1 0.894118 0.913725 0.929412 1 0.894118 0.913725 0.929412 1 0.894118 0.913725 0.929412 1 0.894118 0.913725 0.929412 1 0.894118 0.913725 0.929412 1 0.894118 0.913725 0.929412 1 0.894118 0.913725 0.929412 1 0.894118 0.913725 0.929412 1 0.894118 0.913725 0.929412 1 0.894118 0.913725 0.929412 1 0.894118 0.913725 0.929412 1 0.894118 0.913725 0.929412 1 0.894118 0.913725 0.929412 1 0.894118 0.913725 0.929412 1 0.894118 0.913725 0.929412 1 0.894118 0.913725 0.929412 1 0.894118 0.913725 0.929412 1 0.894118 0.913725 0.929412 1 0.894118 0.913725 0.929412 1 0.894118 0.913725 0.929412 1 0.894118 0.913725 0.929412 1 0.894118 0.913725 0.929412 1 0.894118 0.913725 0.929412 1 0.894118 0.913725 0.929412 1 0.894118 0.913725 0.929412 1 0.894118 0.913725 0.929412 1 0.894118 0.913725 0.929412 1 0.894118 0.913725 0.929412 1 0.894118 0.913725 0.929412 1 0.894118 0.913725 0.929412 1 0.894118 0.913725 0.929412 1 0.894118 0.913725 0.929412 1 0.894118 0.913725 0.929412 1 0.894118 0.913725 0.929412 1 0.894118 0.913725 0.929412 1 0.894118 0.913725 0.929412 1 0.894118 0.913725 0.929412 1 0.894118 0.913725 0.929412 1 0.894118 0.913725 0.929412 1 0.894118 0.913725 0.929412 1 0.894118 0.913725 0.929412 1 0.894118 0.913725 0.929412 1 0.894118 0.913725 0.929412 1 0.894118 0.913725 0.929412 1 0.894118 0.913725 0.929412 1 0.894118 0.913725 0.929412 1 0.894118 0.913725 0.929412 1 0.894118 0.913725 0.929412 1 0.894118 0.913725 0.929412 1 0.894118 0.913725 0.929412 1 0.894118 0.913725 0.929412 1 0.894118 0.913725 0.929412 1 0.894118 0.913725 0.929412 1 0.894118 0.913725 0.929412 1 0.894118 0.913725 0.929412 1 0.894118 0.913725 0.929412 1 0.894118 0.913725 0.929412 1 0.894118 0.913725 0.929412 1 0.894118 0.913725 0.929412 1 0.894118 0.913725 0.929412 1 0.894118 0.913725 0.929412 1 0.894118 0.913725 0.929412 1 0.894118 0.913725 0.929412 1 0.894118 0.913725 0.929412 1 0.894118 0.913725 0.929412 1 0.894118 0.913725 0.929412 1 0.894118 0.913725 0.929412 1 0.894118 0.913725 0.929412 1 0.894118 0.913725 0.929412 1 0.894118 0.913725 0.929412 1 0.894118 0.913725 0.929412 1 0.894118 0.913725 0.929412 1 0.894118 0.913725 0.929412 1 0.894118 0.913725 0.929412 1 0.894118 0.913725 0.929412 1 0.894118 0.913725 0.929412 1 0.894118 0.913725 0.929412 1 0.894118 0.913725 0.929412 1 0.894118 0.913725 0.929412 1 0.894118 0.913725 0.929412 1 0.894118 0.913725 0.929412 1 0.894118 0.913725 0.929412 1 0.894118 0.913725 0.929412 1 0.894118 0.913725 0.929412 1 0.894118 0.913725 0.929412 1 0.894118 0.913725 0.929412 1 0.894118 0.913725 0.929412 1 0.894118 0.913725 0.929412 1 0.894118 0.913725 0.929412 1 0.894118 0.913725 0.929412 1 0.894118 0.913725 0.929412 1 0.894118 0.913725 0.929412 1 0.894118 0.913725 0.929412 1 0.894118 0.913725 0.929412 1 0.894118 0.913725 0.929412 1 0.894118 0.913725 0.929412 1 0.894118 0.913725 0.929412 1 0.894118 0.913725 0.929412 1 0.894118 0.913725 0.929412 1 0.894118 0.913725 0.929412 1 0.894118 0.913725 0.929412 1 0.894118 0.913725 0.929412 1 0.894118 0.913725 0.929412 1 0.894118 0.913725 0.929412 1 0.894118 0.913725 0.929412 1 0.894118 0.913725 0.929412 1 0.894118 0.913725 0.929412 1 0.894118 0.913725 0.929412 1 0.894118 0.913725 0.929412 1 0.894118 0.913725 0.929412 1 0.894118 0.913725 0.929412 1 0.894118 0.913725 0.929412 1 0.894118 0.913725 0.929412 1 0.894118 0.913725 0.929412 1 0.894118 0.913725 0.929412 1 0.894118 0.913725 0.929412 1 0.894118 0.913725 0.929412 1 0.894118 0.913725 0.929412 1 0.894118 0.913725 0.929412 1 0.894118 0.913725 0.929412 1 0.894118 0.913725 0.929412 1 0.894118 0.913725 0.929412 1 0.894118 0.913725 0.929412 1 0.894118 0.913725 0.929412 1 0.894118 0.913725 0.929412 1 0.894118 0.913725 0.929412 1 0.894118 0.913725 0.929412 1 0.894118 0.913725 0.929412 1 0.894118 0.913725 0.929412 1 0.894118 0.913725 0.929412 1 0.894118 0.913725 0.929412 1 0.894118 0.913725 0.929412 1 0.894118 0.913725 0.929412 1 0.894118 0.913725 0.929412 1 0.894118 0.913725 0.929412 1 0.894118 0.913725 0.929412 1 0.894118 0.913725 0.929412 1 0.894118 0.913725 0.929412 1 0.894118 0.913725 0.929412 1 0.894118 0.913725 0.929412 1 0.894118 0.913725 0.929412 1 0.894118 0.913725 0.929412 1 0.894118 0.913725 0.929412 1 0.894118 0.913725 0.929412 1 0.894118 0.913725 0.929412 1 0.894118 0.913725 0.929412 1 0.894118 0.913725 0.929412 1 0.894118 0.913725 0.929412 1 0.894118 0.913725 0.929412 1 0.894118 0.913725 0.929412 1 0.894118 0.913725 0.929412 1 0.894118 0.913725 0.929412 1 0.894118 0.913725 0.929412 1 0.894118 0.913725 0.929412 1 0.894118 0.913725 0.929412 1 0.894118 0.913725 0.929412 1 0.894118 0.913725 0.929412 1 0.894118 0.913725 0.929412 1 0.894118 0.913725 0.929412 1 0.894118 0.913725 0.929412 1 0.894118 0.913725 0.929412 1 0.894118 0.913725 0.929412 1 0.894118 0.913725 0.929412 1 0.894118 0.913725 0.929412 1 0.894118 0.913725 0.929412 1 0.894118 0.913725 0.929412 1 0.894118 0.913725 0.929412 1 0.894118 0.913725 0.929412 1 0.894118 0.913725 0.929412 1 0.894118 0.913725 0.929412 1 0.894118 0.913725 0.929412 1 0.894118 0.913725 0.929412 1 0.894118 0.913725 0.929412 1 0.894118 0.913725 0.929412 1 0.894118 0.913725 0.929412 1 0.894118 0.913725 0.929412 1 0.894118 0.913725 0.929412 1 0.894118 0.913725 0.929412 1 0.894118 0.913725 0.929412 1 0.894118 0.913725 0.929412 1 0.894118 0.913725 0.929412 1 0.894118 0.913725 0.929412 1 0.894118 0.913725 0.929412 1 0.894118 0.913725 0.929412 1 0.894118 0.913725 0.929412 1 0.894118 0.913725 0.929412 1 0.894118 0.913725 0.929412 1 0.894118 0.913725 0.929412 1 0.894118 0.913725 0.929412 1 0.894118 0.913725 0.929412 1 0.894118 0.913725 0.929412 1 0.894118 0.913725 0.929412 1 0.894118 0.913725 0.929412 1 0.894118 0.913725 0.929412 1 0.894118 0.913725 0.929412 1 0.894118 0.913725 0.929412 1 0.894118 0.913725 0.929412 1 0.894118 0.913725 0.929412 1 0.894118 0.913725 0.929412 1 0.894118 0.913725 0.929412 1 0.894118 0.913725 0.929412 1 0.894118 0.913725 0.929412 1 0.894118 0.913725 0.929412 1 0.894118 0.913725 0.929412 1 0.894118 0.913725 0.929412 1 0.894118 0.913725 0.929412 1 0.894118 0.913725 0.929412 1 0.894118 0.913725 0.929412 1 0.894118 0.913725 0.929412 1 0.894118 0.913725 0.929412 1 0.894118 0.913725 0.929412 1 0.894118 0.913725 0.929412 1 0.894118 0.913725 0.929412 1 0.894118 0.913725 0.929412 1 0.894118 0.913725 0.929412 1 0.894118 0.913725 0.929412 1 0.894118 0.913725 0.929412 1 0.894118 0.913725 0.929412 1 0.894118 0.913725 0.929412 1 0.894118 0.913725 0.929412 1 0.894118 0.913725 0.929412 1 0.894118 0.913725 0.929412 1 0.894118 0.913725 0.929412 1 0.894118 0.913725 0.929412 1 0.894118 0.913725 0.929412 1 0.894118 0.913725 0.929412 1 0.894118 0.913725 0.929412 1 0.894118 0.913725 0.929412 1 0.894118 0.913725 0.929412 1 0.894118 0.913725 0.929412 1 0.894118 0.913725 0.929412 1 0.894118 0.913725 0.929412 1 0.894118 0.913725 0.929412 1 0.894118 0.913725 0.929412 1 0.894118 0.913725 0.929412 1 0.894118 0.913725 0.929412 1 0.894118 0.913725 0.929412 1 0.894118 0.913725 0.929412 1 0.894118 0.913725 0.929412 1 0.894118 0.913725 0.929412 1 0.894118 0.913725 0.929412 1 0.894118 0.913725 0.929412 1 0.894118 0.913725 0.929412 1 0.894118 0.913725 0.929412 1 0.894118 0.913725 0.929412 1 0.894118 0.913725 0.929412 1 0.894118 0.913725 0.929412 1 0.894118 0.913725 0.929412 1 0.894118 0.913725 0.929412 1 0.894118 0.913725 0.929412 1 0.894118 0.913725 0.929412 1 0.894118 0.913725 0.929412 1 0.894118 0.913725 0.929412 1 0.894118 0.913725 0.929412 1 0.894118 0.913725 0.929412 1 0.894118 0.913725 0.929412 1 0.894118 0.913725 0.929412 1 0.894118 0.913725 0.929412 1 0.894118 0.913725 0.929412 1 0.894118 0.913725 0.929412 1 0.894118 0.913725 0.929412 1 0.894118 0.913725 0.929412 1 0.894118 0.913725 0.929412 1 0.894118 0.913725 0.929412 1 0.894118 0.913725 0.929412 1 0.894118 0.913725 0.929412 1 0.894118 0.913725 0.929412 1 0.894118 0.913725 0.929412 1 0.894118 0.913725 0.929412 1 0.894118 0.913725 0.929412 1 0.894118 0.913725 0.929412 1 0.894118 0.913725 0.929412 1 0.894118 0.913725 0.929412 1 0.894118 0.913725 0.929412 1 0.894118 0.913725 0.929412 1 0.894118 0.913725 0.929412 1 0.894118 0.913725 0.929412 1 0.894118 0.913725 0.929412 1 0.894118 0.913725 0.929412 1 0.894118 0.913725 0.929412 1 0.894118 0.913725 0.929412 1 0.894118 0.913725 0.929412 1 0.894118 0.913725 0.929412 1 0.894118 0.913725 0.929412 1 0.894118 0.913725 0.929412 1 0.894118 0.913725 0.929412 1 0.894118 0.913725 0.929412 1 0.894118 0.913725 0.929412 1 0.894118 0.913725 0.929412 1 0.894118 0.913725 0.929412 1 0.894118 0.913725 0.929412 1 0.894118 0.913725 0.929412 1 0.894118 0.913725 0.929412 1 0.894118 0.913725 0.929412 1 0.894118 0.913725 0.929412 1 0.894118 0.913725 0.929412 1 0.894118 0.913725 0.929412 1 0.894118 0.913725 0.929412 1 0.894118 0.913725 0.929412 1 0.894118 0.913725 0.929412 1 0.894118 0.913725 0.929412 1 0.894118 0.913725 0.929412 1 0.894118 0.913725 0.929412 1 0.894118 0.913725 0.929412 1 0.894118 0.913725 0.929412 1 0.894118 0.913725 0.929412 1 0.894118 0.913725 0.929412 1 0.894118 0.913725 0.929412 1 0.894118 0.913725 0.929412 1 0.894118 0.913725 0.929412 1 0.894118 0.913725 0.929412 1 0.894118 0.913725 0.929412 1 0.894118 0.913725 0.929412 1 0.894118 0.913725 0.929412 1 0.894118 0.913725 0.929412 1 0.894118 0.913725 0.929412 1 0.894118 0.913725 0.929412 1 0.894118 0.913725 0.929412 1 0.894118 0.913725 0.929412 1 0.894118 0.913725 0.929412 1 0.894118 0.913725 0.929412 1 0.894118 0.913725 0.929412 1 0.894118 0.913725 0.929412 1 0.894118 0.913725 0.929412 1 0.894118 0.913725 0.929412 1 0.894118 0.913725 0.929412 1 0.894118 0.913725 0.929412 1 0.894118 0.913725 0.929412 1 0.894118 0.913725 0.929412 1 0.894118 0.913725 0.929412 1 0.894118 0.913725 0.929412 1 0.894118 0.913725 0.929412 1 0.894118 0.913725 0.929412 1 0.894118 0.913725 0.929412 1 0.894118 0.913725 0.929412 1 0.894118 0.913725 0.929412 1 0.894118 0.913725 0.929412 1 0.894118 0.913725 0.929412 1 0.894118 0.913725 0.929412 1 0.894118 0.913725 0.929412 1 0.894118 0.913725 0.929412 1 0.894118 0.913725 0.929412 1 0.894118 0.913725 0.929412 1 0.894118 0.913725 0.929412 1 0.894118 0.913725 0.929412 1 0.894118 0.913725 0.929412 1 0.894118 0.913725 0.929412 1 0.894118 0.913725 0.929412 1 0.894118 0.913725 0.929412 1 0.894118 0.913725 0.929412 1 0.894118 0.913725 0.929412 1 0.894118 0.913725 0.929412 1 0.894118 0.913725 0.929412 1 0.894118 0.913725 0.929412 1 0.894118 0.913725 0.929412 1 0.894118 0.913725 0.929412 1 0.894118 0.913725 0.929412 1 0.894118 0.913725 0.929412 1 0.894118 0.913725 0.929412 1 0.894118 0.913725 0.929412 1 0.894118 0.913725 0.929412 1 0.894118 0.913725 0.929412 1 0.894118 0.913725 0.929412 1 0.894118 0.913725 0.929412 1 0.894118 0.913725 0.929412 1 0.894118 0.913725 0.929412 1 0.894118 0.913725 0.929412 1 0.894118 0.913725 0.929412 1 0.894118 0.913725 0.929412 1 0.894118 0.913725 0.929412 1 0.894118 0.913725 0.929412 1 0.894118 0.913725 0.929412 1 0.894118 0.913725 0.929412 1 0.894118 0.913725 0.929412 1 0.894118 0.913725 0.929412 1 0.894118 0.913725 0.929412 1 0.894118 0.913725 0.929412 1 0.894118 0.913725 0.929412 1 0.894118 0.913725 0.929412 1 0.894118 0.913725 0.929412 1 0.894118 0.913725 0.929412 1 0.894118 0.913725 0.929412 1 0.894118 0.913725 0.929412 1 0.894118 0.913725 0.929412 1 0.894118 0.913725 0.929412 1 0.894118 0.913725 0.929412 1 0.894118 0.913725 0.929412 1 0.894118 0.913725 0.929412 1 0.894118 0.913725 0.929412 1 0.894118 0.913725 0.929412 1 0.894118 0.913725 0.929412 1 0.894118 0.913725 0.929412 1 0.894118 0.913725 0.929412 1 0.894118 0.913725 0.929412 1 0.894118 0.913725 0.929412 1 0.894118 0.913725 0.929412 1 0.894118 0.913725 0.929412 1 0.894118 0.913725 0.929412 1 0.894118 0.913725 0.929412 1 0.894118 0.913725 0.929412 1 0.894118 0.913725 0.929412 1 0.894118 0.913725 0.929412 1 0.894118 0.913725 0.929412 1 0.894118 0.913725 0.929412 1 0.894118 0.913725 0.929412 1 0.894118 0.913725 0.929412 1 0.894118 0.913725 0.929412 1 0.894118 0.913725 0.929412 1 0.894118 0.913725 0.929412 1 0.894118 0.913725 0.929412 1 0.894118 0.913725 0.929412 1 0.894118 0.913725 0.929412 1 0.894118 0.913725 0.929412 1 0.894118 0.913725 0.929412 1 0.894118 0.913725 0.929412 1 0.894118 0.913725 0.929412 1 0.894118 0.913725 0.929412 1 0.894118 0.913725 0.929412 1 0.894118 0.913725 0.929412 1 0.894118 0.913725 0.929412 1 0.894118 0.913725 0.929412 1 0.894118 0.913725 0.929412 1 0.894118 0.913725 0.929412 1 0.894118 0.913725 0.929412 1 0.894118 0.913725 0.929412 1 0.894118 0.913725 0.929412 1 0.894118 0.913725 0.929412 1 0.894118 0.913725 0.929412 1 0.894118 0.913725 0.929412 1 0.894118 0.913725 0.929412 1 0.894118 0.913725 0.929412 1 0.894118 0.913725 0.929412 1 0.894118 0.913725 0.929412 1 0.894118 0.913725 0.929412 1 0.894118 0.913725 0.929412 1 0.894118 0.913725 0.929412 1 0.894118 0.913725 0.929412 1 0.894118 0.913725 0.929412 1 0.894118 0.913725 0.929412 1 0.894118 0.913725 0.929412 1 0.894118 0.913725 0.929412 1 0.894118 0.913725 0.929412 1 0.894118 0.913725 0.929412 1 0.894118 0.913725 0.929412 1 0.894118 0.913725 0.929412 1 0.894118 0.913725 0.929412 1 0.894118 0.913725 0.929412 1 0.894118 0.913725 0.929412 1 0.894118 0.913725 0.929412 1 0.894118 0.913725 0.929412 1 0.894118 0.913725 0.929412 1 0.894118 0.913725 0.929412 1 0.894118 0.913725 0.929412 1 0.894118 0.913725 0.929412 1 0.894118 0.913725 0.929412 1 0.894118 0.913725 0.929412 1 0.894118 0.913725 0.929412 1 0.894118 0.913725 0.929412 1 0.894118 0.913725 0.929412 1 0.894118 0.913725 0.929412 1 0.894118 0.913725 0.929412 1 0.894118 0.913725 0.929412 1 0.894118 0.913725 0.929412 1 0.894118 0.913725 0.929412 1 0.894118 0.913725 0.929412 1 0.894118 0.913725 0.929412 1 0.894118 0.913725 0.929412 1 0.894118 0.913725 0.929412 1 0.894118 0.913725 0.929412 1 0.894118 0.913725 0.929412 1 0.894118 0.913725 0.929412 1 0.894118 0.913725 0.929412 1 0.894118 0.913725 0.929412 1 0.894118 0.913725 0.929412 1 0.894118 0.913725 0.929412 1 0.894118 0.913725 0.929412 1 0.894118 0.913725 0.929412 1 0.894118 0.913725 0.929412 1 0.894118 0.913725 0.929412 1 0.894118 0.913725 0.929412 1 0.894118 0.913725 0.929412 1 0.894118 0.913725 0.929412 1 0.894118 0.913725 0.929412 1 0.894118 0.913725 0.929412 1 0.894118 0.913725 0.929412 1 0.894118 0.913725 0.929412 1 0.894118 0.913725 0.929412 1 0.894118 0.913725 0.929412 1 0.894118 0.913725 0.929412 1 0.894118 0.913725 0.929412 1 0.894118 0.913725 0.929412 1 0.894118 0.913725 0.929412 1 0.894118 0.913725 0.929412 1 0.894118 0.913725 0.929412 1 0.894118 0.913725 0.929412 1 0.894118 0.913725 0.929412 1 0.894118 0.913725 0.929412 1 0.894118 0.913725 0.929412 1 0.894118 0.913725 0.929412 1 0.894118 0.913725 0.929412 1 0.894118 0.913725 0.929412 1 0.894118 0.913725 0.929412 1 0.894118 0.913725 0.929412 1 0.894118 0.913725 0.929412 1 0.894118 0.913725 0.929412 1 0.894118 0.913725 0.929412 1 0.894118 0.913725 0.929412 1 0.894118 0.913725 0.929412 1 0.894118 0.913725 0.929412 1 0.894118 0.913725 0.929412 1 0.894118 0.913725 0.929412 1 0.894118 0.913725 0.929412 1 0.894118 0.913725 0.929412 1 0.894118 0.913725 0.929412 1 0.894118 0.913725 0.929412 1 0.894118 0.913725 0.929412 1 0.894118 0.913725 0.929412 1 0.894118 0.913725 0.929412 1 0.894118 0.913725 0.929412 1 0.894118 0.913725 0.929412 1 0.894118 0.913725 0.929412 1 0.894118 0.913725 0.929412 1 0.894118 0.913725 0.929412 1 0.894118 0.913725 0.929412 1 0.894118 0.913725 0.929412 1 0.894118 0.913725 0.929412 1 0.894118 0.913725 0.929412 1 0.894118 0.913725 0.929412 1 0.894118 0.913725 0.929412 1 0.894118 0.913725 0.929412 1 0.894118 0.913725 0.929412 1 0.894118 0.913725 0.929412 1 0.894118 0.913725 0.929412 1 0.894118 0.913725 0.929412 1 0.894118 0.913725 0.929412 1 0.894118 0.913725 0.929412 1 0.894118 0.913725 0.929412 1 0.894118 0.913725 0.929412 1 0.894118 0.913725 0.929412 1 0.894118 0.913725 0.929412 1 0.894118 0.913725 0.929412 1 0.894118 0.913725 0.929412 1 0.894118 0.913725 0.929412 1 0.894118 0.913725 0.929412 1 0.894118 0.913725 0.929412 1 0.894118 0.913725 0.929412 1 0.894118 0.913725 0.929412 1 0.894118 0.913725 0.929412 1 0.894118 0.913725 0.929412 1 0.894118 0.913725 0.929412 1 0.894118 0.913725 0.929412 1 0.894118 0.913725 0.929412 1 0.894118 0.913725 0.929412 1 0.894118 0.913725 0.929412 1 0.894118 0.913725 0.929412 1 0.894118 0.913725 0.929412 1 0.894118 0.913725 0.929412 1 0.894118 0.913725 0.929412 1 0.894118 0.913725 0.929412 1 0.894118 0.913725 0.929412 1 0.894118 0.913725 0.929412 1 0.894118 0.913725 0.929412 1 0.894118 0.913725 0.929412 1 0.894118 0.913725 0.929412 1 0.894118 0.913725 0.929412 1 0.894118 0.913725 0.929412 1 0.894118 0.913725 0.929412 1 0.894118 0.913725 0.929412 1 0.894118 0.913725 0.929412 1 0.894118 0.913725 0.929412 1 0.894118 0.913725 0.929412 1 0.894118 0.913725 0.929412 1 0.894118 0.913725 0.929412 1 0.894118 0.913725 0.929412 1 0.894118 0.913725 0.929412 1 0.894118 0.913725 0.929412 1 0.894118 0.913725 0.929412 1 0.894118 0.913725 0.929412 1 0.894118 0.913725 0.929412 1 0.894118 0.913725 0.929412 1 0.894118 0.913725 0.929412 1 0.894118 0.913725 0.929412 1 0.894118 0.913725 0.929412 1 0.894118 0.913725 0.929412 1 0.894118 0.913725 0.929412 1 0.894118 0.913725 0.929412 1 0.894118 0.913725 0.929412 1 0.894118 0.913725 0.929412 1 0.894118 0.913725 0.929412 1 0.894118 0.913725 0.929412 1 0.894118 0.913725 0.929412 1 0.894118 0.913725 0.929412 1 0.894118 0.913725 0.929412 1 0.894118 0.913725 0.929412 1 0.894118 0.913725 0.929412 1 0.894118 0.913725 0.929412 1 0.894118 0.913725 0.929412 1 0.894118 0.913725 0.929412 1 0.894118 0.913725 0.929412 1 0.894118 0.913725 0.929412 1 0.894118 0.913725 0.929412 1 0.894118 0.913725 0.929412 1 0.894118 0.913725 0.929412 1 0.894118 0.913725 0.929412 1 0.894118 0.913725 0.929412 1 0.894118 0.913725 0.929412 1 0.894118 0.913725 0.929412 1 0.894118 0.913725 0.929412 1 0.894118 0.913725 0.929412 1 0.894118 0.913725 0.929412 1 0.894118 0.913725 0.929412 1 0.894118 0.913725 0.929412 1 0.894118 0.913725 0.929412 1 0.894118 0.913725 0.929412 1 0.894118 0.913725 0.929412 1 0.894118 0.913725 0.929412 1 0.894118 0.913725 0.929412 1 0.894118 0.913725 0.929412 1 0.894118 0.913725 0.929412 1 0.894118 0.913725 0.929412 1 0.894118 0.913725 0.929412 1 0.894118 0.913725 0.929412 1 0.894118 0.913725 0.929412 1 0.894118 0.913725 0.929412 1 0.894118 0.913725 0.929412 1 0.894118 0.913725 0.929412 1 0.894118 0.913725 0.929412 1 0.894118 0.913725 0.929412 1 0.894118 0.913725 0.929412 1 0.894118 0.913725 0.929412 1 0.894118 0.913725 0.929412 1 0.894118 0.913725 0.929412 1 0.894118 0.913725 0.929412 1 0.894118 0.913725 0.929412 1 0.894118 0.913725 0.929412 1 0.894118 0.913725 0.929412 1 0.894118 0.913725 0.929412 1 0.894118 0.913725 0.929412 1 0.894118 0.913725 0.929412 1 0.894118 0.913725 0.929412 1 0.894118 0.913725 0.929412 1 0.894118 0.913725 0.929412 1 0.894118 0.913725 0.929412 1 0.894118 0.913725 0.929412 1 0.894118 0.913725 0.929412 1 0.894118 0.913725 0.929412 1 0.894118 0.913725 0.929412 1 0.894118 0.913725 0.929412 1 0.894118 0.913725 0.929412 1 0.894118 0.913725 0.929412 1 0.894118 0.913725 0.929412 1 0.894118 0.913725 0.929412 1 0.894118 0.913725 0.929412 1 0.894118 0.913725 0.929412 1 0.894118 0.913725 0.929412 1 0.894118 0.913725 0.929412 1 0.894118 0.913725 0.929412 1 0.894118 0.913725 0.929412 1 0.894118 0.913725 0.929412 1 0.894118 0.913725 0.929412 1 0.894118 0.913725 0.929412 1 0.894118 0.913725 0.929412 1 0.894118 0.913725 0.929412 1 0.894118 0.913725 0.929412 1 0.894118 0.913725 0.929412 1 0.894118 0.913725 0.929412 1 0.894118 0.913725 0.929412 1 0.894118 0.913725 0.929412 1 0.894118 0.913725 0.929412 1 0.894118 0.913725 0.929412 1 0.894118 0.913725 0.929412 1 0.894118 0.913725 0.929412 1 0.894118 0.913725 0.929412 1 0.894118 0.913725 0.929412 1 0.894118 0.913725 0.929412 1 0.894118 0.913725 0.929412 1 0.894118 0.913725 0.929412 1 0.894118 0.913725 0.929412 1 0.894118 0.913725 0.929412 1 0.894118 0.913725 0.929412 1 0.894118 0.913725 0.929412 1 0.894118 0.913725 0.929412 1 0.894118 0.913725 0.929412 1 0.894118 0.913725 0.929412 1 0.894118 0.913725 0.929412 1 0.894118 0.913725 0.929412 1 0.894118 0.913725 0.929412 1 0.894118 0.913725 0.929412 1 0.894118 0.913725 0.929412 1 0.894118 0.913725 0.929412 1 0.894118 0.913725 0.929412 1 0.894118 0.913725 0.929412 1 0.894118 0.913725 0.929412 1 0.894118 0.913725 0.929412 1 0.894118 0.913725 0.929412 1 0.894118 0.913725 0.929412 1 0.894118 0.913725 0.929412 1 0.894118 0.913725 0.929412 1 0.894118 0.913725 0.929412 1 0.894118 0.913725 0.929412 1 0.894118 0.913725 0.929412 1 0.894118 0.913725 0.929412 1 0.894118 0.913725 0.929412 1 0.894118 0.913725 0.929412 1 0.894118 0.913725 0.929412 1 0.894118 0.913725 0.929412 1 0.894118 0.913725 0.929412 1 0.894118 0.913725 0.929412 1 0.894118 0.913725 0.929412 1 0.894118 0.913725 0.929412 1 0.894118 0.913725 0.929412 1 0.894118 0.913725 0.929412 1 0.894118 0.913725 0.929412 1 0.894118 0.913725 0.929412 1 0.894118 0.913725 0.929412 1 0.894118 0.913725 0.929412 1 0.894118 0.913725 0.929412 1 0.894118 0.913725 0.929412 1 0.894118 0.913725 0.929412 1 0.894118 0.913725 0.929412 1 0.894118 0.913725 0.929412 1 0.894118 0.913725 0.929412 1 0.894118 0.913725 0.929412 1 0.894118 0.913725 0.929412 1 0.894118 0.913725 0.929412 1 0.894118 0.913725 0.929412 1 0.894118 0.913725 0.929412 1 0.894118 0.913725 0.929412 1 0.894118 0.913725 0.929412 1 0.894118 0.913725 0.929412 1 0.894118 0.913725 0.929412 1 0.894118 0.913725 0.929412 1 0.894118 0.913725 0.929412 1 0.894118 0.913725 0.929412 1 0.894118 0.913725 0.929412 1 0.894118 0.913725 0.929412 1 0.894118 0.913725 0.929412 1 0.894118 0.913725 0.929412 1 0.894118 0.913725 0.929412 1 0.894118 0.913725 0.929412 1 0.894118 0.913725 0.929412 1 0.894118 0.913725 0.929412 1 0.894118 0.913725 0.929412 1 0.894118 0.913725 0.929412 1 0.894118 0.913725 0.929412 1 0.894118 0.913725 0.929412 1 0.894118 0.913725 0.929412 1 0.894118 0.913725 0.929412 1 0.894118 0.913725 0.929412 1 0.894118 0.913725 0.929412 1 0.894118 0.913725 0.929412 1 0.894118 0.913725 0.929412 1 0.894118 0.913725 0.929412 1 0.894118 0.913725 0.929412 1 0.894118 0.913725 0.929412 1 0.894118 0.913725 0.929412 1 0.894118 0.913725 0.929412 1 0.894118 0.913725 0.929412 1 0.894118 0.913725 0.929412 1 0.894118 0.913725 0.929412 1 0.894118 0.913725 0.929412 1 0.894118 0.913725 0.929412 1 0.894118 0.913725 0.929412 1 0.894118 0.913725 0.929412 1 0.894118 0.913725 0.929412 1 0.894118 0.913725 0.929412 1 0.894118 0.913725 0.929412 1 0.894118 0.913725 0.929412 1 0.894118 0.913725 0.929412 1 0.894118 0.913725 0.929412 1 0.894118 0.913725 0.929412 1 0.894118 0.913725 0.929412 1 0.894118 0.913725 0.929412 1 0.894118 0.913725 0.929412 1 0.894118 0.913725 0.929412 1 0.894118 0.913725 0.929412 1 0.894118 0.913725 0.929412 1 0.894118 0.913725 0.929412 1 0.894118 0.913725 0.929412 1 0.894118 0.913725 0.929412 1 0.894118 0.913725 0.929412 1 0.894118 0.913725 0.929412 1 0.894118 0.913725 0.929412 1 0.894118 0.913725 0.929412 1 0.894118 0.913725 0.929412 1 0.894118 0.913725 0.929412 1 0.894118 0.913725 0.929412 1 0.894118 0.913725 0.929412 1 0.894118 0.913725 0.929412 1 0.894118 0.913725 0.929412 1 0.894118 0.913725 0.929412 1 0.894118 0.913725 0.929412 1 0.894118 0.913725 0.929412 1 0.894118 0.913725 0.929412 1 0.894118 0.913725 0.929412 1 0.894118 0.913725 0.929412 1 0.894118 0.913725 0.929412 1 0.894118 0.913725 0.929412 1 0.894118 0.913725 0.929412 1 0.894118 0.913725 0.929412 1 0.894118 0.913725 0.929412 1 0.894118 0.913725 0.929412 1 0.894118 0.913725 0.929412 1 0.894118 0.913725 0.929412 1 0.894118 0.913725 0.929412 1 0.894118 0.913725 0.929412 1 0.894118 0.913725 0.929412 1 0.894118 0.913725 0.929412 1 0.894118 0.913725 0.929412 1 0.894118 0.913725 0.929412 1 0.894118 0.913725 0.929412 1 0.894118 0.913725 0.929412 1 0.894118 0.913725 0.929412 1 0.894118 0.913725 0.929412 1 0.894118 0.913725 0.929412 1 0.894118 0.913725 0.929412 1 0.894118 0.913725 0.929412 1 0.894118 0.913725 0.929412 1 0.894118 0.913725 0.929412 1 0.894118 0.913725 0.929412 1 0.894118 0.913725 0.929412 1 0.894118 0.913725 0.929412 1 0.894118 0.913725 0.929412 1 0.894118 0.913725 0.929412 1 0.894118 0.913725 0.929412 1 0.894118 0.913725 0.929412 1 0.894118 0.913725 0.929412 1 0.894118 0.913725 0.929412 1 0.894118 0.913725 0.929412 1 0.894118 0.913725 0.929412 1 0.894118 0.913725 0.929412 1 0.894118 0.913725 0.929412 1 0.894118 0.913725 0.929412 1 0.894118 0.913725 0.929412 1 0.894118 0.913725 0.929412 1 0.894118 0.913725 0.929412 1 0.894118 0.913725 0.929412 1 0.894118 0.913725 0.929412 1 0.894118 0.913725 0.929412 1 0.894118 0.913725 0.929412 1 0.894118 0.913725 0.929412 1 0.894118 0.913725 0.929412 1 0.894118 0.913725 0.929412 1 0.894118 0.913725 0.929412 1 0.894118 0.913725 0.929412 1 0.894118 0.913725 0.929412 1 0.894118 0.913725 0.929412 1 0.894118 0.913725 0.929412 1 0.894118 0.913725 0.929412 1 0.894118 0.913725 0.929412 1 0.894118 0.913725 0.929412 1 0.894118 0.913725 0.929412 1 0.894118 0.913725 0.929412 1 0.192157 0.203922 0.203922 1 0.192157 0.203922 0.203922 1 0.192157 0.203922 0.203922 1 0.192157 0.203922 0.203922 1 0.192157 0.203922 0.203922 1 0.192157 0.203922 0.203922 1 0.192157 0.203922 0.203922 1 0.192157 0.203922 0.203922 1 0.192157 0.203922 0.203922 1 0.192157 0.203922 0.203922 1 0.192157 0.203922 0.203922 1 0.192157 0.203922 0.203922 1 0.192157 0.203922 0.203922 1 0.192157 0.203922 0.203922 1 0.192157 0.203922 0.203922 1 0.192157 0.203922 0.203922 1 0.192157 0.203922 0.203922 1 0.192157 0.203922 0.203922 1 0.192157 0.203922 0.203922 1 0.192157 0.203922 0.203922 1 0.192157 0.203922 0.203922 1 0.192157 0.203922 0.203922 1 0.192157 0.203922 0.203922 1 0.192157 0.203922 0.203922 1 0.192157 0.203922 0.203922 1 0.192157 0.203922 0.203922 1 0.192157 0.203922 0.203922 1 0.192157 0.203922 0.203922 1 0.192157 0.203922 0.203922 1 0.192157 0.203922 0.203922 1 0.192157 0.203922 0.203922 1 0.192157 0.203922 0.203922 1 0.192157 0.203922 0.203922 1 0.192157 0.203922 0.203922 1 0.192157 0.203922 0.203922 1 0.192157 0.203922 0.203922 1 0.192157 0.203922 0.203922 1 0.192157 0.203922 0.203922 1 0.192157 0.203922 0.203922 1 0.192157 0.203922 0.203922 1 0.192157 0.203922 0.203922 1 0.192157 0.203922 0.203922 1 0.192157 0.203922 0.203922 1 0.192157 0.203922 0.203922 1 0.192157 0.203922 0.203922 1 0.192157 0.203922 0.203922 1 0.192157 0.203922 0.203922 1 0.192157 0.203922 0.203922 1 0.192157 0.203922 0.203922 1 0.192157 0.203922 0.203922 1 0.192157 0.203922 0.203922 1 0.192157 0.203922 0.203922 1 0.192157 0.203922 0.203922 1 0.192157 0.203922 0.203922 1 0.192157 0.203922 0.203922 1 0.192157 0.203922 0.203922 1 0.192157 0.203922 0.203922 1 0.192157 0.203922 0.203922 1 0.192157 0.203922 0.203922 1 0.192157 0.203922 0.203922 1 0.192157 0.203922 0.203922 1 0.192157 0.203922 0.203922 1 0.192157 0.203922 0.203922 1 0.192157 0.203922 0.203922 1 0.192157 0.203922 0.203922 1 0.192157 0.203922 0.203922 1 0.192157 0.203922 0.203922 1 0.192157 0.203922 0.203922 1 0.192157 0.203922 0.203922 1 0.192157 0.203922 0.203922 1 0.192157 0.203922 0.203922 1 0.192157 0.203922 0.203922 1 0.192157 0.203922 0.203922 1 0.192157 0.203922 0.203922 1 0.192157 0.203922 0.203922 1 0.192157 0.203922 0.203922 1 0.192157 0.203922 0.203922 1 0.192157 0.203922 0.203922 1 0.192157 0.203922 0.203922 1 0.192157 0.203922 0.203922 1 0.192157 0.203922 0.203922 1 0.192157 0.203922 0.203922 1 0.192157 0.203922 0.203922 1 0.192157 0.203922 0.203922 1 0.192157 0.203922 0.203922 1 0.192157 0.203922 0.203922 1 0.192157 0.203922 0.203922 1 0.192157 0.203922 0.203922 1 0.192157 0.203922 0.203922 1 0.192157 0.203922 0.203922 1 0.192157 0.203922 0.203922 1 0.192157 0.203922 0.203922 1 0.192157 0.203922 0.203922 1 0.192157 0.203922 0.203922 1 0.192157 0.203922 0.203922 1 0.192157 0.203922 0.203922 1 0.192157 0.203922 0.203922 1 0.192157 0.203922 0.203922 1 0.192157 0.203922 0.203922 1 0.192157 0.203922 0.203922 1 0.192157 0.203922 0.203922 1 0.192157 0.203922 0.203922 1 0.192157 0.203922 0.203922 1 0.192157 0.203922 0.203922 1 0.192157 0.203922 0.203922 1 0.192157 0.203922 0.203922 1 0.192157 0.203922 0.203922 1 0.192157 0.203922 0.203922 1 0.192157 0.203922 0.203922 1 0.192157 0.203922 0.203922 1 0.192157 0.203922 0.203922 1 0.192157 0.203922 0.203922 1 0.192157 0.203922 0.203922 1 0.192157 0.203922 0.203922 1 0.192157 0.203922 0.203922 1 0.192157 0.203922 0.203922 1 0.192157 0.203922 0.203922 1 0.192157 0.203922 0.203922 1 0.192157 0.203922 0.203922 1 0.192157 0.203922 0.203922 1 0.192157 0.203922 0.203922 1 0.192157 0.203922 0.203922 1 0.192157 0.203922 0.203922 1 0.192157 0.203922 0.203922 1 0.192157 0.203922 0.203922 1 0.192157 0.203922 0.203922 1 0.192157 0.203922 0.203922 1 0.192157 0.203922 0.203922 1 0.192157 0.203922 0.203922 1 0.192157 0.203922 0.203922 1 0.192157 0.203922 0.203922 1 0.192157 0.203922 0.203922 1 0.192157 0.203922 0.203922 1 0.192157 0.203922 0.203922 1 0.192157 0.203922 0.203922 1 0.192157 0.203922 0.203922 1 0.192157 0.203922 0.203922 1 0.192157 0.203922 0.203922 1 0.192157 0.203922 0.203922 1 0.192157 0.203922 0.203922 1 0.192157 0.203922 0.203922 1 0.192157 0.203922 0.203922 1 0.192157 0.203922 0.203922 1 0.192157 0.203922 0.203922 1 0.192157 0.203922 0.203922 1 0.192157 0.203922 0.203922 1 0.192157 0.203922 0.203922 1 0.192157 0.203922 0.203922 1 0.192157 0.203922 0.203922 1 0.192157 0.203922 0.203922 1 0.192157 0.203922 0.203922 1 0.192157 0.203922 0.203922 1 0.192157 0.203922 0.203922 1 0.192157 0.203922 0.203922 1 0.192157 0.203922 0.203922 1 0.192157 0.203922 0.203922 1 0.192157 0.203922 0.203922 1 0.192157 0.203922 0.203922 1 0.192157 0.203922 0.203922 1 0.192157 0.203922 0.203922 1 0.192157 0.203922 0.203922 1 0.192157 0.203922 0.203922 1 0.192157 0.203922 0.203922 1 0.192157 0.203922 0.203922 1 0.192157 0.203922 0.203922 1 0.192157 0.203922 0.203922 1 0.192157 0.203922 0.203922 1 0.192157 0.203922 0.203922 1 0.192157 0.203922 0.203922 1 0.192157 0.203922 0.203922 1 0.192157 0.203922 0.203922 1 0.192157 0.203922 0.203922 1 0.192157 0.203922 0.203922 1 0.192157 0.203922 0.203922 1 0.192157 0.203922 0.203922 1 0.192157 0.203922 0.203922 1 0.192157 0.203922 0.203922 1 0.192157 0.203922 0.203922 1 0.192157 0.203922 0.203922 1 0.192157 0.203922 0.203922 1 0.192157 0.203922 0.203922 1 0.192157 0.203922 0.203922 1 0.192157 0.203922 0.203922 1 0.192157 0.203922 0.203922 1 0.192157 0.203922 0.203922 1 0.192157 0.203922 0.203922 1 0.192157 0.203922 0.203922 1 0.192157 0.203922 0.203922 1 0.192157 0.203922 0.203922 1 0.192157 0.203922 0.203922 1 0.192157 0.203922 0.203922 1 0.192157 0.203922 0.203922 1 0.192157 0.203922 0.203922 1 0.192157 0.203922 0.203922 1 0.192157 0.203922 0.203922 1 0.192157 0.203922 0.203922 1 0.192157 0.203922 0.203922 1 0.192157 0.203922 0.203922 1 0.192157 0.203922 0.203922 1 0.192157 0.203922 0.203922 1 0.192157 0.203922 0.203922 1 0.192157 0.203922 0.203922 1 0.192157 0.203922 0.203922 1 0.192157 0.203922 0.203922 1 0.192157 0.203922 0.203922 1 0.192157 0.203922 0.203922 1 0.192157 0.203922 0.203922 1 0.192157 0.203922 0.203922 1 0.192157 0.203922 0.203922 1 0.192157 0.203922 0.203922 1 0.192157 0.203922 0.203922 1 0.192157 0.203922 0.203922 1 0.192157 0.203922 0.203922 1 0.192157 0.203922 0.203922 1 0.192157 0.203922 0.203922 1 0.192157 0.203922 0.203922 1 0.192157 0.203922 0.203922 1 0.192157 0.203922 0.203922 1 0.192157 0.203922 0.203922 1 0.192157 0.203922 0.203922 1 0.192157 0.203922 0.203922 1 0.192157 0.203922 0.203922 1 0.192157 0.203922 0.203922 1 0.192157 0.203922 0.203922 1 0.192157 0.203922 0.203922 1 0.192157 0.203922 0.203922 1 0.192157 0.203922 0.203922 1 0.192157 0.203922 0.203922 1 0.192157 0.203922 0.203922 1 0.192157 0.203922 0.203922 1 0.192157 0.203922 0.203922 1 0.192157 0.203922 0.203922 1 0.192157 0.203922 0.203922 1 0.192157 0.203922 0.203922 1 0.192157 0.203922 0.203922 1 0.192157 0.203922 0.203922 1 0.192157 0.203922 0.203922 1 0.192157 0.203922 0.203922 1 0.192157 0.203922 0.203922 1 0.192157 0.203922 0.203922 1 0.192157 0.203922 0.203922 1 0.192157 0.203922 0.203922 1 0.192157 0.203922 0.203922 1 0.192157 0.203922 0.203922 1 0.192157 0.203922 0.203922 1 0.192157 0.203922 0.203922 1 0.192157 0.203922 0.203922 1 0.192157 0.203922 0.203922 1 0.192157 0.203922 0.203922 1 0.192157 0.203922 0.203922 1 0.192157 0.203922 0.203922 1 0.192157 0.203922 0.203922 1 0.192157 0.203922 0.203922 1 0.192157 0.203922 0.203922 1 0.192157 0.203922 0.203922 1 0.192157 0.203922 0.203922 1</float_array>
                    <technique_common>
                        <accessor count="2440" source="#shape0-lib-vcolor-array" stride="4">
                            <param name="R" type="float"/>
                            <param name="G" type="float"/>
                            <param name="B" type="float"/>
                            <param name="A" type="float"/>
                        </accessor>
                    </technique_common>
                </source>
                <source id="shape0-lib-map" name="map">
                    <float_array id="shape0-lib-map-array" count="6528">0 0 0 0 0 0 0 0 0 0 0 0 0 0 0 0 0 0 0 0 0 0 0 0 0 0 0 0 0 0 0 0 0 0 0 0 0 0 0 0 0 0 0 0 0 0 0 0 0 0 0 0 0 0 0 0 0 0 0 0 0 0 0 0 0 0 0 0 0 0 0 0 0 0 0 0 0 0 0 0 0 0 0 0 0 0 0 0 0 0 0 0 0 0 0 0 0 0 0 0 0 0 0 0 0 0 0 0 0 0 0 0 0 0 0 0 0 0 0 0 0 0 0 0 0 0 0 0 0 0 0 0 0 0 0 0 0 0 0 0 0 0 0 0 0 0 0 0 0 0 0 0 0 0 0 0 0 0 0 0 0 0 0 0 0 0 0 0 0 0 0 0 0 0 0 0 0 0 0 0 0 0 0 0 0 0 0 0 0 0 0 0 0 0 0 0 0 0 0 0 0 0 0 0 0 0 0 0 0 0 0 0 0 0 0 0 0 0 0 0 0 0 0 0 0 0 0 0 0 0 0 0 0 0 0 0 0 0 0 0 0 0 0 0 0 0 0 0 0 0 0 0 0 0 0 0 0 0 0 0 0 0 0 0 0 0 0 0 0 0 0 0 0 0 0 0 0 0 0 0 0 0 0 0 0 0 0 0 0 0 0 0 0 0 0 0 0 0 0 0 0 0 0 0 0 0 0 0 0 0 0 0 0 0 0 0 0 0 0 0 0 0 0 0 0 0 0 0 0 0 0 0 0 0 0 0 0 0 0 0 0 0 0 0 0 0 0 0 0 0 0 0 0 0 0 0 0 0 0 0 0 0 0 0 0 0 0 0 0 0 0 0 0 0 0 0 0 0 0 0 0 0 0 0 0 0 0 0 0 0 0 0 0 0 0 0 0 0 0 0 0 0 0 0 0 0 0 0 0 0 0 0 0 0 0 0 0 0 0 0 0 0 0 0 0 0 0 0 0 0 0 0 0 0 0 0 0 0 0 0 0 0 0 0 0 0 0 0 0 0 0 0 0 0 0 0 0 0 0 0 0 0 0 0 0 0 0 0 0 0 0 0 0 0 0 0 0 0 0 0 0 0 0 0 0 0 0 0 0 0 0 0 0 0 0 0 0 0 0 0 0 0 0 0 0 0 0 0 0 0 0 0 0 0 0 0 0 0 0 0 0 0 0 0 0 0 0 0 0 0 0 0 0 0 0 0 0 0 0 0 0 0 0 0 0 0 0 0 0 0 0 0 0 0 0 0 0 0 0 0 0 0 0 0 0 0 0 0 0 0 0 0 0 0 0 0 0 0 0 0 0 0 0 0 0 0 0 0 0 0 0 0 0 0 0 0 0 0 0 0 0 0 0 0 0 0 0 0 0 0 0 0 0 0 0 0 0 0 0 0 0 0 0 0 0 0 0 0 0 0 0 0 0 0 0 0 0 0 0 0 0 0 0 0 0 0 0 0 0 0 0 0 0 0 0 0 0 0 0 0 0 0 0 0 0 0 0 0 0 0 0 0 0 0 0 0 0 0 0 0 0 0 0 0 0 0 0 0 0 0 0 0 0 0 0 0 0 0 0 0 0 0 0 0 0 0 0 0 0 0 0 0 0 0 0 0 0 0 0 0 0 0 0 0 0 0 0 0 0 0 0 0 0 0 0 0 0 0 0 0 0 0 0 0 0 0 0 0 0 0 0 0 0 0 0 0 0 0 0 0 0 0 0 0 0 0 0 0 0 0 0 0 0 0 0 0 0 0 0 0 0 0 0 0 0 0 0 0 0 0 0 0 0 0 0 0 0 0 0 0 0 0 0 0 0 0 0 0 0 0 0 0 0 0 0 0 0 0 0 0 0 0 0 0 0 0 0 0 0 0 0 0 0 0 0 0 0 0 0 0 0 0 0 0 0 0 0 0 0 0 0 0 0 0 0 0 0 0 0 0 0 0 0 0 0 0 0 0 0 0 0 0 0 0 0 0 0 0 0 0 0 0 0 0 0 0 0 0 0 0 0 0 0 0 0 0 0 0 0 0 0 0 0 0 0 0 0 0 0 0 0 0 0 0 0 0 0 0 0 0 0 0 0 0 0 0 0 0 0 0 0 0 0 0 0 0 0 0 0 0 0 0 0 0 0 0 0 0 0 0 0 0 0 0 0 0 0 0 0 0 0 0 0 0 0 0 0 0 0 0 0 0 0 0 0 0 0 0 0 0 0 0 0 0 0 0 0 0 0 0 0 0 0 0 0 0 0 0 0 0 0 0 0 0 0 0 0 0 0 0 0 0 0 0 0 0 0 0 0 0 0 0 0 0 0 0 0 0 0 0 0 0 0 0 0 0 0 0 0 0 0 0 0 0 0 0 0 0 0 0 0 0 0 0 0 0 0 0 0 0 0 0 0 0 0 0 0 0 0 0 0 0 0 0 0 0 0 0 0 0 0 0 0 0 0 0 0 0 0 0 0 0 0 0 0 0 0 0 0 0 0 0 0 0 0 0 0 0 0 0 0 0 0 0 0 0 0 0 0 0 0 0 0 0 0 0 0 0 0 0 0 0 0 0 0 0 0 0 0 0 0 0 0 0 0 0 0 0 0 0 0 0 0 0 0 0 0 0 0 0 0 0 0 0 0 0 0 0 0 0 0 0 0 0 0 0 0 0 0 0 0 0 0 0 0 0 0 0 0 0 0 0 0 0 0 0 0 0 0 0 0 0 0 0 0 0 0 0 0 0 0 0 0 0 0 0 0 0 0 0 0 0 0 0 0 0 0 0 0 0 0 0 0 0 0 0 0 0 0 0 0 0 0 0 0 0 0 0 0 0 0 0 0 0 0 0 0 0 0 0 0 0 0 0 0 0 0 0 0 0 0 0 0 0 0 0 0 0 0 0 0 0 0 0 0 0 0 0 0 0 0 0 0 0 0 0 0 0 0 0 0 0 0 0 0 0 0 0 0 0 0 0 0 0 0 0 0 0 0 0 0 0 0 0 0 0 0 0 0 0 0 0 0 0 0 0 0 0 0 0 0 0 0 0 0 0 0 0 0 0 0 0 0 0 0 0 0 0 0 0 0 0 0 0 0 0 0 0 0 0 0 0 0 0 0 0 0 0 0 0 0 0 0 0 0 0 0 0 0 0 0 0 0 0 0 0 0 0 0 0 0 0 0 0 0 0 0 0 0 0 0 0 0 0 0 0 0 0 0 0 0 0 0 0 0 0 0 0 0 0 0 0 0 0 0 0 0 0 0 0 0 0 0 0 0 0 0 0 0 0 0 0 0 0 0 0 0 0 0 0 0 0 0 0 0 0 0 0 0 0 0 0 0 0 0 0 0 0 0 0 0 0 0 0 0 0 0 0 0 0 0 0 0 0 0 0 0 0 0 0 0 0 0 0 0 0 0 0 0 0 0 0 0 0 0 0 0 0 0 0 0 0 0 0 0 0 0 0 0 0 0 0 0 0 0 0 0 0 0 0 0 0 0 0 0 0 0 0 0 0 0 0 0 0 0 0 0 0 0 0 0 0 0 0 0 0 0 0 0 0 0 0 0 0 0 0 0 0 0 0 0 0 0 0 0 0 0 0 0 0 0 0 0 0 0 0 0 0 0 0 0 0 0 0 0 0 0 0 0 0 0 0 0 0 0 0 0 0 0 0 0 0 0 0 0 0 0 0 0 0 0 0 0 0 0 0 0 0 0 0 0 0 0 0 0 0 0 0 0 0 0 0 0 0 0 0 0 0 0 0 0 0 0 0 0 0 0 0 0 0 0 0 0 0 0 0 0 0 0 0 0 0 0 0 0 0 0 0 0 0 0 0 0 0 0 0 0 0 0 0 0 0 0 0 0 0 0 0 0 0 0 0 0 0 0 0 0 0 0 0 0 0 0 0 0 0 0 0 0 0 0 0 0 0 0 0 0 0 0 0 0 0 0 0 0 0 0 0 0 0 0 0 0 0 0 0 0 0 0 0 0 0 0 0 0 0 0 0 0 0 0 0 0 0 0 0 0 0 0 0 0 0 0 0 0 0 0 0 0 0 0 0 0 0 0 0 0 0 0 0 0 0 0 0 0 0 0 0 0 0 0 0 0 0 0 0 0 0 0 0 0 0 0 0 0 0 0 0 0 0 0 0 0 0 0 0 0 0 0 0 0 0 0 0 0 0 0 0 0 0 0 0 0 0 0 0 0 0 0 0 0 0 0 0 0 0 0 0 0 0 0 0 0 0 0 0 0 0 0 0 0 0 0 0 0 0 0 0 0 0 0 0 0 0 0 0 0 0 0 0 0 0 0 0 0 0 0 0 0 0 0 0 0 0 0 0 0 0 0 0 0 0 0 0 0 0 0 0 0 0 0 0 0 0 0 0 0 0 0 0 0 0 0 0 0 0 0 0 0 0 0 0 0 0 0 0 0 0 0 0 0 0 0 0 0 0 0 0 0 0 0 0 0 0 0 0 0 0 0 0 0 0 0 0 0 0 0 0 0 0 0 0 0 0 0 0 0 0 0 0 0 0 0 0 0 0 0 0 0 0 0 0 0 0 0 0 0 0 0 0 0 0 0 0 0 0 0 0 0 0 0 0 0 0 0 0 0 0 0 0 0 0 0 0 0 0 0 0 0 0 0 0 0 0 0 0 0 0 0 0 0 0 0 0 0 0 0 0 0 0 0 0 0 0 0 0 0 0 0 0 0 0 0 0 0 0 0 0 0 0 0 0 0 0 0 0 0 0 0 0 0 0 0 0 0 0 0 0 0 0 0 0 0 0 0 0 0 0 0 0 0 0 0 0 0 0 0 0 0 0 0 0 0 0 0 0 0 0 0 0 0 0 0 0 0 0 0 0 0 0 0 0 0 0 0 0 0 0 0 0 0 0 0 0 0 0 0 0 0 0 0 0 0 0 0 0 0 0 0 0 0 0 0 0 0 0 0 0 0 0 0 0 0 0 0 0 0 0 0 0 0 0 0 0 0 0 0 0 0 0 0 0 0 0 0 0 0 0 0 0 0 0 0 0 0 0 0 0 0 0 0 0 0 0 0 0 0 0 0 0 0 0 0 0 0 0 0 0 0 0 0 0 0 0 0 0 0 0 0 0 0 0 0 0 0 0 0 0 0 0 0 0 0 0 0 0 0 0 0 0 0 0 0 0 0 0 0 0 0 0 0 0 0 0 0 0 0 0 0 0 0 0 0 0 0 0 0 0 0 0 0 0 0 0 0 0 0 0 0 0 0 0 0 0 0 0 0 0 0 0 0 0 0 0 0 0 0 0 0 0 0 0 0 0 0 0 0 0 0 0 0 0 0 0 0 0 0 0 0 0 0 0 0 0 0 0 0 0 0 0 0 0 0 0 0 0 0 0 0 0 0 0 0 0 0 0 0 0 0 0 0 0 0 0 0 0 0 0 0 0 0 0 0 0 0 0 0 0 0 0 0 0 0 0 0 0 0 0 0 0 0 0 0 0 0 0 0 0 0 0 0 0 0 0 0 0 0 0 0 0 0 0 0 0 0 0 0 0 0 0 0 0 0 0 0 0 0 0 0 0 0 0 0 0 0 0 0 0 0 0 0 0 0 0 0 0 0 0 0 0 0 0 0 0 0 0 0 0 0 0 0 0 0 0 0 0 0 0 0 0 0 0 0 0 0 0 0 0 0 0 0 0 0 0 0 0 0 0 0 0 0 0 0 0 0 0 0 0 0 0 0 0 0 0 0 0 0 0 0 0 0 0 0 0 0 0 0 0 0 0 0 0 0 0 0 0 0 0 0 0 0 0 0 0 0 0 0 0 0 0 0 0 0 0 0 0 0 0 0 0 0 0 0 0 0 0 0 0 0 0 0 0 0 0 0 0 0 0 0 0 0 0 0 0 0 0 0 0 0 0 0 0 0 0 0 0 0 0 0 0 0 0 0 0 0 0 0 0 0 0 0 0 0 0 0 0 0 0 0 0 0 0 0 0 0 0 0 0 0 0 0 0 0 0 0 0 0 0 0 0 0 0 0 0 0 0 0 0 0 0 0 0 0 0 0 0 0 0 0 0 0 0 0 0 0 0 0 0 0 0 0 0 0 0 0 0 0 0 0 0 0 0 0 0 0 0 0 0 0 0 0 0 0 0 0 0 0 0 0 0 0 0 0 0 0 0 0 0 0 0 0 0 0 0 0 0 0 0 0 0 0 0 0 0 0 0 0 0 0 0 0 0 0 0 0 0 0 0 0 0 0 0 0 0 0 0 0 0 0 0 0 0 0 0 0 0 0 0 0 0 0 0 0 0 0 0 0 0 0 0 0 0 0 0 0 0 0 0 0 0 0 0 0 0 0 0 0 0 0 0 0 0 0 0 0 0 0 0 0 0 0 0 0 0 0 0 0 0 0 0 0 0 0 0 0 0 0 0 0 0 0 0 0 0 0 0 0 0 0 0 0 0 0 0 0 0 0 0 0 0 0 0 0 0 0 0 0 0 0 0 0 0 0 0 0 0 0 0 0 0 0 0 0 0 0 0 0 0 0 0 0 0 0 0 0 0 0 0 0 0 0 0 0 0 0 0 0 0 0 0 0 0 0 0 0 0 0 0 0 0 0 0 0 0 0 0 0 0 0 0 0 0 0 0 0 0 0 0 0 0 0 0 0 0 0 0 0 0 0 0 0 0 0 0 0 0 0 0 0 0 0 0 0 0 0 0 0 0 0 0 0 0 0 0 0 0 0 0 0 0 0 0 0 0 0 0 0 0 0 0 0 0 0 0 0 0 0 0 0 0 0 0 0 0 0 0 0 0 0 0 0 0 0 0 0 0 0 0 0 0 0 0 0 0 0 0 0 0 0 0 0 0 0 0 0 0 0 0 0 0 0 0 0 0 0 0 0 0 0 0 0 0 0 0 0 0 0 0 0 0 0 0 0 0 0 0 0 0 0 0 0 0 0 0 0 0 0 0 0 0 0 0 0 0 0 0 0 0 0 0 0 0 0 0 0 0 0 0 0 0 0 0 0 0 0 0 0 0 0 0 0 0 0 0 0 0 0 0 0 0 0 0 0 0 0 0 0 0 0 0 0 0 0 0 0 0 0 0 0 0 0 0 0 0 0 0 0 0 0 0 0 0 0 0 0 0 0 0 0 0 0 0 0 0 0 0 0 0 0 0 0 0 0 0 0 0 0 0 0 0 0 0 0 0 0 0 0 0 0 0 0 0 0 0 0 0 0 0 0 0 0 0 0 0 0 0 0 0 0 0 0 0 0 0 0 0 0 0 0 0 0 0 0 0 0 0 0 0 0 0 0 0 0 0 0 0 0 0 0 0 0 0 0 0 0 0 0 0 0 0 0 0 0 0 0 0 0 0 0 0 0 0 0 0 0 0 0 0 0 0 0 0 0 0 0 0 0 0 0 0 0 0 0 0 0 0 0 0 0 0 0 0 0 0 0 0 0 0 0 0 0 0 0 0 0 0 0 0 0 0 0 0 0 0 0 0 0 0 0 0 0 0 0 0 0 0 0 0 0 0 0 0 0 0 0 0 0 0 0 0 0 0 0 0 0 0 0 0 0 0 0 0 0 0 0 0 0 0 0 0 0 0 0 0 0 0 0 0 0 0 0 0 0 0 0 0 0 0 0 0 0 0 0 0 0 0 0 0 0 0 0 0 0 0 0 0 0 0 0 0 0 0 0 0 0 0 0 0 0 0 0 0 0 0 0 0 0 0 0 0 0 0 0 0 0 0 0 0 0 0 0 0 0 0 0 0 0 0 0 0 0 0 0 0 0 0 0 0 0 0 0 0 0 0 0 0 0 0 0 0 0 0 0 0 0 0 0 0 0 0 0 0 0 0 0 0 0 0 0 0 0 0 0 0 0 0 0 0 0 0 0 0 0 0 0 0 0 0 0 0 0 0 0 0 0 0 0 0 0 0 0 0 0 0 0 0 0 0 0 0 0 0 0 0 0 0 0 0 0 0 0 0 0 0 0 0 0 0 0 0 0 0 0 0 0 0 0 0 0 0 0 0 0 0 0 0 0 0 0 0 0 0 0 0 0 0 0 0 0 0 0 0 0 0 0 0 0 0 0 0 0 0 0 0 0 0 0 0 0 0 0 0 0 0 0 0 0 0 0 0 0 0 0 0 0 0 0 0 0 0 0 0 0 0 0 0 0 0 0 0 0 0 0 0 0 0 0 0 0 0 0 0 0 0 0 0 0 0 0 0 0 0 0 0 0 0 0 0 0 0 0 0 0 0 0 0 0 0 0 0 0 0 0 0 0 0 0 0 0 0 0 0 0 0 0 0 0 0 0 0 0 0 0 0 0 0 0 0 0 0 0 0 0 0 0 0 0 0 0 0 0 0 0 0 0 0 0 0 0 0 0 0 0 0 0 0 0 0 0 0 0 0 0 0 0 0 0 0 0 0 0 0 0 0 0 0 0 0 0 0 0 0 0 0 0 0 0 0 0 0 0 0 0 0 0 0 0 0 0 0 0 0 0 0 0 0 0 0 0 0 0 0 0 0 0 0 0 0 0 0 0 0 0 0 0 0 0 0 0 0 0 0 0 0 0 0 0 0 0 0 0 0 0 0 0 0 0 0 0 0 0 0 0 0 0 0 0 0 0 0 0 0 0 0 0 0 0 0 0 0 0 0 0 0 0 0 0 0 0 0 0 0 0 0 0 0 0 0 0 0 0 0 0 0 0 0 0 0 0 0 0 0 0 0 0 0 0 0 0 0 0 0 0 0 0 0 0 0 0 0 0 0 0 0 0 0 0 0 0 0 0 0 0 0 0 0 0 0 0 0 0 0 0 0 0 0 0 0 0 0 0 0 0 0 0 0 0 0 0 0 0 0 0 0 0 0 0 0 0 0 0 0 0 0 0 0 0 0 0 0 0 0 0 0 0 0 0 0 0 0 0 0 0 0 0 0 0 0 0 0 0 0 0 0 0 0 0 0 0 0 0 0 0 0 0 0 0 0 0 0 0 0 0 0 0 0 0 0 0 0 0 0 0 0 0 0 0 0 0 0 0 0 0 0 0 0 0 0 0 0 0 0 0 0 0 0 0 0 0 0 0 0 0 0 0 0 0 0 0 0 0 0 0 0 0 0 0 0 0 0 0 0 0 0 0 0 0 0 0 0 0 0 0 0 0 0 0 0 0 0 0 0 0 0 0 0 0 0 0 0 0 0 0 0 0 0 0 0 0 0 0 0 0 0 0 0 0 0 0 0 0 0 0 0 0 0 0 0 0 0 0 0 0 0 0 0 0 0 0 0 0 0 0 0 0 0 0 0 0 0 0 0 0 0 0 0 0 0 0 0 0 0 0 0 0 0 0 0 0 0 0 0 0 0 0 0 0 0 0 0 0 0 0 0 0 0 0 0 0 0 0 0 0 0 0 0 0 0 0 0 0 0 0 0 0 0 0 0 0 0 0 0 0 0 0 0 0 0 0 0 0 0 0 0 0 0 0 0 0 0 0 0 0 0 0 0 0 0 0 0 0 0 0 0 0 0 0 0 0 0 0 0 0 0 0 0 0 0 0 0 0 0 0 0 0 0 0 0 0 0 0 0 0 0 0 0 0 0 0 0 0 0 0 0 0 0 0 0 0 0 0 0 0 0 0 0 0 0 0 0 0 0 0 0 0 0 0 0 0 0 0 0 0 0 0 0 0 0 0 0 0 0 0 0 0 0 0 0 0 0 0 0 0 0 0 0 0 0 0 0 0 0 0 0 0 0 0 0 0 0 0 0 0 0 0 0 0 0 0 0 0 0 0 0 0 0 0 0 0 0 0 0 0 0 0 0 0 0 0 0 0 0 0 0 0 0 0 0 0 0 0 0 0 0 0 0 0 0 0 0 0 0 0 0 0 0 0 0 0 0 0 0 0 0 0 0 0 0 0 0 0 0 0 0 0 0 0 0 0 0 0 0 0 0 0 0 0 0 0 0 0 0 0 0 0 0 0 0 0 0 0 0 0 0 0 0 0 0 0 0 0 0 0 0 0 0 0 0 0 0 0 0 0 0 0 0 0 0 0 0 0 0 0 0 0 0 0 0 0 0 0 0 0 0 0 0 0 0 0 0 0 0 0 0 0 0 0 0 0 0 0 0 0 0 0 0 0 0 0 0 0 0 0 0 0 0 0 0 0 0 0 0 0 0 0 0 0 0 0 0 0 0 0 0 0 0 0 0 0 0 0 0 0 0 0 0 0 0 0 0 0 0 0 0 0 0 0 0 0 0 0 0 0 0 0 0 0 0 0 0 0 0 0 0 0 0 0 0 0 0 0 0 0 0 0 0 0 0 0 0 0 0 0 0 0 0 0 0 0 0 0 0 0 0 0 0 0 0 0 0 0 0 0 0 0 0 0 0 0 0 0 0 0 0 0 0 0 0 0 0 0 0 0 0 0 0 0 0 0 0 0 0 0 0 0 0 0 0 0 0 0 0 0 0 0 0 0 0 0 0 0 0 0 0 0 0 0 0 0 0 0 0 0 0 0 0 0 0 0 0 0 0 0 0 0 0 0 0 0 0 0 0 0 0 0 0 0 0 0 0 0 0 0 0 0 0 0 0 0 0 0 0 0 0 0 0 0 0 0 0 0 0 0 0 0 0 0 0 0 0 0 0 0 0 0 0 0 0 0 0 0 0 0 0 0 0 0 0 0 0 0 0 0 0 0 0 0 0 0 0 0 0 0 0 0 0 0 0 0 0 0 0 0 0 0 0 0 0 0 0 0 0 0 0 0 0 0 0 0 0 0 0 0 0 0 0 0 0 0 0 0 0 0 0 0 0 0 0 0 0 0 0 0 0 0 0 0 0 0 0 0 0 0 0 0 0 0 0 0 0 0 0 0 0 0 0 0 0 0 0 0 0 0 0 0 0 0 0 0 0 0 0 0 0 0 0 0 0 0 0 0 0 0 0 0 0 0 0 0 0 0 0 0 0 0 0 0 0 0 0 0 0 0 0 0 0 0 0 0 0 0 0 0 0 0 0 0 0 0 0 0 0 0 0 0 0 0 0 0 0 0 0 0 0 0 0 0 0 0 0 0 0 0 0 0 0 0 0 0 0 0 0 0 0 0 0 0 0 0 0 0 0 0 0 0 0 0 0 0 0 0 0 0 0 0 0 0 0 0 0 0 0 0 0 0 0 0 0 0 0 0 0 0 0 0 0 0 0 0 0 0 0 0 0 0 0 0 0 0 0 0 0 0 0 0 0 0 0 0 0 0 0 0 0 0 0 0 0 0 0 0 0 0 0 0 0 0 0 0 0 0 0 0 0 0 0 0 0 0 0 0 0 0 0 0 0 0 0 0 0 0 0 0 0 0 0 0 0 0 0 0 0 0 0 0 0 0 0 0 0 0 0 0 0 0 0 0 0 0 0 0 0 0 0 0 0 0 0 0 0 0 0 0 0 0 0 0 0 0 0 0 0 0 0 0 0 0 0 0 0 0 0 0 0 0 0 0 0 0 0 0 0 0 0 0 0 0 0 0 0 0 0 0 0 0 0 0 0 0 0 0 0 0 0 0 0 0 0 0 0 0 0 0 0 0 0 0 0 0 0 0 0 0 0 0 0 0 0 0 0 0 0 0 0 0 0 0 0 0 0 0 0 0 0 0 0 0 0 0 0 0 0 0 0 0 0 0 0 0 0 0 0 0 0 0 0 0 0 0 0 0 0 0 0 0 0 0 0 0 0 0 0 0 0 0 0 0 0 0 0 0 0 0 0 0 0 0 0 0 0 0 0 0 0 0 0 0 0 0 0 0 0 0 0 0 0 0 0 0 0 0 0 0 0 0 0 0 0 0 0 0 0 0 0 0 0 0 0 0 0 0 0 0 0 0 0 0 0 0 0 0 0 0 0 0 0 0 0 0 0 0 0 0 0 0 0 0 0 0 0 0 0 0 0 0 0 0 0 0 0 0 0 0 0 0 0 0 0 0 0 0 0 0 0 0 0 0 0 0 0 0 0 0 0 0 0 0 0 0 0 0 0 0 0 0 0 0 0 0 0 0 0 0 0 0 0 0 0 0 0 0 0 0 0 0 0 0 0 0 0 0 0 0 0 0 0 0 0 0 0 0 0 0 0 0 0 0 0 0 0 0 0 0 0 0 0 0 0 0 0 0 0 0 0 0 0 0 0 0 0 0 0 0 0 0 0 0 0 0 0 0 0 0 0 0 0 0 0 0 0 0 0 0 0 0 0 0 0 0 0 0 0 0 0 0 0 0 0 0 0 0 0 0 0 0 0 0 0 0 0 0 0 0 0 0 0 0 0 0 0 0 0 0 0 0 0 0 0 0 0 0 0 0 0 0 0 0 0 0 0 0 0 0 0 0 0 0 0 0 0 0 0 0 0 0 0 0 0 0 0 0 0 0 0 0 0 0 0 0 0 0 0 0 0 0 0 0 0 0 0 0 0 0 0 0 0 0 0 0 0 0 0 0 0 0 0 0 0 0 0 0 0 0 0 0 0 0 0 0 0 0 0 0 0 0 0 0 0 0 0 0 0 0 0 0 0 0 0 0 0 0 0 0 0 0 0 0 0 0 0 0 0 0 0 0 0 0 0 0 0 0 0 0 0 0 0 0 0 0 0 0 0 0 0 0 0 0 0 0 0 0 0 0 0 0 0 0 0 0 0 0 0 0 0 0 0 0 0 0 0 0 0 0 0 0 0 0 0 0 0 0 0 0 0 0 0 0 0 0 0 0 0 0 0 0 0 0 0 0 0 0 0 0 0 0 0 0 0 0 0 0 0 0 0 0 0 0 0 0 0 0 0 0 0 0 0 0 0 0 0 0 0 0 0 0 0 0 0 0 0 0 0 0 0 0 0 0 0 0 0 0 0 0 0 0 0 0 0 0 0 0 0 0 0 0 0 0 0 0 0 0 0 0 0 0 0 0 0 0 0 0 0 0 0 0 0 0 0 0 0 0 0 0 0 0 0 0 0 0 0 0 0 0 0 0 0 0 0 0 0 0 0 0 0 0 0 0 0 0 0 0 0 0 0 0 0 0 0 0 0 0 0 0 0 0 0 0 0 0 0 0 0 0 0 0 0 0 0 0 0 0 0 0 0 0 0 0 0 0 0 0 0 0 0 0 0 0 0 0 0 0 0 0 0 0 0 0 0 0 0 0 0 0 0 0 0 0 0 0 0 0 0 0 0 0 0 0 0 0 0 0 0 0 0 0 0 0 0 0 0 0 0 0 0 0 0 0 0 0 0 0 0 0 0 0 0 0 0 0 0 0 0 0 0 0 0 0 0 0 0 0 0 0 0 0 0 0 0 0 0 0 0 0 0 0 0 0 0 0 0 0 0 0 0 0 0 0 0 0 0 0 0 0 0 0 0 0 0 0 0 0 0 0 0 0 0 0 0 0 0 0 0 0 0 0 0 0 0 0 0 0 0 0 0 0 0 0 0 0 0 0 0 0 0 0 0 0 0 0 0 0 0 0 0 0 0 0 0 0 0 0 0 0 0 0 0 0 0 0 0 0 0 0 0 0 0 0 0 0 0 0 0 0 0 0 0 0 0 0 0 0 0 0 0 0 0 0 0 0 0 0 0 0 0 0 0 0 0 0 0 0 0 0 0 0 0 0 0 0 0 0 0 0 0 0 0 0 0 0 0 0 0 0 0 0 0 0 0 0 0 0 0 0 0 0 0 0 0 0 0 0 0 0 0 0 0 0 0 0 0 0 0 0 0 0 0 0 0 0 0 0 0 0 0 0 0 0 0 0 0 0 0 0 0 0 0 0 0 0 0 0 0 0 0 0 0 0 0 0 0 0 0 0 0 0 0 0 0 0 0 0 0 0 0 0 0 0 0 0 0 0 0 0 0 0 0 0 0 0 0 0 0 0 0 0 0 0 0 0 0 0 0 0 0 0 0 0 0 0 0 0 0 0 0 0 0 0 0 0 0 0 0 0 0 0 0 0 0 0 0 0 0 0 0 0 0 0 0 0 0 0 0 0 0 0 0 0 0 0 0 0 0 0 0 0 0 0 0 0 0 0 0 0 0 0 0 0 0 0 0 0 0 0 0 0 0 0 0 0 0 0 0 0 0 0 0 0 0 0 0 0 0 0 0 0 0 0 0 0 0 0 0 0 0 0 0 0 0 0 0 0 0 0 0 0 0 0 0 0 0 0 0 0 0 0 0 0 0 0 0 0 0 0 0 0 0 0 0 0 0 0 0 0 0 0 0 0 0 0 0 0 0 0 0 0 0 0 0 0 0 0 0 0 0 0 0 0 0 0 0 0 0 0 0 0 0 0 0 0 0 0 0 0 0 0 0 0 0 0 0 0 0 0 0 0 0 0 0 0 0 0 0 0 0 0 0 0 0 0 0 0 0 0 0 0 0 0 0 0 0 0 0 0 0 0 0 0 0 0 0 0 0 0 0 0 0 0 0 0 0 0 0 0 0 0 0 0 0 0 0 0 0 0 0 0 0 0 0 0 0 0 0 0 0 0 0 0 0 0 0 0 0 0 0 0 0 0 0 0 0 0 0 0 0 0 0 0 0 0 0 0 0 0 0 0 0 0 0 0 0 0 0 0 0 0 0 0 0 0 0 0 0 0 0 0 0 0 0 0 0 0 0 0 0 0 0 0 0 0 0 0 0 0 0 0 0 0 0 0 0 0 0 0 0 0 0 0 0 0 0 0 0 0 0 0 0 0 0 0 0 0 0 0 0 0 0 0 0</float_array>
                    <technique_common>
                        <accessor count="3264" source="#shape0-lib-map-array" stride="2">
                            <param name="U" type="float"/>
                            <param name="V" type="float"/>
                        </accessor>
                    </technique_common>
                </source>
                <vertices id="shape0-lib-vertices">
                    <input semantic="POSITION" source="#shape0-lib-positions"/>
                </vertices>
                <triangles count="1088">
                    <input offset="0" semantic="VERTEX" source="#shape0-lib-vertices"/>
                    <input offset="1" semantic="COLOR" source="#shape0-lib-vcolor"/>
                    <input offset="2" semantic="NORMAL" source="#shape0-lib-normals"/>
                    <input offset="3" semantic="TEXCOORD" source="#shape0-lib-map"/>
                    <p>2115 2115 0 0 2114 2114 0 1 2121 2121 0 2 2121 2121 1 3 2114 2114 1 4 2127 2127 1 5 2143 2143 2 6 2135 2135 2 7 2127 2127 2 8 2127 2127 3 9 2135 2135 3 10 2126 2126 3 11 2127 2127 4 12 2126 2126 4 13 2121 2121 4 14 2152 2152 5 15 2147 2147 5 16 2143 2143 5 17 2143 2143 6 18 2147 2147 6 19 2142 2142 6 20 2143 2143 7 21 2142 2142 7 22 2135 2135 7 23 2157 2157 8 24 2155 2155 8 25 2152 2152 8 26 2152 2152 9 27 2155 2155 9 28 2149 2149 9 29 2152 2152 10 30 2149 2149 10 31 2147 2147 10 32 2166 2166 11 33 2162 2162 11 34 2157 2157 11 35 2157 2157 12 36 2162 2162 12 37 2156 2156 12 38 2157 2157 13 39 2156 2156 13 40 2155 2155 13 41 2176 2176 14 42 2175 2175 14 43 2166 2166 14 44 2166 2166 15 45 2175 2175 15 46 2164 2164 15 47 2166 2166 16 48 2164 2164 16 49 2162 2162 16 50 2166 2166 17 51 2177 2177 17 52 2176 2176 17 53 2176 2176 18 54 2177 2177 18 55 2181 2181 18 56 2176 2176 19 57 2181 2181 19 58 2183 2183 19 59 1661 1661 20 60 1654 1654 20 61 1740 1740 20 62 1740 1740 21 63 1654 1654 21 64 1649 1649 21 65 1740 1740 22 66 1649 1649 22 67 1741 1741 22 68 1741 1741 23 69 1649 1649 23 70 1650 1650 23 71 1741 1741 24 72 1650 1650 24 73 1737 1737 24 74 2146 2146 25 75 2078 2078 25 76 2079 2079 25 77 1661 1661 26 78 1740 1740 26 79 1676 1676 26 80 1676 1676 27 81 1740 1740 27 82 1742 1742 27 83 1676 1676 28 84 1742 1742 28 85 1697 1697 28 86 1697 1697 29 87 1742 1742 29 88 1748 1748 29 89 1697 1697 30 90 1748 1748 30 91 1716 1716 30 92 1716 1716 31 93 1748 1748 31 94 1758 1758 31 95 1716 1716 32 96 1758 1758 32 97 1739 1739 32 98 1739 1739 33 99 1758 1758 33 100 1763 1763 33 101 1739 1739 34 102 1763 1763 34 103 1768 1768 34 104 2163 2163 35 105 2174 2174 35 106 2122 2122 35 107 1663 1663 36 108 1668 1668 36 109 1732 1732 36 110 2174 2174 37 111 2173 2173 37 112 2079 2079 37 113 1737 1737 38 114 1650 1650 38 115 1732 1732 38 116 1732 1732 39 117 1650 1650 39 118 1658 1658 39 119 1732 1732 40 120 1658 1658 40 121 1663 1663 40 122 1720 1720 41 123 1686 1686 41 124 1707 1707 41 125 1707 1707 42 126 1686 1686 42 127 1699 1699 42 128 1668 1668 43 129 1677 1677 43 130 1732 1732 43 131 1732 1732 44 132 1677 1677 44 133 1686 1686 44 134 1732 1732 45 135 1686 1686 45 136 1727 1727 45 137 1727 1727 46 138 1686 1686 46 139 1720 1720 46 140 2005 2005 47 141 1991 1991 47 142 2045 2045 47 143 1763 1763 48 144 1773 1773 48 145 1768 1768 48 146 1768 1768 49 147 1773 1773 49 148 1776 1776 49 149 1768 1768 50 150 1776 1776 50 151 1797 1797 50 152 1797 1797 51 153 1776 1776 51 154 1817 1817 51 155 2173 2173 52 156 2168 2168 52 157 2079 2079 52 158 2079 2079 53 159 2168 2168 53 160 2161 2161 53 161 2079 2079 54 162 2161 2161 54 163 2146 2146 54 164 2045 2045 55 165 1991 1991 55 166 1776 1776 55 167 1776 1776 56 168 1991 1991 56 169 1833 1833 56 170 1776 1776 57 171 1833 1833 57 172 1817 1817 57 173 2122 2122 58 174 2174 2174 58 175 2113 2113 58 176 2078 2078 59 177 2146 2146 59 178 2072 2072 59 179 2072 2072 60 180 2146 2146 60 181 2124 2124 60 182 2072 2072 61 183 2124 2124 61 184 2062 2062 61 185 2062 2062 62 186 2124 2124 62 187 2105 2105 62 188 2062 2062 63 189 2105 2105 63 190 2057 2057 63 191 2057 2057 64 192 2105 2105 64 193 2082 2082 64 194 2057 2057 65 195 2082 2082 65 196 2047 2047 65 197 2047 2047 66 198 2082 2082 66 199 2053 2053 66 200 2047 2047 67 201 2053 2053 67 202 2045 2045 67 203 2045 2045 68 204 2053 2053 68 205 2025 2025 68 206 2045 2045 69 207 2025 2025 69 208 2005 2005 69 209 2079 2079 70 210 2080 2080 70 211 2174 2174 70 212 2174 2174 71 213 2080 2080 71 214 2083 2083 71 215 2174 2174 72 216 2083 2083 72 217 2088 2088 72 218 2134 2134 73 219 2144 2144 73 220 2153 2153 73 221 2088 2088 74 222 2093 2093 74 223 2174 2174 74 224 2174 2174 75 225 2093 2093 75 226 2100 2100 75 227 2174 2174 76 228 2100 2100 76 229 2113 2113 76 230 2134 2134 77 231 2153 2153 77 232 2122 2122 77 233 2122 2122 78 234 2153 2153 78 235 2158 2158 78 236 2122 2122 79 237 2158 2158 79 238 2163 2163 79 239 2074 2074 80 240 2075 2075 80 241 2079 2079 80 242 2079 2079 81 243 2075 2075 81 244 2080 2080 81 245 2074 2074 82 246 2079 2079 82 247 2073 2073 82 248 2073 2073 83 249 2079 2079 83 250 2078 2078 83 251 2073 2073 84 252 2078 2078 84 253 2063 2063 84 254 2063 2063 85 255 2078 2078 85 256 2072 2072 85 257 2063 2063 86 258 2072 2072 86 259 2060 2060 86 260 2060 2060 87 261 2072 2072 87 262 2062 2062 87 263 2060 2060 88 264 2062 2062 88 265 2056 2056 88 266 2056 2056 89 267 2062 2062 89 268 2057 2057 89 269 2056 2056 90 270 2057 2057 90 271 2046 2046 90 272 2046 2046 91 273 2057 2057 91 274 2047 2047 91 275 2046 2046 92 276 2047 2047 92 277 2044 2044 92 278 2044 2044 93 279 2047 2047 93 280 2045 2045 93 281 2045 2045 94 282 1776 1776 94 283 2044 2044 94 284 2044 2044 95 285 1776 1776 95 286 1775 1775 95 287 1775 1775 96 288 1776 1776 96 289 1774 1774 96 290 1774 1774 97 291 1776 1776 97 292 1773 1773 97 293 1774 1774 98 294 1773 1773 98 295 1764 1764 98 296 1764 1764 99 297 1773 1773 99 298 1763 1763 99 299 1764 1764 100 300 1763 1763 100 301 1760 1760 100 302 1760 1760 101 303 1763 1763 101 304 1758 1758 101 305 1760 1760 102 306 1758 1758 102 307 1757 1757 102 308 1757 1757 103 309 1758 1758 103 310 1748 1748 103 311 1757 1757 104 312 1748 1748 104 313 1747 1747 104 314 1747 1747 105 315 1748 1748 105 316 1742 1742 105 317 1747 1747 106 318 1742 1742 106 319 1745 1745 106 320 1745 1745 107 321 1742 1742 107 322 1740 1740 107 323 1740 1740 108 324 1741 1741 108 325 1745 1745 108 326 1745 1745 109 327 1741 1741 109 328 1746 1746 109 329 2173 2173 110 330 2182 2182 110 331 2179 2179 110 332 2173 2173 111 333 2179 2179 111 334 2168 2168 111 335 2168 2168 112 336 2179 2179 112 337 2170 2170 112 338 2168 2168 113 339 2170 2170 113 340 2161 2161 113 341 2161 2161 114 342 2170 2170 114 343 2151 2151 114 344 2161 2161 115 345 2151 2151 115 346 2146 2146 115 347 2146 2146 116 348 2151 2151 116 349 2129 2129 116 350 2146 2146 117 351 2129 2129 117 352 2124 2124 117 353 2124 2124 118 354 2129 2129 118 355 2107 2107 118 356 2124 2124 119 357 2107 2107 119 358 2105 2105 119 359 2105 2105 120 360 2107 2107 120 361 2086 2086 120 362 2105 2105 121 363 2086 2086 121 364 2082 2082 121 365 2082 2082 122 366 2086 2086 122 367 2055 2055 122 368 2082 2082 123 369 2055 2055 123 370 2053 2053 123 371 2053 2053 124 372 2055 2055 124 373 2033 2033 124 374 2053 2053 125 375 2033 2033 125 376 2025 2025 125 377 2025 2025 126 378 2033 2033 126 379 2007 2007 126 380 2025 2025 127 381 2007 2007 127 382 2005 2005 127 383 2005 2005 128 384 2007 2007 128 385 1990 1990 128 386 2005 2005 129 387 1990 1990 129 388 1991 1991 129 389 1990 1990 130 390 1832 1832 130 391 1991 1991 130 392 1991 1991 131 393 1832 1832 131 394 1833 1833 131 395 1833 1833 132 396 1832 1832 132 397 1815 1815 132 398 1833 1833 133 399 1815 1815 133 400 1817 1817 133 401 1817 1817 134 402 1815 1815 134 403 1789 1789 134 404 1817 1817 135 405 1789 1789 135 406 1797 1797 135 407 1797 1797 136 408 1789 1789 136 409 1766 1766 136 410 1797 1797 137 411 1766 1766 137 412 1768 1768 137 413 1768 1768 138 414 1766 1766 138 415 1735 1735 138 416 1768 1768 139 417 1735 1735 139 418 1739 1739 139 419 1739 1739 140 420 1735 1735 140 421 1714 1714 140 422 1739 1739 141 423 1714 1714 141 424 1716 1716 141 425 1716 1716 142 426 1714 1714 142 427 1692 1692 142 428 1716 1716 143 429 1692 1692 143 430 1697 1697 143 431 1697 1697 144 432 1692 1692 144 433 1671 1671 144 434 1697 1697 145 435 1671 1671 145 436 1676 1676 145 437 1676 1676 146 438 1671 1671 146 439 1652 1652 146 440 1676 1676 147 441 1652 1652 147 442 1661 1661 147 443 1661 1661 148 444 1652 1652 148 445 1643 1643 148 446 1661 1661 149 447 1643 1643 149 448 1654 1654 149 449 1654 1654 150 450 1643 1643 150 451 1640 1640 150 452 1654 1654 151 453 1640 1640 151 454 1649 1649 151 455 1650 1650 152 456 1649 1649 152 457 1641 1641 152 458 1641 1641 153 459 1649 1649 153 460 1640 1640 153 461 1641 1641 154 462 1645 1645 154 463 1650 1650 154 464 1650 1650 155 465 1645 1645 155 466 1658 1658 155 467 1645 1645 156 468 1646 1646 156 469 1658 1658 156 470 1658 1658 157 471 1646 1646 157 472 1657 1657 157 473 1658 1658 158 474 1657 1657 158 475 1663 1663 158 476 1657 1657 159 477 1659 1659 159 478 1663 1663 159 479 1663 1663 160 480 1659 1659 160 481 1665 1665 160 482 1663 1663 161 483 1665 1665 161 484 1668 1668 161 485 1665 1665 162 486 1666 1666 162 487 1668 1668 162 488 1668 1668 163 489 1666 1666 163 490 1672 1672 163 491 1668 1668 164 492 1672 1672 164 493 1677 1677 164 494 1677 1677 165 495 1672 1672 165 496 1674 1674 165 497 1677 1677 166 498 1674 1674 166 499 1686 1686 166 500 1674 1674 167 501 1679 1679 167 502 1686 1686 167 503 1686 1686 168 504 1679 1679 168 505 1685 1685 168 506 1686 1686 169 507 1685 1685 169 508 1699 1699 169 509 1699 1699 170 510 1685 1685 170 511 1694 1694 170 512 1699 1699 171 513 1694 1694 171 514 1698 1698 171 515 2080 2080 172 516 2075 2075 172 517 2077 2077 172 518 2080 2080 173 519 2077 2077 173 520 2083 2083 173 521 2083 2083 174 522 2077 2077 174 523 2084 2084 174 524 2083 2083 175 525 2084 2084 175 526 2088 2088 175 527 2088 2088 176 528 2084 2084 176 529 2092 2092 176 530 2088 2088 177 531 2092 2092 177 532 2093 2093 177 533 2093 2093 178 534 2092 2092 178 535 2098 2098 178 536 2093 2093 179 537 2098 2098 179 538 2100 2100 179 539 2100 2100 180 540 2098 2098 180 541 2112 2112 180 542 2100 2100 181 543 2112 2112 181 544 2113 2113 181 545 2113 2113 182 546 2112 2112 182 547 2122 2122 182 548 2122 2122 183 549 2112 2112 183 550 2115 2115 183 551 2122 2122 184 552 2115 2115 184 553 2121 2121 184 554 2183 2183 185 555 2182 2182 185 556 2174 2174 185 557 2174 2174 186 558 2182 2182 186 559 2173 2173 186 560 2182 2182 187 561 2180 2180 187 562 2178 2178 187 563 2182 2182 188 564 2178 2178 188 565 2179 2179 188 566 2179 2179 189 567 2178 2178 189 568 2169 2169 189 569 2179 2179 190 570 2169 2169 190 571 2170 2170 190 572 2170 2170 191 573 2169 2169 191 574 2150 2150 191 575 2170 2170 192 576 2150 2150 192 577 2151 2151 192 578 2151 2151 193 579 2150 2150 193 580 2128 2128 193 581 2151 2151 194 582 2128 2128 194 583 2129 2129 194 584 2129 2129 195 585 2128 2128 195 586 2106 2106 195 587 2129 2129 196 588 2106 2106 196 589 2107 2107 196 590 2107 2107 197 591 2106 2106 197 592 2085 2085 197 593 2107 2107 198 594 2085 2085 198 595 2086 2086 198 596 2086 2086 199 597 2085 2085 199 598 2054 2054 199 599 2086 2086 200 600 2054 2054 200 601 2055 2055 200 602 2055 2055 201 603 2054 2054 201 604 2032 2032 201 605 2055 2055 202 606 2032 2032 202 607 2033 2033 202 608 2033 2033 203 609 2032 2032 203 610 2006 2006 203 611 2033 2033 204 612 2006 2006 204 613 2007 2007 204 614 2007 2007 205 615 2006 2006 205 616 1989 1989 205 617 2007 2007 206 618 1989 1989 206 619 1990 1990 206 620 1831 1831 207 621 1832 1832 207 622 1989 1989 207 623 1989 1989 208 624 1832 1832 208 625 1990 1990 208 626 1832 1832 209 627 1831 1831 209 628 1814 1814 209 629 1832 1832 210 630 1814 1814 210 631 1815 1815 210 632 1815 1815 211 633 1814 1814 211 634 1788 1788 211 635 1815 1815 212 636 1788 1788 212 637 1789 1789 212 638 1789 1789 213 639 1788 1788 213 640 1765 1765 213 641 1789 1789 214 642 1765 1765 214 643 1766 1766 214 644 1766 1766 215 645 1765 1765 215 646 1734 1734 215 647 1766 1766 216 648 1734 1734 216 649 1735 1735 216 650 1735 1735 217 651 1734 1734 217 652 1713 1713 217 653 1735 1735 218 654 1713 1713 218 655 1714 1714 218 656 1714 1714 219 657 1713 1713 219 658 1691 1691 219 659 1714 1714 220 660 1691 1691 220 661 1692 1692 220 662 1692 1692 221 663 1691 1691 221 664 1670 1670 221 665 1692 1692 222 666 1670 1670 222 667 1671 1671 222 668 1671 1671 223 669 1670 1670 223 670 1651 1651 223 671 1671 1671 224 672 1651 1651 224 673 1652 1652 224 674 1652 1652 225 675 1651 1651 225 676 1642 1642 225 677 1652 1652 226 678 1642 1642 226 679 1643 1643 226 680 1643 1643 227 681 1642 1642 227 682 1638 1638 227 683 1643 1643 228 684 1638 1638 228 685 1640 1640 228 686 1639 1639 229 687 1641 1641 229 688 1638 1638 229 689 1638 1638 230 690 1641 1641 230 691 1640 1640 230 692 1639 1639 231 693 1644 1644 231 694 1641 1641 231 695 1641 1641 232 696 1644 1644 232 697 1645 1645 232 698 1645 1645 233 699 1644 1644 233 700 1646 1646 233 701 1646 1646 234 702 1644 1644 234 703 1655 1655 234 704 1646 1646 235 705 1655 1655 235 706 1657 1657 235 707 1657 1657 236 708 1655 1655 236 709 1659 1659 236 710 1659 1659 237 711 1655 1655 237 712 1664 1664 237 713 1659 1659 238 714 1664 1664 238 715 1665 1665 238 716 1665 1665 239 717 1664 1664 239 718 1666 1666 239 719 1666 1666 240 720 1664 1664 240 721 1669 1669 240 722 1666 1666 241 723 1669 1669 241 724 1672 1672 241 725 1672 1672 242 726 1669 1669 242 727 1674 1674 242 728 1674 1674 243 729 1669 1669 243 730 1678 1678 243 731 1674 1674 244 732 1678 1678 244 733 1679 1679 244 734 1679 1679 245 735 1678 1678 245 736 1685 1685 245 737 1685 1685 246 738 1678 1678 246 739 1693 1693 246 740 1685 1685 247 741 1693 1693 247 742 1694 1694 247 743 1694 1694 248 744 1693 1693 248 745 1698 1698 248 746 1698 1698 249 747 1693 1693 249 748 1705 1705 249 749 1698 1698 250 750 1705 1705 250 751 1706 1706 250 752 1750 1750 251 753 1730 1730 251 754 1729 1729 251 755 1729 1729 252 756 1731 1731 252 757 1750 1750 252 758 1750 1750 253 759 1731 1731 253 760 1749 1749 253 761 1750 1750 254 762 1749 1749 254 763 1762 1762 254 764 1762 1762 255 765 1749 1749 255 766 1751 1751 255 767 1762 1762 256 768 1751 1751 256 769 1761 1761 256 770 1706 1706 257 771 1705 1705 257 772 1717 1717 257 773 1717 1717 258 774 1705 1705 258 775 1718 1718 258 776 1717 1717 259 777 1718 1718 259 778 1730 1730 259 779 1730 1730 260 780 1718 1718 260 781 1719 1719 260 782 1730 1730 261 783 1719 1719 261 784 1729 1729 261 785 2058 2058 262 786 2069 2069 262 787 2059 2059 262 788 2059 2059 263 789 2069 2069 263 790 2070 2070 263 791 2069 2069 264 792 2071 2071 264 793 2070 2070 264 794 2070 2070 265 795 2071 2071 265 796 2089 2089 265 797 2070 2070 266 798 2089 2089 266 799 2090 2090 266 800 2089 2089 267 801 2091 2091 267 802 2090 2090 267 803 2090 2090 268 804 2091 2091 268 805 2101 2101 268 806 2090 2090 269 807 2101 2101 269 808 2103 2103 269 809 2103 2103 270 810 2101 2101 270 811 2102 2102 270 812 2103 2103 271 813 2102 2102 271 814 2115 2115 271 815 2115 2115 272 816 2102 2102 272 817 2114 2114 272 818 2180 2180 273 819 2182 2182 273 820 2181 2181 273 821 2181 2181 274 822 2182 2182 274 823 2183 2183 274 824 2160 2160 275 825 2169 2169 275 826 2178 2178 275 827 2160 2160 276 828 2178 2178 276 829 2167 2167 276 830 2167 2167 277 831 2178 2178 277 832 2180 2180 277 833 2167 2167 278 834 2180 2180 278 835 2171 2171 278 836 2024 2024 279 837 2032 2032 279 838 2054 2054 279 839 2024 2024 280 840 2054 2054 280 841 2052 2052 280 842 2052 2052 281 843 2054 2054 281 844 2085 2085 281 845 2052 2052 282 846 2085 2085 282 847 2081 2081 282 848 2081 2081 283 849 2085 2085 283 850 2106 2106 283 851 2081 2081 284 852 2106 2106 284 853 2104 2104 284 854 2104 2104 285 855 2106 2106 285 856 2128 2128 285 857 2104 2104 286 858 2128 2128 286 859 2123 2123 286 860 2123 2123 287 861 2128 2128 287 862 2150 2150 287 863 2123 2123 288 864 2150 2150 288 865 2145 2145 288 866 2145 2145 289 867 2150 2150 289 868 2169 2169 289 869 2145 2145 290 870 2169 2169 290 871 2160 2160 290 872 1988 1988 291 873 1989 1989 291 874 2006 2006 291 875 1988 1988 292 876 2006 2006 292 877 2004 2004 292 878 2004 2004 293 879 2006 2006 293 880 2032 2032 293 881 2004 2004 294 882 2032 2032 294 883 2024 2024 294 884 1830 1830 295 885 1831 1831 295 886 1988 1988 295 887 1988 1988 296 888 1831 1831 296 889 1989 1989 296 890 1796 1796 297 891 1788 1788 297 892 1814 1814 297 893 1796 1796 298 894 1814 1814 298 895 1816 1816 298 896 1816 1816 299 897 1814 1814 299 898 1831 1831 299 899 1816 1816 300 900 1831 1831 300 901 1830 1830 300 902 1660 1660 301 903 1651 1651 301 904 1670 1670 301 905 1660 1660 302 906 1670 1670 302 907 1675 1675 302 908 1675 1675 303 909 1670 1670 303 910 1691 1691 303 911 1675 1675 304 912 1691 1691 304 913 1696 1696 304 914 1696 1696 305 915 1691 1691 305 916 1713 1713 305 917 1696 1696 306 918 1713 1713 306 919 1715 1715 306 920 1715 1715 307 921 1713 1713 307 922 1734 1734 307 923 1715 1715 308 924 1734 1734 308 925 1738 1738 308 926 1738 1738 309 927 1734 1734 309 928 1765 1765 309 929 1738 1738 310 930 1765 1765 310 931 1767 1767 310 932 1767 1767 311 933 1765 1765 311 934 1788 1788 311 935 1767 1767 312 936 1788 1788 312 937 1796 1796 312 938 1647 1647 313 939 1638 1638 313 940 1642 1642 313 941 1647 1647 314 942 1642 1642 314 943 1653 1653 314 944 1653 1653 315 945 1642 1642 315 946 1651 1651 315 947 1653 1653 316 948 1651 1651 316 949 1660 1660 316 950 1638 1638 317 951 1647 1647 317 952 1639 1639 317 953 1639 1639 318 954 1647 1647 318 955 1648 1648 318 956 1704 1704 319 957 1705 1705 319 958 1693 1693 319 959 1704 1704 320 960 1693 1693 320 961 1695 1695 320 962 1695 1695 321 963 1693 1693 321 964 1678 1678 321 965 1695 1695 322 966 1678 1678 322 967 1680 1680 322 968 1680 1680 323 969 1678 1678 323 970 1669 1669 323 971 1680 1680 324 972 1669 1669 324 973 1673 1673 324 974 1673 1673 325 975 1669 1669 325 976 1664 1664 325 977 1673 1673 326 978 1664 1664 326 979 1667 1667 326 980 1667 1667 327 981 1664 1664 327 982 1655 1655 327 983 1667 1667 328 984 1655 1655 328 985 1662 1662 328 986 1662 1662 329 987 1655 1655 329 988 1644 1644 329 989 1662 1662 330 990 1644 1644 330 991 1656 1656 330 992 1656 1656 331 993 1644 1644 331 994 1639 1639 331 995 1656 1656 332 996 1639 1639 332 997 1648 1648 332 998 1761 1761 333 999 1751 1751 333 1000 1759 1759 333 1001 1759 1759 334 1002 1751 1751 334 1003 1756 1756 334 1004 1756 1756 335 1005 1751 1751 335 1006 1755 1755 335 1007 1755 1755 336 1008 1751 1751 336 1009 1749 1749 336 1010 1755 1755 337 1011 1749 1749 337 1012 1744 1744 337 1013 1744 1744 338 1014 1749 1749 338 1015 1731 1731 338 1016 1744 1744 339 1017 1731 1731 339 1018 1733 1733 339 1019 1733 1733 340 1020 1731 1731 340 1021 1729 1729 340 1022 1733 1733 341 1023 1729 1729 341 1024 1721 1721 341 1025 1705 1705 342 1026 1704 1704 342 1027 1718 1718 342 1028 1718 1718 343 1029 1704 1704 343 1030 1721 1721 343 1031 1718 1718 344 1032 1721 1721 344 1033 1719 1719 344 1034 1719 1719 345 1035 1721 1721 345 1036 1729 1729 345 1037 2058 2058 346 1038 2061 2061 346 1039 2069 2069 346 1040 2069 2069 347 1041 2061 2061 347 1042 2064 2064 347 1043 2069 2069 348 1044 2064 2064 348 1045 2071 2071 348 1046 2114 2114 349 1047 2102 2102 349 1048 2116 2116 349 1049 2116 2116 350 1050 2102 2102 350 1051 2099 2099 350 1052 2064 2064 351 1053 2065 2065 351 1054 2071 2071 351 1055 2071 2071 352 1056 2065 2065 352 1057 2076 2076 352 1058 2071 2071 353 1059 2076 2076 353 1060 2089 2089 353 1061 2089 2089 354 1062 2076 2076 354 1063 2087 2087 354 1064 2089 2089 355 1065 2087 2087 355 1066 2091 2091 355 1067 2091 2091 356 1068 2087 2087 356 1069 2099 2099 356 1070 2091 2091 357 1071 2099 2099 357 1072 2101 2101 357 1073 2101 2101 358 1074 2099 2099 358 1075 2102 2102 358 1076 2172 2172 359 1077 2181 2181 359 1078 2177 2177 359 1079 2172 2172 360 1080 2177 2177 360 1081 2165 2165 360 1082 2165 2165 361 1083 2177 2177 361 1084 2166 2166 361 1085 2165 2165 362 1086 2166 2166 362 1087 2159 2159 362 1088 2159 2159 363 1089 2166 2166 363 1090 2157 2157 363 1091 2159 2159 364 1092 2157 2157 364 1093 2154 2154 364 1094 2154 2154 365 1095 2157 2157 365 1096 2152 2152 365 1097 2154 2154 366 1098 2152 2152 366 1099 2148 2148 366 1100 2148 2148 367 1101 2152 2152 367 1102 2143 2143 367 1103 2148 2148 368 1104 2143 2143 368 1105 2141 2141 368 1106 2141 2141 369 1107 2143 2143 369 1108 2127 2127 369 1109 2141 2141 370 1110 2127 2127 370 1111 2125 2125 370 1112 2125 2125 371 1113 2127 2127 371 1114 2114 2114 371 1115 2125 2125 372 1116 2114 2114 372 1117 2116 2116 372 1118 2171 2171 373 1119 2180 2180 373 1120 2172 2172 373 1121 2172 2172 374 1122 2180 2180 374 1123 2181 2181 374 1124 2087 2087 375 1125 2076 2076 375 1126 2097 2097 375 1127 1744 1744 376 1128 1733 1733 376 1129 1726 1726 376 1130 1726 1726 377 1131 1733 1733 377 1132 1721 1721 377 1133 1726 1726 378 1134 1721 1721 378 1135 1712 1712 378 1136 1648 1648 379 1137 1647 1647 379 1138 1683 1683 379 1139 1683 1683 380 1140 1684 1684 380 1141 1648 1648 380 1142 1648 1648 381 1143 1684 1684 381 1144 1690 1690 381 1145 1648 1648 382 1146 1690 1690 382 1147 1703 1703 382 1148 1725 1725 383 1149 1711 1711 383 1150 1660 1660 383 1151 2141 2141 384 1152 2125 2125 384 1153 2111 2111 384 1154 2111 2111 385 1155 2125 2125 385 1156 2116 2116 385 1157 2111 2111 386 1158 2116 2116 386 1159 2097 2097 386 1160 2097 2097 387 1161 2116 2116 387 1162 2099 2099 387 1163 2097 2097 388 1164 2099 2099 388 1165 2087 2087 388 1166 2068 2068 389 1167 2123 2123 389 1168 2096 2096 389 1169 2096 2096 390 1170 2123 2123 390 1171 2145 2145 390 1172 2096 2096 391 1173 2145 2145 391 1174 2110 2110 391 1175 2159 2159 392 1176 2154 2154 392 1177 2111 2111 392 1178 2111 2111 393 1179 2154 2154 393 1180 2148 2148 393 1181 2111 2111 394 1182 2148 2148 394 1183 2141 2141 394 1184 1974 1974 395 1185 2024 2024 395 1186 2016 2016 395 1187 2016 2016 396 1188 2024 2024 396 1189 2052 2052 396 1190 2016 2016 397 1191 2052 2052 397 1192 2050 2050 397 1193 2050 2050 398 1194 2052 2052 398 1195 2081 2081 398 1196 2050 2050 399 1197 2081 2081 399 1198 2068 2068 399 1199 2068 2068 400 1200 2081 2081 400 1201 2104 2104 400 1202 2068 2068 401 1203 2104 2104 401 1204 2123 2123 401 1205 1952 1952 402 1206 1988 1988 402 1207 1974 1974 402 1208 1974 1974 403 1209 1988 1988 403 1210 2004 2004 403 1211 1974 1974 404 1212 2004 2004 404 1213 2024 2024 404 1214 1952 1952 405 1215 1932 1932 405 1216 1988 1988 405 1217 1988 1988 406 1218 1932 1932 406 1219 1912 1912 406 1220 1988 1988 407 1221 1912 1912 407 1222 1830 1830 407 1223 1660 1660 408 1224 1711 1711 408 1225 1653 1653 408 1226 1653 1653 409 1227 1711 1711 409 1228 1702 1702 409 1229 1653 1653 410 1230 1702 1702 410 1231 1647 1647 410 1232 1647 1647 411 1233 1702 1702 411 1234 1689 1689 411 1235 1647 1647 412 1236 1689 1689 412 1237 1683 1683 412 1238 2120 2120 413 1239 2133 2133 413 1240 2172 2172 413 1241 2172 2172 414 1242 2133 2133 414 1243 2139 2139 414 1244 2172 2172 415 1245 2139 2139 415 1246 2171 2171 415 1247 2171 2171 416 1248 2139 2139 416 1249 2138 2138 416 1250 2138 2138 417 1251 2132 2132 417 1252 2171 2171 417 1253 2171 2171 418 1254 2132 2132 418 1255 2119 2119 418 1256 2171 2171 419 1257 2119 2119 419 1258 2167 2167 419 1259 2167 2167 420 1260 2119 2119 420 1261 2110 2110 420 1262 2167 2167 421 1263 2110 2110 421 1264 2160 2160 421 1265 2160 2160 422 1266 2110 2110 422 1267 2145 2145 422 1268 1912 1912 423 1269 1890 1890 423 1270 1830 1830 423 1271 1830 1830 424 1272 1890 1890 424 1273 1870 1870 424 1274 1830 1830 425 1275 1870 1870 425 1276 1816 1816 425 1277 1816 1816 426 1278 1870 1870 426 1279 1848 1848 426 1280 1816 1816 427 1281 1848 1848 427 1282 1796 1796 427 1283 1796 1796 428 1284 1848 1848 428 1285 1806 1806 428 1286 1712 1712 429 1287 1721 1721 429 1288 1703 1703 429 1289 1703 1703 430 1290 1721 1721 430 1291 1704 1704 430 1292 1703 1703 431 1293 1704 1704 431 1294 1695 1695 431 1295 1695 1695 432 1296 1680 1680 432 1297 1703 1703 432 1298 1703 1703 433 1299 1680 1680 433 1300 1673 1673 433 1301 1703 1703 434 1302 1673 1673 434 1303 1667 1667 434 1304 1667 1667 435 1305 1662 1662 435 1306 1703 1703 435 1307 1703 1703 436 1308 1662 1662 436 1309 1656 1656 436 1310 1703 1703 437 1311 1656 1656 437 1312 1648 1648 437 1313 2120 2120 438 1314 2172 2172 438 1315 2111 2111 438 1316 2111 2111 439 1317 2172 2172 439 1318 2165 2165 439 1319 2111 2111 440 1320 2165 2165 440 1321 2159 2159 440 1322 1660 1660 441 1323 1675 1675 441 1324 1725 1725 441 1325 1725 1725 442 1326 1675 1675 442 1327 1696 1696 442 1328 1725 1725 443 1329 1696 1696 443 1330 1754 1754 443 1331 1754 1754 444 1332 1696 1696 444 1333 1715 1715 444 1334 1754 1754 445 1335 1715 1715 445 1336 1771 1771 445 1337 1771 1771 446 1338 1715 1715 446 1339 1738 1738 446 1340 1771 1771 447 1341 1738 1738 447 1342 1806 1806 447 1343 1806 1806 448 1344 1738 1738 448 1345 1767 1767 448 1346 1806 1806 449 1347 1767 1767 449 1348 1796 1796 449 1349 1699 1699 450 1350 1698 1698 450 1351 1706 1706 450 1352 1699 1699 451 1353 1706 1706 451 1354 1707 1707 451 1355 1706 1706 452 1356 1708 1708 452 1357 1707 1707 452 1358 1707 1707 453 1359 1708 1708 453 1360 1722 1722 453 1361 1707 1707 454 1362 1722 1722 454 1363 1720 1720 454 1364 1720 1720 455 1365 1722 1722 455 1366 1728 1728 455 1367 1720 1720 456 1368 1728 1728 456 1369 1727 1727 456 1370 1727 1727 457 1371 1728 1728 457 1372 1736 1736 457 1373 1727 1727 458 1374 1736 1736 458 1375 1732 1732 458 1376 1732 1732 459 1377 1736 1736 459 1378 1743 1743 459 1379 1732 1732 460 1380 1743 1743 460 1381 1737 1737 460 1382 1737 1737 461 1383 1743 1743 461 1384 1746 1746 461 1385 1737 1737 462 1386 1746 1746 462 1387 1741 1741 462 1388 2122 2122 463 1389 2121 2121 463 1390 2126 2126 463 1391 2122 2122 464 1392 2126 2126 464 1393 2134 2134 464 1394 2126 2126 465 1395 2135 2135 465 1396 2134 2134 465 1397 2134 2134 466 1398 2135 2135 466 1399 2142 2142 466 1400 2134 2134 467 1401 2142 2142 467 1402 2144 2144 467 1403 2142 2142 468 1404 2147 2147 468 1405 2144 2144 468 1406 2144 2144 469 1407 2147 2147 469 1408 2149 2149 469 1409 2144 2144 470 1410 2149 2149 470 1411 2153 2153 470 1412 2149 2149 471 1413 2155 2155 471 1414 2153 2153 471 1415 2153 2153 472 1416 2155 2155 472 1417 2156 2156 472 1418 2153 2153 473 1419 2156 2156 473 1420 2158 2158 473 1421 2156 2156 474 1422 2162 2162 474 1423 2158 2158 474 1424 2158 2158 475 1425 2162 2162 475 1426 2164 2164 475 1427 2158 2158 476 1428 2164 2164 476 1429 2163 2163 476 1430 2183 2183 477 1431 2174 2174 477 1432 2176 2176 477 1433 2176 2176 478 1434 2174 2174 478 1435 2163 2163 478 1436 2176 2176 479 1437 2163 2163 479 1438 2175 2175 479 1439 2175 2175 480 1440 2163 2163 480 1441 2164 2164 480 1442 1904 1904 481 1443 1743 1743 481 1444 1736 1736 481 1445 2115 2115 482 1446 2112 2112 482 1447 2103 2103 482 1448 2103 2103 483 1449 2112 2112 483 1450 2098 2098 483 1451 2103 2103 484 1452 2098 2098 484 1453 2090 2090 484 1454 2090 2090 485 1455 2098 2098 485 1456 2092 2092 485 1457 2090 2090 486 1458 2092 2092 486 1459 2070 2070 486 1460 2077 2077 487 1461 1807 1807 487 1462 1849 1849 487 1463 2063 2063 488 1464 2060 2060 488 1465 1980 1980 488 1466 1904 1904 489 1467 1892 1892 489 1468 1743 1743 489 1469 1743 1743 490 1470 1892 1892 490 1471 1876 1876 490 1472 1743 1743 491 1473 1876 1876 491 1474 1860 1860 491 1475 1860 1860 492 1476 1840 1840 492 1477 1743 1743 492 1478 1743 1743 493 1479 1840 1840 493 1480 1824 1824 493 1481 1743 1743 494 1482 1824 1824 494 1483 1746 1746 494 1484 1746 1746 495 1485 1824 1824 495 1486 1802 1802 495 1487 1746 1746 496 1488 1802 1802 496 1489 1782 1782 496 1490 2030 2030 497 1491 2002 2002 497 1492 2075 2075 497 1493 1750 1750 498 1494 1728 1728 498 1495 1730 1730 498 1496 1730 1730 499 1497 1728 1728 499 1498 1722 1722 499 1499 1730 1730 500 1500 1722 1722 500 1501 1717 1717 500 1502 1717 1717 501 1503 1722 1722 501 1504 1708 1708 501 1505 1717 1717 502 1506 1708 1708 502 1507 1706 1706 502 1508 1975 1975 503 1509 2084 2084 503 1510 1953 1953 503 1511 1953 1953 504 1512 2084 2084 504 1513 1933 1933 504 1514 1975 1975 505 1515 2017 2017 505 1516 2084 2084 505 1517 2084 2084 506 1518 2017 2017 506 1519 2051 2051 506 1520 2084 2084 507 1521 2051 2051 507 1522 2092 2092 507 1523 2092 2092 508 1524 2051 2051 508 1525 2059 2059 508 1526 2092 2092 509 1527 2059 2059 509 1528 2070 2070 509 1529 1849 1849 510 1530 1871 1871 510 1531 2077 2077 510 1532 2077 2077 511 1533 1871 1871 511 1534 1891 1891 511 1535 2077 2077 512 1536 1891 1891 512 1537 2084 2084 512 1538 2084 2084 513 1539 1891 1891 513 1540 1913 1913 513 1541 2084 2084 514 1542 1913 1913 514 1543 1933 1933 514 1544 2074 2074 515 1545 1996 1996 515 1546 2018 2018 515 1547 1780 1780 516 1548 1745 1745 516 1549 1777 1777 516 1550 1777 1777 517 1551 1745 1745 517 1552 1746 1746 517 1553 1777 1777 518 1554 1746 1746 518 1555 1778 1778 518 1556 1778 1778 519 1557 1746 1746 519 1558 1782 1782 519 1559 2075 2075 520 1560 2002 2002 520 1561 2077 2077 520 1562 2077 2077 521 1563 2002 2002 521 1564 1984 1984 521 1565 2077 2077 522 1566 1984 1984 522 1567 1966 1966 522 1568 1775 1775 523 1569 1866 1866 523 1570 1882 1882 523 1571 1922 1922 524 1572 1807 1807 524 1573 1938 1938 524 1574 1938 1938 525 1575 1807 1807 525 1576 2077 2077 525 1577 1938 1938 526 1578 2077 2077 526 1579 1954 1954 526 1580 1954 1954 527 1581 2077 2077 527 1582 1966 1966 527 1583 1866 1866 528 1584 1775 1775 528 1585 1854 1854 528 1586 1854 1854 529 1587 1775 1775 529 1588 1774 1774 529 1589 1854 1854 530 1590 1774 1774 530 1591 1836 1836 530 1592 1836 1836 531 1593 1774 1774 531 1594 1764 1764 531 1595 1836 1836 532 1596 1764 1764 532 1597 1760 1760 532 1598 2018 2018 533 1599 2038 2038 533 1600 2074 2074 533 1601 2074 2074 534 1602 2038 2038 534 1603 2042 2042 534 1604 2074 2074 535 1605 2042 2042 535 1606 2075 2075 535 1607 2075 2075 536 1608 2042 2042 536 1609 2040 2040 536 1610 2075 2075 537 1611 2040 2040 537 1612 2030 2030 537 1613 1922 1922 538 1614 1904 1904 538 1615 1807 1807 538 1616 1807 1807 539 1617 1904 1904 539 1618 1736 1736 539 1619 1807 1807 540 1620 1736 1736 540 1621 1772 1772 540 1622 1772 1772 541 1623 1736 1736 541 1624 1728 1728 541 1625 1772 1772 542 1626 1728 1728 542 1627 1762 1762 542 1628 1762 1762 543 1629 1728 1728 543 1630 1750 1750 543 1631 1780 1780 544 1632 1790 1790 544 1633 1745 1745 544 1634 1745 1745 545 1635 1790 1790 545 1636 1818 1818 545 1637 1745 1745 546 1638 1818 1818 546 1639 1747 1747 546 1640 1747 1747 547 1641 1818 1818 547 1642 1836 1836 547 1643 1747 1747 548 1644 1836 1836 548 1645 1757 1757 548 1646 1757 1757 549 1647 1836 1836 549 1648 1760 1760 549 1649 1882 1882 550 1650 1898 1898 550 1651 1775 1775 550 1652 1775 1775 551 1653 1898 1898 551 1654 1916 1916 551 1655 1775 1775 552 1656 1916 1916 552 1657 2044 2044 552 1658 2044 2044 553 1659 1916 1916 553 1660 1928 1928 553 1661 1996 1996 554 1662 2074 2074 554 1663 1980 1980 554 1664 1980 1980 555 1665 2074 2074 555 1666 2073 2073 555 1667 1980 1980 556 1668 2073 2073 556 1669 2063 2063 556 1670 1928 1928 557 1671 1944 1944 557 1672 2044 2044 557 1673 2044 2044 558 1674 1944 1944 558 1675 1960 1960 558 1676 2044 2044 559 1677 1960 1960 559 1678 2046 2046 559 1679 2046 2046 560 1680 1960 1960 560 1681 1980 1980 560 1682 2046 2046 561 1683 1980 1980 561 1684 2056 2056 561 1685 2056 2056 562 1686 1980 1980 562 1687 2060 2060 562 1688 2058 2058 563 1689 2059 2059 563 1690 2051 2051 563 1691 1772 1772 564 1692 1762 1762 564 1693 1761 1761 564 1694 1759 1759 565 1695 1756 1756 565 1696 1770 1770 565 1697 1770 1770 566 1698 1756 1756 566 1699 1753 1753 566 1700 2061 2061 567 1701 2058 2058 567 1702 2049 2049 567 1703 2097 2097 568 1704 2076 2076 568 1705 2067 2067 568 1706 2067 2067 569 1707 2076 2076 569 1708 2065 2065 569 1709 2067 2067 570 1710 2065 2065 570 1711 2049 2049 570 1712 2049 2049 571 1713 2065 2065 571 1714 2064 2064 571 1715 2049 2049 572 1716 2064 2064 572 1717 2061 2061 572 1718 2067 2067 573 1719 2095 2095 573 1720 2097 2097 573 1721 2097 2097 574 1722 2095 2095 574 1723 2109 2109 574 1724 2097 2097 575 1725 2109 2109 575 1726 2111 2111 575 1727 2111 2111 576 1728 2109 2109 576 1729 2118 2118 576 1730 2111 2111 577 1731 2118 2118 577 1732 2120 2120 577 1733 2120 2120 578 1734 2118 2118 578 1735 2131 2131 578 1736 2120 2120 579 1737 2131 2131 579 1738 2133 2133 579 1739 2133 2133 580 1740 2131 2131 580 1741 2137 2137 580 1742 2133 2133 581 1743 2137 2137 581 1744 2139 2139 581 1745 2139 2139 582 1746 2137 2137 582 1747 2140 2140 582 1748 2139 2139 583 1749 2140 2140 583 1750 2138 2138 583 1751 1724 1724 584 1752 1712 1712 584 1753 1710 1710 584 1754 1710 1710 585 1755 1712 1712 585 1756 1703 1703 585 1757 1710 1710 586 1758 1703 1703 586 1759 1701 1701 586 1760 1701 1701 587 1761 1703 1703 587 1762 1690 1690 587 1763 1701 1701 588 1764 1690 1690 588 1765 1688 1688 588 1766 1688 1688 589 1767 1690 1690 589 1768 1684 1684 589 1769 1688 1688 590 1770 1684 1684 590 1771 1682 1682 590 1772 1682 1682 591 1773 1684 1684 591 1774 1683 1683 591 1775 1682 1682 592 1776 1683 1683 592 1777 1681 1681 592 1778 1681 1681 593 1779 1683 1683 593 1780 1689 1689 593 1781 1681 1681 594 1782 1689 1689 594 1783 1687 1687 594 1784 1687 1687 595 1785 1689 1689 595 1786 1702 1702 595 1787 1687 1687 596 1788 1702 1702 596 1789 1700 1700 596 1790 1700 1700 597 1791 1702 1702 597 1792 1711 1711 597 1793 1700 1700 598 1794 1711 1711 598 1795 1709 1709 598 1796 1709 1709 599 1797 1711 1711 599 1798 1725 1725 599 1799 1709 1709 600 1800 1725 1725 600 1801 1723 1723 600 1802 1723 1723 601 1803 1725 1725 601 1804 1754 1754 601 1805 1723 1723 602 1806 1754 1754 602 1807 1752 1752 602 1808 1752 1752 603 1809 1754 1754 603 1810 1771 1771 603 1811 1752 1752 604 1812 1771 1771 604 1813 1769 1769 604 1814 1769 1769 605 1815 1771 1771 605 1816 1806 1806 605 1817 1769 1769 606 1818 1806 1806 606 1819 1804 1804 606 1820 1804 1804 607 1821 1806 1806 607 1822 1848 1848 607 1823 1804 1804 608 1824 1848 1848 608 1825 1846 1846 608 1826 1846 1846 609 1827 1848 1848 609 1828 1870 1870 609 1829 1846 1846 610 1830 1870 1870 610 1831 1868 1868 610 1832 1868 1868 611 1833 1870 1870 611 1834 1890 1890 611 1835 1868 1868 612 1836 1890 1890 612 1837 1888 1888 612 1838 1888 1888 613 1839 1890 1890 613 1840 1912 1912 613 1841 1888 1888 614 1842 1912 1912 614 1843 1910 1910 614 1844 1910 1910 615 1845 1912 1912 615 1846 1932 1932 615 1847 1910 1910 616 1848 1932 1932 616 1849 1930 1930 616 1850 1930 1930 617 1851 1932 1932 617 1852 1952 1952 617 1853 1930 1930 618 1854 1952 1952 618 1855 1950 1950 618 1856 1950 1950 619 1857 1952 1952 619 1858 1974 1974 619 1859 1950 1950 620 1860 1974 1974 620 1861 1972 1972 620 1862 1972 1972 621 1863 1974 1974 621 1864 2016 2016 621 1865 1972 1972 622 1866 2016 2016 622 1867 2014 2014 622 1868 2014 2014 623 1869 2016 2016 623 1870 2050 2050 623 1871 2014 2014 624 1872 2050 2050 624 1873 2048 2048 624 1874 2048 2048 625 1875 2050 2050 625 1876 2068 2068 625 1877 2048 2048 626 1878 2068 2068 626 1879 2066 2066 626 1880 2066 2066 627 1881 2068 2068 627 1882 2096 2096 627 1883 2066 2066 628 1884 2096 2096 628 1885 2094 2094 628 1886 2094 2094 629 1887 2096 2096 629 1888 2110 2110 629 1889 2094 2094 630 1890 2110 2110 630 1891 2108 2108 630 1892 2108 2108 631 1893 2110 2110 631 1894 2119 2119 631 1895 2108 2108 632 1896 2119 2119 632 1897 2117 2117 632 1898 2117 2117 633 1899 2119 2119 633 1900 2132 2132 633 1901 2117 2117 634 1902 2132 2132 634 1903 2130 2130 634 1904 2130 2130 635 1905 2132 2132 635 1906 2138 2138 635 1907 2130 2130 636 1908 2138 2138 636 1909 2136 2136 636 1910 2136 2136 637 1911 2138 2138 637 1912 2140 2140 637 1913 1756 1756 638 1914 1755 1755 638 1915 1753 1753 638 1916 1753 1753 639 1917 1755 1755 639 1918 1744 1744 639 1919 1753 1753 640 1920 1744 1744 640 1921 1724 1724 640 1922 1724 1724 641 1923 1744 1744 641 1924 1726 1726 641 1925 1724 1724 642 1926 1726 1726 642 1927 1712 1712 642 1928 2058 2058 643 1929 2051 2051 643 1930 2049 2049 643 1931 2049 2049 644 1932 2051 2051 644 1933 2017 2017 644 1934 2049 2049 645 1935 2017 2017 645 1936 2015 2015 645 1937 2015 2015 646 1938 2017 2017 646 1939 1975 1975 646 1940 2015 2015 647 1941 1975 1975 647 1942 1973 1973 647 1943 1973 1973 648 1944 1975 1975 648 1945 1953 1953 648 1946 1973 1973 649 1947 1953 1953 649 1948 1951 1951 649 1949 1951 1951 650 1950 1953 1953 650 1951 1933 1933 650 1952 1951 1951 651 1953 1933 1933 651 1954 1931 1931 651 1955 1931 1931 652 1956 1933 1933 652 1957 1913 1913 652 1958 1931 1931 653 1959 1913 1913 653 1960 1911 1911 653 1961 1911 1911 654 1962 1913 1913 654 1963 1891 1891 654 1964 1911 1911 655 1965 1891 1891 655 1966 1889 1889 655 1967 1889 1889 656 1968 1891 1891 656 1969 1871 1871 656 1970 1889 1889 657 1971 1871 1871 657 1972 1869 1869 657 1973 1869 1869 658 1974 1871 1871 658 1975 1849 1849 658 1976 1869 1869 659 1977 1849 1849 659 1978 1847 1847 659 1979 1847 1847 660 1980 1849 1849 660 1981 1807 1807 660 1982 1847 1847 661 1983 1807 1807 661 1984 1805 1805 661 1985 1805 1805 662 1986 1807 1807 662 1987 1772 1772 662 1988 1805 1805 663 1989 1772 1772 663 1990 1770 1770 663 1991 1770 1770 664 1992 1772 1772 664 1993 1761 1761 664 1994 1770 1770 665 1995 1761 1761 665 1996 1759 1759 665 1997 1823 1823 666 1998 1998 1998 666 1999 2012 2012 666 2000 1823 1823 667 2001 1809 1809 667 2002 1998 1998 667 2003 1998 1998 668 2004 1809 1809 668 2005 1799 1799 668 2006 1998 1998 669 2007 1799 1799 669 2008 1798 1798 669 2009 2012 2012 670 2010 2022 2022 670 2011 1823 1823 670 2012 1823 1823 671 2013 2022 2022 671 2014 2023 2023 671 2015 1823 1823 672 2016 2023 2023 672 2017 1839 1839 672 2018 1839 1839 673 2019 2023 2023 673 2020 1853 1853 673 2021 1999 1999 674 2022 1941 1941 674 2023 2013 2013 674 2024 2013 2013 675 2025 1941 1941 675 2026 2023 2023 675 2027 1941 1941 676 2028 1925 1925 676 2029 2023 2023 676 2030 2023 2023 677 2031 1925 1925 677 2032 1907 1907 677 2033 2023 2023 678 2034 1907 1907 678 2035 1897 1897 678 2036 1999 1999 679 2037 1983 1983 679 2038 1941 1941 679 2039 1941 1941 680 2040 1983 1983 680 2041 1969 1969 680 2042 1941 1941 681 2043 1969 1969 681 2044 1957 1957 681 2045 1897 1897 682 2046 1881 1881 682 2047 2023 2023 682 2048 2023 2023 683 2049 1881 1881 683 2050 1865 1865 683 2051 2023 2023 684 2052 1865 1865 684 2053 1853 1853 684 2054 1838 1838 685 2055 1852 1852 685 2056 1822 1822 685 2057 1822 1822 686 2058 1852 1852 686 2059 1864 1864 686 2060 1822 1822 687 2061 1864 1864 687 2062 1808 1808 687 2063 1896 1896 688 2064 1906 1906 688 2065 1798 1798 688 2066 1906 1906 689 2067 1924 1924 689 2068 1798 1798 689 2069 1798 1798 690 2070 1924 1924 690 2071 1940 1940 690 2072 1798 1798 691 2073 1940 1940 691 2074 1956 1956 691 2075 1808 1808 692 2076 1864 1864 692 2077 1798 1798 692 2078 1798 1798 693 2079 1864 1864 693 2080 1880 1880 693 2081 1798 1798 694 2082 1880 1880 694 2083 1896 1896 694 2084 1956 1956 695 2085 1968 1968 695 2086 1798 1798 695 2087 1798 1798 696 2088 1968 1968 696 2089 1982 1982 696 2090 1798 1798 697 2091 1982 1982 697 2092 1998 1998 697 2093 1897 1897 698 2094 1907 1907 698 2095 1909 1909 698 2096 1909 1909 699 2097 1903 1903 699 2098 1897 1897 699 2099 1897 1897 700 2100 1903 1903 700 2101 1895 1895 700 2102 1897 1897 701 2103 1895 1895 701 2104 1881 1881 701 2105 1895 1895 702 2106 1887 1887 702 2107 1881 1881 702 2108 1881 1881 703 2109 1887 1887 703 2110 1879 1879 703 2111 1881 1881 704 2112 1879 1879 704 2113 1865 1865 704 2114 1879 1879 705 2115 1875 1875 705 2116 1865 1865 705 2117 1865 1865 706 2118 1875 1875 706 2119 1863 1863 706 2120 1865 1865 707 2121 1863 1863 707 2122 1853 1853 707 2123 1863 1863 708 2124 1859 1859 708 2125 1853 1853 708 2126 1853 1853 709 2127 1859 1859 709 2128 1851 1851 709 2129 1853 1853 710 2130 1851 1851 710 2131 1839 1839 710 2132 1851 1851 711 2133 1845 1845 711 2134 1839 1839 711 2135 1839 1839 712 2136 1845 1845 712 2137 1835 1835 712 2138 1839 1839 713 2139 1835 1835 713 2140 1823 1823 713 2141 1835 1835 714 2142 1829 1829 714 2143 1823 1823 714 2144 1823 1823 715 2145 1829 1829 715 2146 1821 1821 715 2147 1823 1823 716 2148 1821 1821 716 2149 1809 1809 716 2150 1821 1821 717 2151 1813 1813 717 2152 1809 1809 717 2153 1809 1809 718 2154 1813 1813 718 2155 1801 1801 718 2156 1809 1809 719 2157 1801 1801 719 2158 1799 1799 719 2159 1801 1801 720 2160 1795 1795 720 2161 1799 1799 720 2162 1799 1799 721 2163 1795 1795 721 2164 1787 1787 721 2165 1799 1799 722 2166 1787 1787 722 2167 1798 1798 722 2168 1787 1787 723 2169 1784 1784 723 2170 1798 1798 723 2171 1798 1798 724 2172 1784 1784 724 2173 1786 1786 724 2174 1798 1798 725 2175 1786 1786 725 2176 1808 1808 725 2177 1786 1786 726 2178 1794 1794 726 2179 1808 1808 726 2180 1808 1808 727 2181 1794 1794 727 2182 1800 1800 727 2183 1808 1808 728 2184 1800 1800 728 2185 1822 1822 728 2186 1800 1800 729 2187 1812 1812 729 2188 1822 1822 729 2189 1822 1822 730 2190 1812 1812 730 2191 1820 1820 730 2192 1822 1822 731 2193 1820 1820 731 2194 1838 1838 731 2195 1838 1838 732 2196 1820 1820 732 2197 1828 1828 732 2198 1828 1828 733 2199 1834 1834 733 2200 1838 1838 733 2201 1838 1838 734 2202 1834 1834 734 2203 1844 1844 734 2204 1838 1838 735 2205 1844 1844 735 2206 1852 1852 735 2207 1852 1852 736 2208 1844 1844 736 2209 1850 1850 736 2210 1852 1852 737 2211 1850 1850 737 2212 1864 1864 737 2213 1850 1850 738 2214 1858 1858 738 2215 1864 1864 738 2216 1864 1864 739 2217 1858 1858 739 2218 1862 1862 739 2219 1864 1864 740 2220 1862 1862 740 2221 1880 1880 740 2222 1862 1862 741 2223 1874 1874 741 2224 1880 1880 741 2225 1880 1880 742 2226 1874 1874 742 2227 1878 1878 742 2228 1880 1880 743 2229 1878 1878 743 2230 1896 1896 743 2231 1878 1878 744 2232 1886 1886 744 2233 1896 1896 744 2234 1896 1896 745 2235 1886 1886 745 2236 1894 1894 745 2237 1896 1896 746 2238 1894 1894 746 2239 1906 1906 746 2240 1906 1906 747 2241 1894 1894 747 2242 1902 1902 747 2243 1906 1906 748 2244 1902 1902 748 2245 1908 1908 748 2246 1924 1924 749 2247 1906 1906 749 2248 1908 1908 749 2249 1908 1908 750 2250 1918 1918 750 2251 1924 1924 750 2252 1924 1924 751 2253 1918 1918 751 2254 1926 1926 751 2255 1924 1924 752 2256 1926 1926 752 2257 1940 1940 752 2258 1926 1926 753 2259 1934 1934 753 2260 1940 1940 753 2261 1940 1940 754 2262 1934 1934 754 2263 1942 1942 754 2264 1940 1940 755 2265 1942 1942 755 2266 1956 1956 755 2267 1956 1956 756 2268 1942 1942 756 2269 1946 1946 756 2270 1946 1946 757 2271 1958 1958 757 2272 1956 1956 757 2273 1956 1956 758 2274 1958 1958 758 2275 1962 1962 758 2276 1956 1956 759 2277 1962 1962 759 2278 1968 1968 759 2279 1968 1968 760 2280 1962 1962 760 2281 1970 1970 760 2282 1968 1968 761 2283 1970 1970 761 2284 1982 1982 761 2285 1982 1982 762 2286 1970 1970 762 2287 1976 1976 762 2288 1976 1976 763 2289 1986 1986 763 2290 1982 1982 763 2291 1982 1982 764 2292 1986 1986 764 2293 1992 1992 764 2294 1982 1982 765 2295 1992 1992 765 2296 1998 1998 765 2297 1992 1992 766 2298 2000 2000 766 2299 1998 1998 766 2300 1998 1998 767 2301 2000 2000 767 2302 2008 2008 767 2303 1998 1998 768 2304 2008 2008 768 2305 2012 2012 768 2306 2012 2012 769 2307 2008 2008 769 2308 2020 2020 769 2309 2012 2012 770 2310 2020 2020 770 2311 2022 2022 770 2312 2020 2020 771 2313 2026 2026 771 2314 2022 2022 771 2315 2022 2022 772 2316 2026 2026 772 2317 2034 2034 772 2318 2022 2022 773 2319 2034 2034 773 2320 2023 2023 773 2321 2034 2034 774 2322 2036 2036 774 2323 2023 2023 774 2324 2023 2023 775 2325 2036 2036 775 2326 2035 2035 775 2327 2023 2023 776 2328 2035 2035 776 2329 2013 2013 776 2330 2013 2013 777 2331 2035 2035 777 2332 2027 2027 777 2333 2027 2027 778 2334 2021 2021 778 2335 2013 2013 778 2336 2013 2013 779 2337 2021 2021 779 2338 2009 2009 779 2339 2013 2013 780 2340 2009 2009 780 2341 1999 1999 780 2342 1999 1999 781 2343 2009 2009 781 2344 2001 2001 781 2345 1999 1999 782 2346 2001 2001 782 2347 1983 1983 782 2348 2001 2001 783 2349 1993 1993 783 2350 1983 1983 783 2351 1983 1983 784 2352 1993 1993 784 2353 1987 1987 784 2354 1983 1983 785 2355 1987 1987 785 2356 1969 1969 785 2357 1969 1969 786 2358 1987 1987 786 2359 1977 1977 786 2360 1977 1977 787 2361 1971 1971 787 2362 1969 1969 787 2363 1969 1969 788 2364 1971 1971 788 2365 1963 1963 788 2366 1969 1969 789 2367 1963 1963 789 2368 1957 1957 789 2369 1957 1957 790 2370 1963 1963 790 2371 1959 1959 790 2372 1957 1957 791 2373 1959 1959 791 2374 1941 1941 791 2375 1959 1959 792 2376 1947 1947 792 2377 1941 1941 792 2378 1941 1941 793 2379 1947 1947 793 2380 1943 1943 793 2381 1941 1941 794 2382 1943 1943 794 2383 1925 1925 794 2384 1943 1943 795 2385 1935 1935 795 2386 1925 1925 795 2387 1925 1925 796 2388 1935 1935 796 2389 1927 1927 796 2390 1925 1925 797 2391 1927 1927 797 2392 1907 1907 797 2393 1907 1907 798 2394 1927 1927 798 2395 1919 1919 798 2396 1907 1907 799 2397 1919 1919 799 2398 1909 1909 799 2399 1785 1785 800 2400 1784 1784 800 2401 1787 1787 800 2402 1785 1785 801 2403 1787 1787 801 2404 1793 1793 801 2405 1787 1787 802 2406 1795 1795 802 2407 1793 1793 802 2408 1793 1793 803 2409 1795 1795 803 2410 1801 1801 803 2411 1793 1793 804 2412 1801 1801 804 2413 1811 1811 804 2414 1801 1801 805 2415 1813 1813 805 2416 1811 1811 805 2417 1811 1811 806 2418 1813 1813 806 2419 1821 1821 806 2420 1811 1811 807 2421 1821 1821 807 2422 1827 1827 807 2423 1821 1821 808 2424 1829 1829 808 2425 1827 1827 808 2426 1827 1827 809 2427 1829 1829 809 2428 1835 1835 809 2429 1827 1827 810 2430 1835 1835 810 2431 1843 1843 810 2432 1835 1835 811 2433 1845 1845 811 2434 1843 1843 811 2435 1843 1843 812 2436 1845 1845 812 2437 1851 1851 812 2438 1843 1843 813 2439 1851 1851 813 2440 1857 1857 813 2441 1851 1851 814 2442 1859 1859 814 2443 1857 1857 814 2444 1857 1857 815 2445 1859 1859 815 2446 1863 1863 815 2447 1857 1857 816 2448 1863 1863 816 2449 1873 1873 816 2450 1863 1863 817 2451 1875 1875 817 2452 1873 1873 817 2453 1873 1873 818 2454 1875 1875 818 2455 1879 1879 818 2456 1873 1873 819 2457 1879 1879 819 2458 1885 1885 819 2459 1879 1879 820 2460 1887 1887 820 2461 1885 1885 820 2462 1885 1885 821 2463 1887 1887 821 2464 1895 1895 821 2465 1885 1885 822 2466 1895 1895 822 2467 1901 1901 822 2468 1895 1895 823 2469 1903 1903 823 2470 1901 1901 823 2471 1901 1901 824 2472 1903 1903 824 2473 1909 1909 824 2474 1901 1901 825 2475 1909 1909 825 2476 1921 1921 825 2477 1909 1909 826 2478 1919 1919 826 2479 1921 1921 826 2480 1921 1921 827 2481 1919 1919 827 2482 1927 1927 827 2483 1921 1921 828 2484 1927 1927 828 2485 1937 1937 828 2486 1927 1927 829 2487 1935 1935 829 2488 1937 1937 829 2489 1937 1937 830 2490 1935 1935 830 2491 1943 1943 830 2492 1937 1937 831 2493 1943 1943 831 2494 1949 1949 831 2495 1943 1943 832 2496 1947 1947 832 2497 1949 1949 832 2498 1949 1949 833 2499 1947 1947 833 2500 1959 1959 833 2501 1949 1949 834 2502 1959 1959 834 2503 1965 1965 834 2504 1959 1959 835 2505 1963 1963 835 2506 1965 1965 835 2507 1965 1965 836 2508 1963 1963 836 2509 1971 1971 836 2510 1965 1965 837 2511 1971 1971 837 2512 1979 1979 837 2513 1971 1971 838 2514 1977 1977 838 2515 1979 1979 838 2516 1979 1979 839 2517 1977 1977 839 2518 1987 1987 839 2519 1979 1979 840 2520 1987 1987 840 2521 1995 1995 840 2522 1987 1987 841 2523 1993 1993 841 2524 1995 1995 841 2525 1995 1995 842 2526 1993 1993 842 2527 2001 2001 842 2528 1995 1995 843 2529 2001 2001 843 2530 2011 2011 843 2531 2001 2001 844 2532 2009 2009 844 2533 2011 2011 844 2534 2011 2011 845 2535 2009 2009 845 2536 2021 2021 845 2537 2011 2011 846 2538 2021 2021 846 2539 2029 2029 846 2540 2036 2036 847 2541 2037 2037 847 2542 2035 2035 847 2543 2035 2035 848 2544 2037 2037 848 2545 2029 2029 848 2546 2035 2035 849 2547 2029 2029 849 2548 2027 2027 849 2549 2027 2027 850 2550 2029 2029 850 2551 2021 2021 850 2552 2037 2037 851 2553 2036 2036 851 2554 2034 2034 851 2555 2037 2037 852 2556 2034 2034 852 2557 2028 2028 852 2558 2034 2034 853 2559 2026 2026 853 2560 2028 2028 853 2561 2028 2028 854 2562 2026 2026 854 2563 2020 2020 854 2564 2028 2028 855 2565 2020 2020 855 2566 2010 2010 855 2567 2020 2020 856 2568 2008 2008 856 2569 2010 2010 856 2570 2010 2010 857 2571 2008 2008 857 2572 2000 2000 857 2573 2010 2010 858 2574 2000 2000 858 2575 1994 1994 858 2576 2000 2000 859 2577 1992 1992 859 2578 1994 1994 859 2579 1994 1994 860 2580 1992 1992 860 2581 1986 1986 860 2582 1994 1994 861 2583 1986 1986 861 2584 1978 1978 861 2585 1986 1986 862 2586 1976 1976 862 2587 1978 1978 862 2588 1978 1978 863 2589 1976 1976 863 2590 1970 1970 863 2591 1978 1978 864 2592 1970 1970 864 2593 1964 1964 864 2594 1970 1970 865 2595 1962 1962 865 2596 1964 1964 865 2597 1964 1964 866 2598 1962 1962 866 2599 1958 1958 866 2600 1964 1964 867 2601 1958 1958 867 2602 1948 1948 867 2603 1958 1958 868 2604 1946 1946 868 2605 1948 1948 868 2606 1948 1948 869 2607 1946 1946 869 2608 1942 1942 869 2609 1948 1948 870 2610 1942 1942 870 2611 1936 1936 870 2612 1942 1942 871 2613 1934 1934 871 2614 1936 1936 871 2615 1936 1936 872 2616 1934 1934 872 2617 1926 1926 872 2618 1936 1936 873 2619 1926 1926 873 2620 1920 1920 873 2621 1926 1926 874 2622 1918 1918 874 2623 1920 1920 874 2624 1920 1920 875 2625 1918 1918 875 2626 1908 1908 875 2627 1920 1920 876 2628 1908 1908 876 2629 1900 1900 876 2630 1908 1908 877 2631 1902 1902 877 2632 1900 1900 877 2633 1900 1900 878 2634 1902 1902 878 2635 1894 1894 878 2636 1900 1900 879 2637 1894 1894 879 2638 1884 1884 879 2639 1894 1894 880 2640 1886 1886 880 2641 1884 1884 880 2642 1884 1884 881 2643 1886 1886 881 2644 1878 1878 881 2645 1884 1884 882 2646 1878 1878 882 2647 1872 1872 882 2648 1878 1878 883 2649 1874 1874 883 2650 1872 1872 883 2651 1872 1872 884 2652 1874 1874 884 2653 1862 1862 884 2654 1872 1872 885 2655 1862 1862 885 2656 1856 1856 885 2657 1862 1862 886 2658 1858 1858 886 2659 1856 1856 886 2660 1856 1856 887 2661 1858 1858 887 2662 1850 1850 887 2663 1856 1856 888 2664 1850 1850 888 2665 1842 1842 888 2666 1850 1850 889 2667 1844 1844 889 2668 1842 1842 889 2669 1842 1842 890 2670 1844 1844 890 2671 1834 1834 890 2672 1842 1842 891 2673 1834 1834 891 2674 1826 1826 891 2675 1834 1834 892 2676 1828 1828 892 2677 1826 1826 892 2678 1826 1826 893 2679 1828 1828 893 2680 1820 1820 893 2681 1826 1826 894 2682 1820 1820 894 2683 1810 1810 894 2684 1820 1820 895 2685 1812 1812 895 2686 1810 1810 895 2687 1810 1810 896 2688 1812 1812 896 2689 1800 1800 896 2690 1810 1810 897 2691 1800 1800 897 2692 1792 1792 897 2693 1784 1784 898 2694 1785 1785 898 2695 1786 1786 898 2696 1786 1786 899 2697 1785 1785 899 2698 1792 1792 899 2699 1786 1786 900 2700 1792 1792 900 2701 1794 1794 900 2702 1794 1794 901 2703 1792 1792 901 2704 1800 1800 901 2705 2136 2136 902 2706 2037 2037 902 2707 2028 2028 902 2708 1785 1785 903 2709 1681 1681 903 2710 1792 1792 903 2711 1792 1792 904 2712 1681 1681 904 2713 1687 1687 904 2714 1792 1792 905 2715 1687 1687 905 2716 1810 1810 905 2717 2136 2136 906 2718 2140 2140 906 2719 2037 2037 906 2720 2037 2037 907 2721 2140 2140 907 2722 2137 2137 907 2723 2037 2037 908 2724 2137 2137 908 2725 2029 2029 908 2726 2029 2029 909 2727 2137 2137 909 2728 2131 2131 909 2729 2029 2029 910 2730 2131 2131 910 2731 2011 2011 910 2732 1900 1900 911 2733 1910 1910 911 2734 1920 1920 911 2735 1920 1920 912 2736 1910 1910 912 2737 1930 1930 912 2738 1920 1920 913 2739 1930 1930 913 2740 1936 1936 913 2741 1936 1936 914 2742 1930 1930 914 2743 1950 1950 914 2744 1936 1936 915 2745 1950 1950 915 2746 1948 1948 915 2747 1856 1856 916 2748 1804 1804 916 2749 1872 1872 916 2750 1872 1872 917 2751 1804 1804 917 2752 1846 1846 917 2753 1872 1872 918 2754 1846 1846 918 2755 1884 1884 918 2756 1884 1884 919 2757 1846 1846 919 2758 1868 1868 919 2759 1884 1884 920 2760 1868 1868 920 2761 1900 1900 920 2762 1900 1900 921 2763 1868 1868 921 2764 1888 1888 921 2765 1900 1900 922 2766 1888 1888 922 2767 1910 1910 922 2768 1687 1687 923 2769 1700 1700 923 2770 1810 1810 923 2771 1810 1810 924 2772 1700 1700 924 2773 1709 1709 924 2774 1810 1810 925 2775 1709 1709 925 2776 1826 1826 925 2777 1826 1826 926 2778 1709 1709 926 2779 1723 1723 926 2780 1826 1826 927 2781 1723 1723 927 2782 1842 1842 927 2783 1842 1842 928 2784 1723 1723 928 2785 1752 1752 928 2786 1842 1842 929 2787 1752 1752 929 2788 1856 1856 929 2789 1856 1856 930 2790 1752 1752 930 2791 1769 1769 930 2792 1856 1856 931 2793 1769 1769 931 2794 1804 1804 931 2795 2131 2131 932 2796 2118 2118 932 2797 2011 2011 932 2798 2011 2011 933 2799 2118 2118 933 2800 2109 2109 933 2801 2011 2011 934 2802 2109 2109 934 2803 1995 1995 934 2804 1995 1995 935 2805 2109 2109 935 2806 2095 2095 935 2807 1995 1995 936 2808 2095 2095 936 2809 1979 1979 936 2810 1979 1979 937 2811 2095 2095 937 2812 2067 2067 937 2813 1979 1979 938 2814 2067 2067 938 2815 1965 1965 938 2816 1994 1994 939 2817 2108 2108 939 2818 2010 2010 939 2819 2010 2010 940 2820 2108 2108 940 2821 2117 2117 940 2822 2010 2010 941 2823 2117 2117 941 2824 2028 2028 941 2825 2028 2028 942 2826 2117 2117 942 2827 2130 2130 942 2828 2028 2028 943 2829 2130 2130 943 2830 2136 2136 943 2831 1950 1950 944 2832 1972 1972 944 2833 1948 1948 944 2834 1948 1948 945 2835 1972 1972 945 2836 2014 2014 945 2837 1948 1948 946 2838 2014 2014 946 2839 1964 1964 946 2840 1964 1964 947 2841 2014 2014 947 2842 2048 2048 947 2843 1964 1964 948 2844 2048 2048 948 2845 1978 1978 948 2846 1978 1978 949 2847 2048 2048 949 2848 2066 2066 949 2849 1978 1978 950 2850 2066 2066 950 2851 1994 1994 950 2852 1994 1994 951 2853 2066 2066 951 2854 2094 2094 951 2855 1994 1994 952 2856 2094 2094 952 2857 2108 2108 952 2858 1827 1827 953 2859 1710 1710 953 2860 1811 1811 953 2861 1811 1811 954 2862 1710 1710 954 2863 1701 1701 954 2864 1811 1811 955 2865 1701 1701 955 2866 1793 1793 955 2867 1793 1793 956 2868 1701 1701 956 2869 1688 1688 956 2870 1793 1793 957 2871 1688 1688 957 2872 1785 1785 957 2873 1785 1785 958 2874 1688 1688 958 2875 1682 1682 958 2876 1785 1785 959 2877 1682 1682 959 2878 1681 1681 959 2879 1921 1921 960 2880 1911 1911 960 2881 1901 1901 960 2882 1901 1901 961 2883 1911 1911 961 2884 1889 1889 961 2885 1901 1901 962 2886 1889 1889 962 2887 1885 1885 962 2888 1885 1885 963 2889 1889 1889 963 2890 1869 1869 963 2891 1885 1885 964 2892 1869 1869 964 2893 1873 1873 964 2894 2067 2067 965 2895 2049 2049 965 2896 1965 1965 965 2897 1965 1965 966 2898 2049 2049 966 2899 2015 2015 966 2900 1965 1965 967 2901 2015 2015 967 2902 1949 1949 967 2903 1949 1949 968 2904 2015 2015 968 2905 1973 1973 968 2906 1949 1949 969 2907 1973 1973 969 2908 1937 1937 969 2909 1937 1937 970 2910 1973 1973 970 2911 1951 1951 970 2912 1937 1937 971 2913 1951 1951 971 2914 1921 1921 971 2915 1921 1921 972 2916 1951 1951 972 2917 1931 1931 972 2918 1921 1921 973 2919 1931 1931 973 2920 1911 1911 973 2921 1869 1869 974 2922 1847 1847 974 2923 1873 1873 974 2924 1873 1873 975 2925 1847 1847 975 2926 1805 1805 975 2927 1873 1873 976 2928 1805 1805 976 2929 1857 1857 976 2930 1857 1857 977 2931 1805 1805 977 2932 1770 1770 977 2933 1857 1857 978 2934 1770 1770 978 2935 1843 1843 978 2936 1843 1843 979 2937 1770 1770 979 2938 1753 1753 979 2939 1843 1843 980 2940 1753 1753 980 2941 1827 1827 980 2942 1827 1827 981 2943 1753 1753 981 2944 1724 1724 981 2945 1827 1827 982 2946 1724 1724 982 2947 1710 1710 982 2948 1779 1779 983 2949 1782 1782 983 2950 1783 1783 983 2951 1783 1783 984 2952 1782 1782 984 2953 1802 1802 984 2954 1783 1783 985 2955 1802 1802 985 2956 1803 1803 985 2957 1803 1803 986 2958 1802 1802 986 2959 1824 1824 986 2960 1803 1803 987 2961 1824 1824 987 2962 1825 1825 987 2963 1825 1825 988 2964 1824 1824 988 2965 1840 1840 988 2966 1825 1825 989 2967 1840 1840 989 2968 1841 1841 989 2969 1841 1841 990 2970 1840 1840 990 2971 1860 1860 990 2972 1841 1841 991 2973 1860 1860 991 2974 1861 1861 991 2975 1861 1861 992 2976 1860 1860 992 2977 1876 1876 992 2978 1861 1861 993 2979 1876 1876 993 2980 1877 1877 993 2981 1877 1877 994 2982 1876 1876 994 2983 1892 1892 994 2984 1877 1877 995 2985 1892 1892 995 2986 1893 1893 995 2987 1893 1893 996 2988 1892 1892 996 2989 1904 1904 996 2990 1893 1893 997 2991 1904 1904 997 2992 1905 1905 997 2993 1905 1905 998 2994 1904 1904 998 2995 1915 1915 998 2996 1915 1915 999 2997 1904 1904 999 2998 1922 1922 999 2999 1915 1915 1000 3000 1922 1922 1000 3001 1923 1923 1000 3002 1923 1923 1001 3003 1922 1922 1001 3004 1938 1938 1001 3005 1923 1923 1002 3006 1938 1938 1002 3007 1939 1939 1002 3008 1939 1939 1003 3009 1938 1938 1003 3010 1954 1954 1003 3011 1939 1939 1004 3012 1954 1954 1004 3013 1955 1955 1004 3014 1955 1955 1005 3015 1954 1954 1005 3016 1966 1966 1005 3017 1955 1955 1006 3018 1966 1966 1006 3019 1967 1967 1006 3020 1967 1967 1007 3021 1966 1966 1007 3022 1984 1984 1007 3023 1967 1967 1008 3024 1984 1984 1008 3025 1985 1985 1008 3026 1985 1985 1009 3027 1984 1984 1009 3028 2002 2002 1009 3029 1985 1985 1010 3030 2002 2002 1010 3031 2003 2003 1010 3032 2003 2003 1011 3033 2002 2002 1011 3034 2030 2030 1011 3035 2003 2003 1012 3036 2030 2030 1012 3037 2031 2031 1012 3038 2031 2031 1013 3039 2030 2030 1013 3040 2040 2040 1013 3041 2031 2031 1014 3042 2040 2040 1014 3043 2041 2041 1014 3044 2041 2041 1015 3045 2040 2040 1015 3046 2042 2042 1015 3047 2041 2041 1016 3048 2042 2042 1016 3049 2043 2043 1016 3050 2043 2043 1017 3051 2042 2042 1017 3052 2038 2038 1017 3053 2043 2043 1018 3054 2038 2038 1018 3055 2039 2039 1018 3056 2039 2039 1019 3057 2038 2038 1019 3058 2018 2018 1019 3059 2039 2039 1020 3060 2018 2018 1020 3061 2019 2019 1020 3062 2019 2019 1021 3063 2018 2018 1021 3064 1996 1996 1021 3065 2019 2019 1022 3066 1996 1996 1022 3067 1997 1997 1022 3068 1997 1997 1023 3069 1996 1996 1023 3070 1980 1980 1023 3071 1997 1997 1024 3072 1980 1980 1024 3073 1981 1981 1024 3074 1981 1981 1025 3075 1980 1980 1025 3076 1960 1960 1025 3077 1981 1981 1026 3078 1960 1960 1026 3079 1961 1961 1026 3080 1961 1961 1027 3081 1960 1960 1027 3082 1944 1944 1027 3083 1961 1961 1028 3084 1944 1944 1028 3085 1945 1945 1028 3086 1945 1945 1029 3087 1944 1944 1029 3088 1928 1928 1029 3089 1945 1945 1030 3090 1928 1928 1030 3091 1929 1929 1030 3092 1929 1929 1031 3093 1928 1928 1031 3094 1916 1916 1031 3095 1929 1929 1032 3096 1916 1916 1032 3097 1917 1917 1032 3098 1917 1917 1033 3099 1916 1916 1033 3100 1898 1898 1033 3101 1917 1917 1034 3102 1898 1898 1034 3103 1899 1899 1034 3104 1899 1899 1035 3105 1898 1898 1035 3106 1882 1882 1035 3107 1899 1899 1036 3108 1882 1882 1036 3109 1883 1883 1036 3110 1883 1883 1037 3111 1882 1882 1037 3112 1866 1866 1037 3113 1883 1883 1038 3114 1866 1866 1038 3115 1867 1867 1038 3116 1867 1867 1039 3117 1866 1866 1039 3118 1854 1854 1039 3119 1867 1867 1040 3120 1854 1854 1040 3121 1855 1855 1040 3122 1855 1855 1041 3123 1854 1854 1041 3124 1836 1836 1041 3125 1855 1855 1042 3126 1836 1836 1042 3127 1837 1837 1042 3128 1837 1837 1043 3129 1836 1836 1043 3130 1818 1818 1043 3131 1837 1837 1044 3132 1818 1818 1044 3133 1819 1819 1044 3134 1819 1819 1045 3135 1818 1818 1045 3136 1790 1790 1045 3137 1819 1819 1046 3138 1790 1790 1046 3139 1791 1791 1046 3140 1791 1791 1047 3141 1790 1790 1047 3142 1780 1780 1047 3143 1791 1791 1048 3144 1780 1780 1048 3145 1781 1781 1048 3146 1781 1781 1049 3147 1780 1780 1049 3148 1777 1777 1049 3149 1781 1781 1050 3150 1777 1777 1050 3151 1779 1779 1050 3152 1779 1779 1051 3153 1777 1777 1051 3154 1778 1778 1051 3155 1779 1779 1052 3156 1778 1778 1052 3157 1782 1782 1052 3158 1915 1915 1053 3159 1923 1923 1053 3160 1914 1914 1053 3161 1915 1915 1054 3162 1914 1914 1054 3163 1905 1905 1054 3164 1861 1861 1055 3165 1877 1877 1055 3166 1914 1914 1055 3167 1914 1914 1056 3168 1877 1877 1056 3169 1893 1893 1056 3170 1914 1914 1057 3171 1893 1893 1057 3172 1905 1905 1057 3173 1803 1803 1058 3174 1825 1825 1058 3175 1914 1914 1058 3176 1914 1914 1059 3177 1825 1825 1059 3178 1841 1841 1059 3179 1914 1914 1060 3180 1841 1841 1060 3181 1861 1861 1060 3182 1781 1781 1061 3183 1779 1779 1061 3184 1914 1914 1061 3185 1914 1914 1062 3186 1779 1779 1062 3187 1783 1783 1062 3188 1914 1914 1063 3189 1783 1783 1063 3190 1803 1803 1063 3191 1837 1837 1064 3192 1819 1819 1064 3193 1914 1914 1064 3194 1914 1914 1065 3195 1819 1819 1065 3196 1791 1791 1065 3197 1914 1914 1066 3198 1791 1791 1066 3199 1781 1781 1066 3200 1883 1883 1067 3201 1867 1867 1067 3202 1914 1914 1067 3203 1914 1914 1068 3204 1867 1867 1068 3205 1855 1855 1068 3206 1914 1914 1069 3207 1855 1855 1069 3208 1837 1837 1069 3209 1929 1929 1070 3210 1917 1917 1070 3211 1914 1914 1070 3212 1914 1914 1071 3213 1917 1917 1071 3214 1899 1899 1071 3215 1914 1914 1072 3216 1899 1899 1072 3217 1883 1883 1072 3218 1981 1981 1073 3219 1961 1961 1073 3220 1914 1914 1073 3221 1914 1914 1074 3222 1961 1961 1074 3223 1945 1945 1074 3224 1914 1914 1075 3225 1945 1945 1075 3226 1929 1929 1075 3227 2039 2039 1076 3228 2019 2019 1076 3229 1914 1914 1076 3230 1914 1914 1077 3231 2019 2019 1077 3232 1997 1997 1077 3233 1914 1914 1078 3234 1997 1997 1078 3235 1981 1981 1078 3236 2031 2031 1079 3237 2041 2041 1079 3238 1914 1914 1079 3239 1914 1914 1080 3240 2041 2041 1080 3241 2043 2043 1080 3242 1914 1914 1081 3243 2043 2043 1081 3244 2039 2039 1081 3245 1967 1967 1082 3246 1985 1985 1082 3247 1914 1914 1082 3248 1914 1914 1083 3249 1985 1985 1083 3250 2003 2003 1083 3251 1914 1914 1084 3252 2003 2003 1084 3253 2031 2031 1084 3254 1923 1923 1085 3255 1939 1939 1085 3256 1914 1914 1085 3257 1914 1914 1086 3258 1939 1939 1086 3259 1955 1955 1086 3260 1914 1914 1087 3261 1955 1955 1087 3262 1967 1967 1087 3263</p>
                </triangles>
            </mesh>
        </geometry>
    </library_geometries>
    <library_visual_scenes>
        <visual_scene id="VisualSceneNode" name="VisualScene">
            <node id="node" name="node">
                <instance_geometry url="#shape0-lib"/>
            </node>
        </visual_scene>
    </library_visual_scenes>
    <scene>
        <instance_visual_scene url="#VisualSceneNode"/>
    </scene>
</COLLADA>
