<?xml version="1.0" encoding="UTF-8"?>
<COLLADA xmlns="http://www.collada.org/2005/11/COLLADASchema" version="1.4.1">
    <asset>
        <contributor>
            <author>VCGLab</author>
            <authoring_tool>VCGLib | MeshLab</authoring_tool>
        </contributor>
        <created>Mon. Jul. 14 19:48:11 2025 GMT</created>
        <modified>Mon. Jul. 14 19:48:11 2025 GMT</modified>
        <up_axis>Y_UP</up_axis>
    </asset>
    <library_geometries>
        <geometry id="shape0-lib" name="shape0">
            <mesh>
                <source id="shape0-lib-positions" name="position">
                    <float_array id="shape0-lib-positions-array" count="7320">0.193 0.21335 -0.021006 0.193 0.21335 0.0289999 0.193 0.27485 -0.021006 0.193 0.27485 0.0289999 0.193275 0.21335 -0.023451 0.193275 0.27485 -0.023451 0.193322 0.27485 0.031642 0.193347 0.21335 0.0316389 0.193375 0.21335 0.031847 0.194 0.21235 -0.021006 0.194 0.21235 0.0289999 0.194 0.27585 -0.021006 0.194 0.27585 0.0289999 0.194087 0.21335 -0.025773 0.194087 0.27485 -0.025773 0.19425 0.21235 -0.023228 0.19425 0.27585 -0.023228 0.194269 0.27485 0.03413 0.194293 0.27585 0.031402 0.194313 0.21335 0.034112 0.194341 0.21235 0.031588 0.194474 0.21335 0.0345 0.194988 0.21235 -0.02534 0.194988 0.27585 -0.02534 0.195154 0.27585 0.033663 0.19534 0.21235 0.034 0.195786 0.27485 0.036317 0.195837 0.21335 0.036277 0.196222 0.21335 0.036778 0.196533 0.27585 0.035652 0.196929 0.21235 0.036071 0.197784 0.27485 0.038075 0.197816 0.21335 -0.032529 0.197816 0.27485 -0.032529 0.197832 0.21335 0.038013 0.198349 0.27585 0.03725 0.1985 0.21335 0.038526 0.198663 0.21235 -0.031997 0.198663 0.27585 -0.031997 0.199 0.21235 0.03766 0.200146 0.27485 0.039303 0.200179 0.21335 0.039222 0.200496 0.27585 0.038366 0.201 0.32435 0.004 0.201128 0.27585 0.000247002 0.201128 0.27585 0.007753 0.201128 0.32435 0.000247002 0.201128 0.32435 0.007753 0.201153 0.21335 0.039625 0.201412 0.21235 0.038659 0.20215 0.27585 -0.00719 0.20215 0.27585 0.01519 0.20215 0.32435 -0.00719 0.20215 0.32435 0.01519 0.20228 0.21335 -0.038824 0.20228 0.27485 -0.038824 0.202733 0.27485 0.039927 0.202745 0.21335 0.039835 0.202848 0.27585 0.038933 0.203062 0.21235 -0.0382 0.203062 0.27585 -0.0382 0.204 0.21235 0.039 0.204 0.21335 0.04 0.204176 0.27585 -0.014418 0.204176 0.27585 0.022418 0.204176 0.32435 -0.014418 0.204176 0.32435 0.022418 0.205268 0.27585 0.038919 0.205395 0.21335 0.039911 0.205395 0.27485 0.039911 0.206588 0.21235 0.038659 0.206847 0.21335 0.039625 0.207166 0.27585 -0.021304 0.207166 0.27585 0.029304 0.207166 0.32435 -0.021304 0.207166 0.32435 0.029304 0.207422 0.21335 -0.044578 0.207422 0.27485 -0.044578 0.208129 0.21235 -0.043871 0.208129 0.27585 -0.043871 0.20891 0.21335 0.039851 0.20891 0.27485 0.039853 0.208931 0.27485 0.039853 0.209 0.21235 0.03766 0.209025 0.27585 0.038858 0.2095 0.21335 0.038526 0.211067 0.27585 -0.027717 0.211067 0.27585 0.035717 0.211067 0.32435 -0.027717 0.211067 0.32435 0.035717 0.211071 0.21235 0.036071 0.211778 0.21335 0.036778 0.212352 0.27485 0.040565 0.212353 0.21335 0.04056 0.212393 0.27485 0.040573 0.21266 0.21235 0.034 0.212704 0.27585 0.039623 0.213176 0.21335 -0.04972 0.213176 0.27485 -0.04972 0.213526 0.21335 0.0345 0.213659 0.21235 0.031588 0.2138 0.21235 -0.0489379 0.2138 0.27585 -0.0489379 0.214 0.21235 -0.0281 0.214 0.21235 0.0289999 0.214337 0.21235 -0.030662 0.214625 0.21335 0.031847 0.214846 0.27585 0.040488 0.215 0.21335 -0.0281 0.215 0.21335 0.0289999 0.215303 0.21335 -0.030403 0.215326 0.21235 -0.03305 0.215555 0.27485 0.04201 0.215558 0.21335 0.042004 0.215613 0.27485 0.042036 0.215804 0.27585 -0.03354 0.215804 0.32435 -0.03354 0.215804 0.32435 0.04154 0.215805 0.275379 0.04154 0.215868 0.275348 0.041608 0.216192 0.21335 -0.0325499 0.2169 0.21235 -0.0350999 0.217082 0.274979 0.042864 0.217607 0.21335 -0.034393 0.218371 0.21335 0.044113 0.218371 0.27485 0.044113 0.21895 0.21235 -0.036674 0.21945 0.21335 -0.035808 0.219471 0.21335 -0.054184 0.219471 0.27485 -0.054184 0.220003 0.21235 -0.0533369 0.220003 0.27585 -0.0533369 0.22129 0.21335 0.046664 0.22129 0.27585 -0.0386639 0.22129 0.32435 -0.0386639 0.22129 0.32435 0.046664 0.221338 0.21235 -0.0376629 0.221597 0.21335 -0.0366969 0.2239 0.21235 -0.038 0.2239 0.21335 -0.037 0.224771 0.20435 0.002847 0.224771 0.21335 0.002847 0.225091 0.20435 0.008605 0.225091 0.21335 0.008605 0.225515 0.20435 -0.002872 0.225515 0.21335 -0.002872 0.226 0.32435 0.004 0.226 0.32935 0.004 0.226128 0.32935 0.001232 0.226128 0.32935 0.0067679 0.226227 0.21335 -0.057913 0.226227 0.27485 -0.057913 0.226464 0.20435 0.014206 0.226464 0.21335 0.014206 0.226511 0.32435 -0.001512 0.226511 0.32435 0.009512 0.226637 0.32935 -0.001489 0.226637 0.32935 0.009489 0.22666 0.21235 -0.057012 0.22666 0.27585 -0.057012 0.226703 0.33035 0.001285 0.226703 0.33035 0.006715 0.227145 0.32935 -0.00421 0.227145 0.32935 0.01221 0.227297 0.20435 -0.008356 0.227297 0.21335 -0.008356 0.227423 0.21335 0.050993 0.227423 0.27585 -0.042993 0.227423 0.32435 -0.042993 0.227423 0.32435 0.050993 0.227701 0.33035 -0.004052 0.227701 0.33035 0.012052 0.228026 0.32435 -0.0068371 0.228026 0.32435 0.014837 0.228145 0.32935 -0.006791 0.228145 0.32935 0.014791 0.228549 0.21335 -0.058725 0.228549 0.27485 -0.058725 0.228772 0.21235 -0.05775 0.228772 0.27585 -0.05775 0.228842 0.20435 0.019459 0.228842 0.21335 0.019459 0.229145 0.32935 -0.009372 0.229145 0.32935 0.017372 0.229662 0.33035 -0.009115 0.229662 0.33035 0.017115 0.230056 0.20435 -0.01342 0.230056 0.21335 -0.01342 0.230493 0.32435 -0.0117931 0.230493 0.32435 0.019793 0.230602 0.32935 -0.0117261 0.230602 0.32935 0.0197259 0.230994 0.21235 -0.058 0.230994 0.21335 -0.059 0.230994 0.27485 -0.059 0.230994 0.27585 -0.058 0.232059 0.32935 -0.014079 0.232059 0.32935 0.022079 0.232145 0.20435 0.024187 0.232145 0.21335 0.024187 0.23252 0.33035 -0.013731 0.23252 0.33035 0.021731 0.233698 0.20435 -0.017891 0.233698 0.21335 -0.017891 0.23383 0.32435 -0.016211 0.23383 0.32435 0.024211 0.233924 0.32935 -0.0161251 0.233924 0.32935 0.0241249 0.234088 0.21335 0.054447 0.234088 0.27585 -0.046447 0.234088 0.32435 -0.046447 0.234088 0.32435 0.054447 0.235789 0.32935 -0.01817 0.235789 0.32935 0.02617 0.236178 0.33035 -0.017744 0.236178 0.33035 0.025744 0.23626 0.20435 0.028226 0.23626 0.21335 0.028226 0.237921 0.32435 -0.019941 0.237921 0.32435 0.027941 0.237998 0.32935 -0.019838 0.237998 0.32935 0.027838 0.238101 0.20435 -0.021616 0.238101 0.21335 -0.021616 0.240207 0.32935 -0.0215071 0.240207 0.32935 0.029507 0.240511 0.33035 -0.021016 0.240511 0.33035 0.029016 0.241048 0.20435 0.031441 0.241048 0.21335 0.031441 0.241161 0.21335 0.0569599 0.241161 0.27585 -0.04896 0.241161 0.32435 -0.04896 0.241161 0.32435 0.0569599 0.242628 0.32435 -0.022855 0.242628 0.32435 0.030855 0.242685 0.32935 -0.02274 0.242685 0.32935 0.03074 0.243112 0.20435 -0.024469 0.243112 0.21335 -0.024469 0.245163 0.32935 -0.023974 0.245163 0.32935 0.031974 0.245371 0.33035 -0.023436 0.245371 0.33035 0.031436 0.246345 0.20435 0.033721 0.246345 0.21335 0.033721 0.24779 0.32435 -0.024855 0.24779 0.32435 0.032855 0.247825 0.32935 -0.024732 0.247825 0.32935 0.032732 0.248511 0.21335 0.058488 0.248511 0.27585 -0.050488 0.248511 0.32435 -0.050488 0.248511 0.32435 0.058488 0.248563 0.20435 -0.026352 0.248563 0.21335 -0.026352 0.250488 0.32935 -0.025489 0.250488 0.32935 0.033489 0.250594 0.33035 -0.024922 0.250594 0.33035 0.032922 0.25197 0.20435 0.034989 0.25197 0.21335 0.034989 0.253232 0.32435 -0.025872 0.253232 0.32435 0.033872 0.253244 0.32935 -0.025745 0.253244 0.32935 0.033745 0.254267 0.20435 -0.027202 0.254267 0.21335 -0.027202 0.256 0.20435 0.004 0.256 0.20435 0.03525 0.256 0.21335 0.059 0.256 0.27585 -0.051 0.256 0.32435 -0.051 0.256 0.32435 0.059 0.256 0.32935 -0.026 0.256 0.32935 0.034 0.256 0.33035 -0.025423 0.256 0.33035 0.033423 0.257733 0.20435 0.035202 0.257733 0.21335 0.035202 0.258756 0.32935 -0.025745 0.258756 0.32935 0.033745 0.258768 0.32435 -0.025872 0.258768 0.32435 0.033872 0.26003 0.20435 -0.026989 0.26003 0.21335 -0.026989 0.261406 0.33035 -0.024922 0.261406 0.33035 0.032922 0.261512 0.32935 -0.025489 0.261512 0.32935 0.033489 0.263437 0.20435 0.034352 0.263437 0.21335 0.034352 0.263489 0.21335 0.058488 0.263489 0.27585 -0.050488 0.263489 0.32435 -0.050488 0.263489 0.32435 0.058488 0.264175 0.32935 -0.024732 0.264175 0.32935 0.032732 0.26421 0.32435 -0.024855 0.26421 0.32435 0.032855 0.265655 0.20435 -0.025721 0.265655 0.21335 -0.025721 0.266629 0.33035 -0.023436 0.266629 0.33035 0.031436 0.266837 0.32935 -0.023974 0.266837 0.32935 0.031974 0.268888 0.20435 0.032469 0.268888 0.21335 0.032469 0.269315 0.32935 -0.02274 0.269315 0.32935 0.03074 0.269372 0.32435 -0.022855 0.269372 0.32435 0.030855 0.270839 0.21335 0.0569599 0.270839 0.27585 -0.04896 0.270839 0.32435 -0.04896 0.270839 0.32435 0.0569599 0.270952 0.20435 -0.023441 0.270952 0.21335 -0.023441 0.271489 0.33035 -0.021016 0.271489 0.33035 0.029016 0.271793 0.32935 -0.0215071 0.271793 0.32935 0.029507 0.273899 0.20435 0.029616 0.273899 0.21335 0.029616 0.274002 0.32935 -0.019838 0.274002 0.32935 0.027838 0.274079 0.32435 -0.019941 0.274079 0.32435 0.027941 0.27574 0.20435 -0.020226 0.27574 0.21335 -0.020226 0.275822 0.33035 -0.017744 0.275822 0.33035 0.025744 0.276211 0.32935 -0.01817 0.276211 0.32935 0.02617 0.277912 0.21335 0.054447 0.277912 0.27585 -0.046447 0.277912 0.32435 -0.046447 0.277912 0.32435 0.054447 0.278076 0.32935 -0.0161251 0.278076 0.32935 0.0241249 0.27817 0.32435 -0.016211 0.27817 0.32435 0.024211 0.278302 0.20435 0.025891 0.278302 0.21335 0.025891 0.27948 0.33035 -0.013731 0.27948 0.33035 0.021731 0.279855 0.20435 -0.016187 0.279855 0.21335 -0.016187 0.279941 0.32935 -0.014079 0.279941 0.32935 0.022079 0.281006 0.21235 -0.058 0.281006 0.21335 -0.059 0.281006 0.27485 -0.059 0.281006 0.27585 -0.058 0.281398 0.32935 -0.0117261 0.281398 0.32935 0.0197259 0.281507 0.32435 -0.0117931 0.281507 0.32435 0.019793 0.281944 0.20435 0.02142 0.281944 0.21335 0.02142 0.282338 0.33035 -0.009115 0.282338 0.33035 0.017115 0.282855 0.32935 -0.009372 0.282855 0.32935 0.017372 0.283158 0.20435 -0.011459 0.283158 0.21335 -0.011459 0.283228 0.21235 -0.05775 0.283228 0.27585 -0.05775 0.283451 0.21335 -0.058725 0.283451 0.27485 -0.058725 0.283855 0.32935 -0.006791 0.283855 0.32935 0.014791 0.283974 0.32435 -0.0068371 0.283974 0.32435 0.014837 0.284299 0.33035 -0.004052 0.284299 0.33035 0.012052 0.284577 0.21335 0.050993 0.284577 0.27585 -0.042993 0.284577 0.32435 -0.042993 0.284577 0.32435 0.050993 0.284703 0.20435 0.016356 0.284703 0.21335 0.016356 0.284855 0.32935 -0.00421 0.284855 0.32935 0.01221 0.285297 0.33035 0.001285 0.285297 0.33035 0.006715 0.28534 0.21235 -0.057012 0.28534 0.27585 -0.057012 0.285363 0.32935 -0.001489 0.285363 0.32935 0.009489 0.285489 0.32435 -0.001512 0.285489 0.32435 0.009512 0.285536 0.20435 -0.006206 0.285536 0.21335 -0.006206 0.285773 0.21335 -0.057913 0.285773 0.27485 -0.057913 0.285872 0.32935 0.001232 0.285872 0.32935 0.0067679 0.286 0.32435 0.004 0.286 0.32935 0.004 0.286485 0.20435 0.010872 0.286485 0.21335 0.010872 0.286909 0.20435 -0.000604998 0.286909 0.21335 -0.000604998 0.287229 0.20435 0.005153 0.287229 0.21335 0.005153 0.28725 0.21335 0.004 0.2881 0.21235 -0.038 0.2881 0.21335 -0.037 0.290403 0.21335 -0.0366969 0.290662 0.21235 -0.0376629 0.29071 0.21335 0.046664 0.29071 0.27585 -0.0386639 0.29071 0.32435 -0.0386639 0.29071 0.32435 0.046664 0.291997 0.21235 -0.0533369 0.291997 0.27585 -0.0533369 0.292529 0.21335 -0.054184 0.292529 0.27485 -0.054184 0.29255 0.21335 -0.035808 0.29305 0.21235 -0.036674 0.293629 0.21335 0.044113 0.293629 0.27485 0.044113 0.294393 0.21335 -0.034393 0.294918 0.274979 0.042864 0.2951 0.21235 -0.0350999 0.295808 0.21335 -0.0325499 0.296132 0.275348 0.041608 0.296195 0.275379 0.04154 0.296196 0.27585 -0.03354 0.296196 0.32435 -0.03354 0.296196 0.32435 0.04154 0.296387 0.27485 0.042036 0.296442 0.21335 0.042004 0.296445 0.27485 0.04201 0.296674 0.21235 -0.03305 0.296697 0.21335 -0.030403 0.297 0.21335 -0.0281 0.297 0.21335 0.0289999 0.297154 0.27585 0.040488 0.297375 0.21335 0.031847 0.297663 0.21235 -0.030662 0.298 0.21235 -0.0281 0.298 0.21235 0.0289999 0.2982 0.21235 -0.0489379 0.2982 0.27585 -0.0489379 0.298341 0.21235 0.031588 0.298474 0.21335 0.0345 0.298824 0.21335 -0.04972 0.298824 0.27485 -0.04972 0.299296 0.27585 0.039623 0.29934 0.21235 0.034 0.299607 0.27485 0.040573 0.299647 0.21335 0.04056 0.299648 0.27485 0.040565 0.300222 0.21335 0.036778 0.300929 0.21235 0.036071 0.300933 0.27585 -0.027717 0.300933 0.27585 0.035717 0.300933 0.32435 -0.027717 0.300933 0.32435 0.035717 0.3025 0.21335 0.038526 0.302975 0.27585 0.038858 0.303 0.21235 0.03766 0.303069 0.27485 0.039853 0.30309 0.27485 0.039853 0.30309 0.21335 0.039851 0.303871 0.21235 -0.043871 0.303871 0.27585 -0.043871 0.304578 0.21335 -0.044578 0.304578 0.27485 -0.044578 0.304834 0.27585 -0.021304 0.304834 0.27585 0.029304 0.304834 0.32435 -0.021304 0.304834 0.32435 0.029304 0.305153 0.21335 0.039625 0.305412 0.21235 0.038659 0.306605 0.21335 0.039911 0.306605 0.27485 0.039911 0.306732 0.27585 0.038919 0.307824 0.27585 -0.014418 0.307824 0.27585 0.022418 0.307824 0.32435 -0.014418 0.307824 0.32435 0.022418 0.308 0.21235 0.039 0.308 0.21335 0.04 0.308938 0.21235 -0.0382 0.308938 0.27585 -0.0382 0.309152 0.27585 0.038933 0.309255 0.21335 0.039835 0.309267 0.27485 0.039927 0.30972 0.21335 -0.038824 0.30972 0.27485 -0.038824 0.30985 0.27585 -0.00719 0.30985 0.27585 0.01519 0.30985 0.32435 -0.00719 0.30985 0.32435 0.01519 0.310588 0.21235 0.038659 0.310847 0.21335 0.039625 0.310872 0.27585 0.000247002 0.310872 0.27585 0.007753 0.310872 0.32435 0.000247002 0.310872 0.32435 0.007753 0.311504 0.27585 0.038366 0.311821 0.21335 0.039222 0.311854 0.27485 0.039303 0.313 0.21235 0.03766 0.313337 0.21235 -0.031997 0.313337 0.27585 -0.031997 0.3135 0.21335 0.038526 0.313651 0.27585 0.03725 0.314168 0.21335 0.038013 0.314184 0.21335 -0.032529 0.314184 0.27485 -0.032529 0.314216 0.27485 0.038075 0.315071 0.21235 0.036071 0.315467 0.27585 0.035652 0.315778 0.21335 0.036778 0.316163 0.21335 0.036277 0.316214 0.27485 0.036317 0.31666 0.21235 0.034 0.316846 0.27585 0.033663 0.317012 0.21235 -0.02534 0.317012 0.27585 -0.02534 0.317526 0.21335 0.0345 0.317659 0.21235 0.031588 0.317687 0.21335 0.034112 0.317707 0.27585 0.031402 0.317731 0.27485 0.03413 0.31775 0.21235 -0.023228 0.31775 0.27585 -0.023228 0.317913 0.21335 -0.025773 0.317913 0.27485 -0.025773 0.318 0.21235 -0.021006 0.318 0.21235 0.0289999 0.318 0.27585 -0.021006 0.318 0.27585 0.0289999 0.318625 0.21335 0.031847 0.318653 0.21335 0.0316389 0.318678 0.27485 0.031642 0.318725 0.21335 -0.023451 0.318725 0.27485 -0.023451 0.319 0.21335 -0.021006 0.319 0.21335 0.0289999 0.319 0.27485 -0.021006 0.319 0.27485 0.0289999 -0.319 0.21335 -0.021006 -0.319 0.21335 0.0289999 -0.319 0.27485 -0.021006 -0.319 0.27485 0.0289999 -0.318725 0.21335 -0.023451 -0.318725 0.27485 -0.023451 -0.318678 0.27485 0.031642 -0.318653 0.21335 0.0316389 -0.318625 0.21335 0.031847 -0.318 0.21235 -0.021006 -0.318 0.21235 0.0289999 -0.318 0.27585 -0.021006 -0.318 0.27585 0.0289999 -0.317913 0.21335 -0.025773 -0.317913 0.27485 -0.025773 -0.31775 0.21235 -0.023228 -0.31775 0.27585 -0.023228 -0.317731 0.27485 0.03413 -0.317707 0.27585 0.031402 -0.317687 0.21335 0.034112 -0.317659 0.21235 0.031588 -0.317526 0.21335 0.0345 -0.317012 0.21235 -0.02534 -0.317012 0.27585 -0.02534 -0.316846 0.27585 0.033663 -0.31666 0.21235 0.034 -0.316214 0.27485 0.036317 -0.316163 0.21335 0.036277 -0.315778 0.21335 0.036778 -0.315467 0.27585 0.035652 -0.315071 0.21235 0.036071 -0.314216 0.27485 0.038075 -0.314184 0.21335 -0.032529 -0.314184 0.27485 -0.032529 -0.314168 0.21335 0.038013 -0.313651 0.27585 0.03725 -0.3135 0.21335 0.038526 -0.313337 0.21235 -0.031997 -0.313337 0.27585 -0.031997 -0.313 0.21235 0.03766 -0.311854 0.27485 0.039303 -0.311821 0.21335 0.039222 -0.311504 0.27585 0.038366 -0.311 0.32435 0.004 -0.310872 0.27585 0.000247002 -0.310872 0.27585 0.007753 -0.310872 0.32435 0.000247002 -0.310872 0.32435 0.007753 -0.310847 0.21335 0.039625 -0.310588 0.21235 0.038659 -0.30985 0.27585 -0.00719 -0.30985 0.27585 0.01519 -0.30985 0.32435 -0.00719 -0.30985 0.32435 0.01519 -0.30972 0.21335 -0.038824 -0.30972 0.27485 -0.038824 -0.309267 0.27485 0.039927 -0.309255 0.21335 0.039835 -0.309152 0.27585 0.038933 -0.308938 0.21235 -0.0382 -0.308938 0.27585 -0.0382 -0.308 0.21235 0.039 -0.308 0.21335 0.04 -0.307824 0.27585 -0.014418 -0.307824 0.27585 0.022418 -0.307824 0.32435 -0.014418 -0.307824 0.32435 0.022418 -0.306732 0.27585 0.038919 -0.306605 0.21335 0.039911 -0.306605 0.27485 0.039911 -0.305412 0.21235 0.038659 -0.305153 0.21335 0.039625 -0.304834 0.27585 -0.021304 -0.304834 0.27585 0.029304 -0.304834 0.32435 -0.021304 -0.304834 0.32435 0.029304 -0.304578 0.21335 -0.044578 -0.304578 0.27485 -0.044578 -0.303871 0.21235 -0.043871 -0.303871 0.27585 -0.043871 -0.30309 0.21335 0.039851 -0.30309 0.27485 0.039853 -0.303069 0.27485 0.039853 -0.303 0.21235 0.03766 -0.302975 0.27585 0.038858 -0.3025 0.21335 0.038526 -0.300933 0.27585 -0.027717 -0.300933 0.27585 0.035717 -0.300933 0.32435 -0.027717 -0.300933 0.32435 0.035717 -0.300929 0.21235 0.036071 -0.300222 0.21335 0.036778 -0.299648 0.27485 0.040565 -0.299647 0.21335 0.04056 -0.299607 0.27485 0.040573 -0.29934 0.21235 0.034 -0.299296 0.27585 0.039623 -0.298824 0.21335 -0.04972 -0.298824 0.27485 -0.04972 -0.298474 0.21335 0.0345 -0.298341 0.21235 0.031588 -0.2982 0.21235 -0.0489379 -0.2982 0.27585 -0.0489379 -0.298 0.21235 -0.0281 -0.298 0.21235 0.0289999 -0.297663 0.21235 -0.030662 -0.297375 0.21335 0.031847 -0.297154 0.27585 0.040488 -0.297 0.21335 -0.0281 -0.297 0.21335 0.0289999 -0.296697 0.21335 -0.030403 -0.296674 0.21235 -0.03305 -0.296445 0.27485 0.04201 -0.296442 0.21335 0.042004 -0.296387 0.27485 0.042036 -0.296196 0.27585 -0.03354 -0.296196 0.32435 -0.03354 -0.296196 0.32435 0.04154 -0.296195 0.275379 0.04154 -0.296132 0.275348 0.041608 -0.295808 0.21335 -0.0325499 -0.2951 0.21235 -0.0350999 -0.294918 0.274979 0.042864 -0.294393 0.21335 -0.034393 -0.293629 0.21335 0.044113 -0.293629 0.27485 0.044113 -0.29305 0.21235 -0.036674 -0.29255 0.21335 -0.035808 -0.292529 0.21335 -0.054184 -0.292529 0.27485 -0.054184 -0.291997 0.21235 -0.0533369 -0.291997 0.27585 -0.0533369 -0.29071 0.21335 0.046664 -0.29071 0.27585 -0.0386639 -0.29071 0.32435 -0.0386639 -0.29071 0.32435 0.046664 -0.290662 0.21235 -0.0376629 -0.290403 0.21335 -0.0366969 -0.2881 0.21235 -0.038 -0.2881 0.21335 -0.037 -0.287229 0.20435 0.002847 -0.287229 0.21335 0.002847 -0.286909 0.20435 0.008605 -0.286909 0.21335 0.008605 -0.286485 0.20435 -0.002872 -0.286485 0.21335 -0.002872 -0.286 0.32435 0.004 -0.286 0.32935 0.004 -0.285872 0.32935 0.001232 -0.285872 0.32935 0.0067679 -0.285773 0.21335 -0.057913 -0.285773 0.27485 -0.057913 -0.285536 0.20435 0.014206 -0.285536 0.21335 0.014206 -0.285489 0.32435 -0.001512 -0.285489 0.32435 0.009512 -0.285363 0.32935 -0.001489 -0.285363 0.32935 0.009489 -0.28534 0.21235 -0.057012 -0.28534 0.27585 -0.057012 -0.285297 0.33035 0.001285 -0.285297 0.33035 0.006715 -0.284855 0.32935 -0.00421 -0.284855 0.32935 0.01221 -0.284703 0.20435 -0.008356 -0.284703 0.21335 -0.008356 -0.284577 0.21335 0.050993 -0.284577 0.27585 -0.042993 -0.284577 0.32435 -0.042993 -0.284577 0.32435 0.050993 -0.284299 0.33035 -0.004052 -0.284299 0.33035 0.012052 -0.283974 0.32435 -0.0068371 -0.283974 0.32435 0.014837 -0.283855 0.32935 -0.006791 -0.283855 0.32935 0.014791 -0.283451 0.21335 -0.058725 -0.283451 0.27485 -0.058725 -0.283228 0.21235 -0.05775 -0.283228 0.27585 -0.05775 -0.283158 0.20435 0.019459 -0.283158 0.21335 0.019459 -0.282855 0.32935 -0.009372 -0.282855 0.32935 0.017372 -0.282338 0.33035 -0.009115 -0.282338 0.33035 0.017115 -0.281944 0.20435 -0.01342 -0.281944 0.21335 -0.01342 -0.281507 0.32435 -0.0117931 -0.281507 0.32435 0.019793 -0.281398 0.32935 -0.0117261 -0.281398 0.32935 0.0197259 -0.281006 0.21235 -0.058 -0.281006 0.21335 -0.059 -0.281006 0.27485 -0.059 -0.281006 0.27585 -0.058 -0.279941 0.32935 -0.014079 -0.279941 0.32935 0.022079 -0.279855 0.20435 0.024187 -0.279855 0.21335 0.024187 -0.27948 0.33035 -0.013731 -0.27948 0.33035 0.021731 -0.278302 0.20435 -0.017891 -0.278302 0.21335 -0.017891 -0.27817 0.32435 -0.016211 -0.27817 0.32435 0.024211 -0.278076 0.32935 -0.0161251 -0.278076 0.32935 0.0241249 -0.277912 0.21335 0.054447 -0.277912 0.27585 -0.046447 -0.277912 0.32435 -0.046447 -0.277912 0.32435 0.054447 -0.276211 0.32935 -0.01817 -0.276211 0.32935 0.02617 -0.275822 0.33035 -0.017744 -0.275822 0.33035 0.025744 -0.27574 0.20435 0.028226 -0.27574 0.21335 0.028226 -0.274079 0.32435 -0.019941 -0.274079 0.32435 0.027941 -0.274002 0.32935 -0.019838 -0.274002 0.32935 0.027838 -0.273899 0.20435 -0.021616 -0.273899 0.21335 -0.021616 -0.271793 0.32935 -0.0215071 -0.271793 0.32935 0.029507 -0.271489 0.33035 -0.021016 -0.271489 0.33035 0.029016 -0.270952 0.20435 0.031441 -0.270952 0.21335 0.031441 -0.270839 0.21335 0.0569599 -0.270839 0.27585 -0.04896 -0.270839 0.32435 -0.04896 -0.270839 0.32435 0.0569599 -0.269372 0.32435 -0.022855 -0.269372 0.32435 0.030855 -0.269315 0.32935 -0.02274 -0.269315 0.32935 0.03074 -0.268888 0.20435 -0.024469 -0.268888 0.21335 -0.024469 -0.266837 0.32935 -0.023974 -0.266837 0.32935 0.031974 -0.266629 0.33035 -0.023436 -0.266629 0.33035 0.031436 -0.265655 0.20435 0.033721 -0.265655 0.21335 0.033721 -0.26421 0.32435 -0.024855 -0.26421 0.32435 0.032855 -0.264175 0.32935 -0.024732 -0.264175 0.32935 0.032732 -0.263489 0.21335 0.058488 -0.263489 0.27585 -0.050488 -0.263489 0.32435 -0.050488 -0.263489 0.32435 0.058488 -0.263437 0.20435 -0.026352 -0.263437 0.21335 -0.026352 -0.261512 0.32935 -0.025489 -0.261512 0.32935 0.033489 -0.261406 0.33035 -0.024922 -0.261406 0.33035 0.032922 -0.26003 0.20435 0.034989 -0.26003 0.21335 0.034989 -0.258768 0.32435 -0.025872 -0.258768 0.32435 0.033872 -0.258756 0.32935 -0.025745 -0.258756 0.32935 0.033745 -0.257733 0.20435 -0.027202 -0.257733 0.21335 -0.027202 -0.256 0.20435 0.004 -0.256 0.20435 0.03525 -0.256 0.21335 0.059 -0.256 0.27585 -0.051 -0.256 0.32435 -0.051 -0.256 0.32435 0.059 -0.256 0.32935 -0.026 -0.256 0.32935 0.034 -0.256 0.33035 -0.025423 -0.256 0.33035 0.033423 -0.254267 0.20435 0.035202 -0.254267 0.21335 0.035202 -0.253244 0.32935 -0.025745 -0.253244 0.32935 0.033745 -0.253232 0.32435 -0.025872 -0.253232 0.32435 0.033872 -0.25197 0.20435 -0.026989 -0.25197 0.21335 -0.026989 -0.250594 0.33035 -0.024922 -0.250594 0.33035 0.032922 -0.250488 0.32935 -0.025489 -0.250488 0.32935 0.033489 -0.248563 0.20435 0.034352 -0.248563 0.21335 0.034352 -0.248511 0.21335 0.058488 -0.248511 0.27585 -0.050488 -0.248511 0.32435 -0.050488 -0.248511 0.32435 0.058488 -0.247825 0.32935 -0.024732 -0.247825 0.32935 0.032732 -0.24779 0.32435 -0.024855 -0.24779 0.32435 0.032855 -0.246345 0.20435 -0.025721 -0.246345 0.21335 -0.025721 -0.245371 0.33035 -0.023436 -0.245371 0.33035 0.031436 -0.245163 0.32935 -0.023974 -0.245163 0.32935 0.031974 -0.243112 0.20435 0.032469 -0.243112 0.21335 0.032469 -0.242685 0.32935 -0.02274 -0.242685 0.32935 0.03074 -0.242628 0.32435 -0.022855 -0.242628 0.32435 0.030855 -0.241161 0.21335 0.0569599 -0.241161 0.27585 -0.04896 -0.241161 0.32435 -0.04896 -0.241161 0.32435 0.0569599 -0.241048 0.20435 -0.023441 -0.241048 0.21335 -0.023441 -0.240511 0.33035 -0.021016 -0.240511 0.33035 0.029016 -0.240207 0.32935 -0.0215071 -0.240207 0.32935 0.029507 -0.238101 0.20435 0.029616 -0.238101 0.21335 0.029616 -0.237998 0.32935 -0.019838 -0.237998 0.32935 0.027838 -0.237921 0.32435 -0.019941 -0.237921 0.32435 0.027941 -0.23626 0.20435 -0.020226 -0.23626 0.21335 -0.020226 -0.236178 0.33035 -0.017744 -0.236178 0.33035 0.025744 -0.235789 0.32935 -0.01817 -0.235789 0.32935 0.02617 -0.234088 0.21335 0.054447 -0.234088 0.27585 -0.046447 -0.234088 0.32435 -0.046447 -0.234088 0.32435 0.054447 -0.233924 0.32935 -0.0161251 -0.233924 0.32935 0.0241249 -0.23383 0.32435 -0.016211 -0.23383 0.32435 0.024211 -0.233698 0.20435 0.025891 -0.233698 0.21335 0.025891 -0.23252 0.33035 -0.013731 -0.23252 0.33035 0.021731 -0.232145 0.20435 -0.016187 -0.232145 0.21335 -0.016187 -0.232059 0.32935 -0.014079 -0.232059 0.32935 0.022079 -0.230994 0.21235 -0.058 -0.230994 0.21335 -0.059 -0.230994 0.27485 -0.059 -0.230994 0.27585 -0.058 -0.230602 0.32935 -0.0117261 -0.230602 0.32935 0.0197259 -0.230493 0.32435 -0.0117931 -0.230493 0.32435 0.019793 -0.230056 0.20435 0.02142 -0.230056 0.21335 0.02142 -0.229662 0.33035 -0.009115 -0.229662 0.33035 0.017115 -0.229145 0.32935 -0.009372 -0.229145 0.32935 0.017372 -0.228842 0.20435 -0.011459 -0.228842 0.21335 -0.011459 -0.228772 0.21235 -0.05775 -0.228772 0.27585 -0.05775 -0.228549 0.21335 -0.058725 -0.228549 0.27485 -0.058725 -0.228145 0.32935 -0.006791 -0.228145 0.32935 0.014791 -0.228026 0.32435 -0.0068371 -0.228026 0.32435 0.014837 -0.227701 0.33035 -0.004052 -0.227701 0.33035 0.012052 -0.227423 0.21335 0.050993 -0.227423 0.27585 -0.042993 -0.227423 0.32435 -0.042993 -0.227423 0.32435 0.050993 -0.227297 0.20435 0.016356 -0.227297 0.21335 0.016356 -0.227145 0.32935 -0.00421 -0.227145 0.32935 0.01221 -0.226703 0.33035 0.001285 -0.226703 0.33035 0.006715 -0.22666 0.21235 -0.057012 -0.22666 0.27585 -0.057012 -0.226637 0.32935 -0.001489 -0.226637 0.32935 0.009489 -0.226511 0.32435 -0.001512 -0.226511 0.32435 0.009512 -0.226464 0.20435 -0.006206 -0.226464 0.21335 -0.006206 -0.226227 0.21335 -0.057913 -0.226227 0.27485 -0.057913 -0.226128 0.32935 0.001232 -0.226128 0.32935 0.0067679 -0.226 0.32435 0.004 -0.226 0.32935 0.004 -0.225515 0.20435 0.010872 -0.225515 0.21335 0.010872 -0.225091 0.20435 -0.000604998 -0.225091 0.21335 -0.000604998 -0.224771 0.20435 0.005153 -0.224771 0.21335 0.005153 -0.22475 0.21335 0.004 -0.2239 0.21235 -0.038 -0.2239 0.21335 -0.037 -0.221597 0.21335 -0.0366969 -0.221338 0.21235 -0.0376629 -0.22129 0.21335 0.046664 -0.22129 0.27585 -0.0386639 -0.22129 0.32435 -0.0386639 -0.22129 0.32435 0.046664 -0.220003 0.21235 -0.0533369 -0.220003 0.27585 -0.0533369 -0.219471 0.21335 -0.054184 -0.219471 0.27485 -0.054184 -0.21945 0.21335 -0.035808 -0.21895 0.21235 -0.036674 -0.218371 0.21335 0.044113 -0.218371 0.27485 0.044113 -0.217607 0.21335 -0.034393 -0.217082 0.274979 0.042864 -0.2169 0.21235 -0.0350999 -0.216192 0.21335 -0.0325499 -0.215868 0.275348 0.041608 -0.215805 0.275379 0.04154 -0.215804 0.27585 -0.03354 -0.215804 0.32435 -0.03354 -0.215804 0.32435 0.04154 -0.215613 0.27485 0.042036 -0.215558 0.21335 0.042004 -0.215555 0.27485 0.04201 -0.215326 0.21235 -0.03305 -0.215303 0.21335 -0.030403 -0.215 0.21335 -0.0281 -0.215 0.21335 0.0289999 -0.214846 0.27585 0.040488 -0.214625 0.21335 0.031847 -0.214337 0.21235 -0.030662 -0.214 0.21235 -0.0281 -0.214 0.21235 0.0289999 -0.2138 0.21235 -0.0489379 -0.2138 0.27585 -0.0489379 -0.213659 0.21235 0.031588 -0.213526 0.21335 0.0345 -0.213176 0.21335 -0.04972 -0.213176 0.27485 -0.04972 -0.212704 0.27585 0.039623 -0.21266 0.21235 0.034 -0.212393 0.27485 0.040573 -0.212353 0.21335 0.04056 -0.212352 0.27485 0.040565 -0.211778 0.21335 0.036778 -0.211071 0.21235 0.036071 -0.211067 0.27585 -0.027717 -0.211067 0.27585 0.035717 -0.211067 0.32435 -0.027717 -0.211067 0.32435 0.035717 -0.2095 0.21335 0.038526 -0.209025 0.27585 0.038858 -0.209 0.21235 0.03766 -0.208931 0.27485 0.039853 -0.20891 0.27485 0.039853 -0.20891 0.21335 0.039851 -0.208129 0.21235 -0.043871 -0.208129 0.27585 -0.043871 -0.207422 0.21335 -0.044578 -0.207422 0.27485 -0.044578 -0.207166 0.27585 -0.021304 -0.207166 0.27585 0.029304 -0.207166 0.32435 -0.021304 -0.207166 0.32435 0.029304 -0.206847 0.21335 0.039625 -0.206588 0.21235 0.038659 -0.205395 0.21335 0.039911 -0.205395 0.27485 0.039911 -0.205268 0.27585 0.038919 -0.204176 0.27585 -0.014418 -0.204176 0.27585 0.022418 -0.204176 0.32435 -0.014418 -0.204176 0.32435 0.022418 -0.204 0.21235 0.039 -0.204 0.21335 0.04 -0.203062 0.21235 -0.0382 -0.203062 0.27585 -0.0382 -0.202848 0.27585 0.038933 -0.202745 0.21335 0.039835 -0.202733 0.27485 0.039927 -0.20228 0.21335 -0.038824 -0.20228 0.27485 -0.038824 -0.20215 0.27585 -0.00719 -0.20215 0.27585 0.01519 -0.20215 0.32435 -0.00719 -0.20215 0.32435 0.01519 -0.201412 0.21235 0.038659 -0.201153 0.21335 0.039625 -0.201128 0.27585 0.000247002 -0.201128 0.27585 0.007753 -0.201128 0.32435 0.000247002 -0.201128 0.32435 0.007753 -0.200496 0.27585 0.038366 -0.200179 0.21335 0.039222 -0.200146 0.27485 0.039303 -0.199 0.21235 0.03766 -0.198663 0.21235 -0.031997 -0.198663 0.27585 -0.031997 -0.1985 0.21335 0.038526 -0.198349 0.27585 0.03725 -0.197832 0.21335 0.038013 -0.197816 0.21335 -0.032529 -0.197816 0.27485 -0.032529 -0.197784 0.27485 0.038075 -0.196929 0.21235 0.036071 -0.196533 0.27585 0.035652 -0.196222 0.21335 0.036778 -0.195837 0.21335 0.036277 -0.195786 0.27485 0.036317 -0.19534 0.21235 0.034 -0.195154 0.27585 0.033663 -0.194988 0.21235 -0.02534 -0.194988 0.27585 -0.02534 -0.194474 0.21335 0.0345 -0.194341 0.21235 0.031588 -0.194313 0.21335 0.034112 -0.194293 0.27585 0.031402 -0.194269 0.27485 0.03413 -0.19425 0.21235 -0.023228 -0.19425 0.27585 -0.023228 -0.194087 0.21335 -0.025773 -0.194087 0.27485 -0.025773 -0.194 0.21235 -0.021006 -0.194 0.21235 0.0289999 -0.194 0.27585 -0.021006 -0.194 0.27585 0.0289999 -0.193375 0.21335 0.031847 -0.193347 0.21335 0.0316389 -0.193322 0.27485 0.031642 -0.193275 0.21335 -0.023451 -0.193275 0.27485 -0.023451 -0.193 0.21335 -0.021006 -0.193 0.21335 0.0289999 -0.193 0.27485 -0.021006 -0.193 0.27485 0.0289999 0.193 -0.27485 -0.021006 0.193 -0.27485 0.0289999 0.193 -0.21335 -0.021006 0.193 -0.21335 0.0289999 0.193275 -0.27485 -0.023451 0.193275 -0.21335 -0.023451 0.193322 -0.27485 0.031642 0.193347 -0.21335 0.0316389 0.193375 -0.21335 0.031847 0.194 -0.27585 -0.021006 0.194 -0.27585 0.0289999 0.194 -0.21235 -0.021006 0.194 -0.21235 0.0289999 0.194087 -0.27485 -0.025773 0.194087 -0.21335 -0.025773 0.19425 -0.27585 -0.023228 0.19425 -0.21235 -0.023228 0.194269 -0.27485 0.03413 0.194293 -0.27585 0.031402 0.194313 -0.21335 0.034112 0.194341 -0.21235 0.031588 0.194474 -0.21335 0.0345 0.194988 -0.27585 -0.02534 0.194988 -0.21235 -0.02534 0.195154 -0.27585 0.033663 0.19534 -0.21235 0.034 0.195786 -0.27485 0.036317 0.195837 -0.21335 0.036277 0.196222 -0.21335 0.036778 0.196533 -0.27585 0.035652 0.196929 -0.21235 0.036071 0.197784 -0.27485 0.038075 0.197816 -0.27485 -0.032529 0.197816 -0.21335 -0.032529 0.197832 -0.21335 0.038013 0.198349 -0.27585 0.03725 0.1985 -0.21335 0.038526 0.198663 -0.27585 -0.031997 0.198663 -0.21235 -0.031997 0.199 -0.21235 0.03766 0.200146 -0.27485 0.039303 0.200179 -0.21335 0.039222 0.200496 -0.27585 0.038366 0.201128 -0.32435 0.000247002 0.201128 -0.32435 0.007753 0.201128 -0.27585 0.000247002 0.201128 -0.27585 0.007753 0.201153 -0.21335 0.039625 0.201412 -0.21235 0.038659 0.20215 -0.32435 -0.00719 0.20215 -0.32435 0.01519 0.20215 -0.27585 -0.00719 0.20215 -0.27585 0.01519 0.20228 -0.27485 -0.038824 0.20228 -0.21335 -0.038824 0.202733 -0.27485 0.039927 0.202745 -0.21335 0.039835 0.202848 -0.27585 0.038933 0.203062 -0.27585 -0.0382 0.203062 -0.21235 -0.0382 0.204 -0.21335 0.04 0.204 -0.21235 0.039 0.204176 -0.32435 -0.014418 0.204176 -0.32435 0.022418 0.204176 -0.27585 -0.014418 0.204176 -0.27585 0.022418 0.205268 -0.27585 0.038919 0.205395 -0.27485 0.039911 0.205395 -0.21335 0.039911 0.206588 -0.21235 0.038659 0.206847 -0.21335 0.039625 0.207166 -0.32435 -0.021304 0.207166 -0.32435 0.029304 0.207166 -0.27585 -0.021304 0.207166 -0.27585 0.029304 0.207422 -0.27485 -0.044578 0.207422 -0.21335 -0.044578 0.208129 -0.27585 -0.043871 0.208129 -0.21235 -0.043871 0.20891 -0.21335 0.039851 0.20891 -0.27485 0.039853 0.208931 -0.27485 0.039853 0.209 -0.21235 0.03766 0.209025 -0.27585 0.038858 0.2095 -0.21335 0.038526 0.211067 -0.32435 -0.027717 0.211067 -0.32435 0.035717 0.211067 -0.27585 -0.027717 0.211067 -0.27585 0.035717 0.211071 -0.21235 0.036071 0.211778 -0.21335 0.036778 0.212352 -0.27485 0.040565 0.212353 -0.21335 0.04056 0.212393 -0.27485 0.040573 0.21266 -0.21235 0.034 0.212704 -0.27585 0.039623 0.213176 -0.27485 -0.04972 0.213176 -0.21335 -0.04972 0.213526 -0.21335 0.0345 0.213659 -0.21235 0.031588 0.2138 -0.27585 -0.0489379 0.2138 -0.21235 -0.0489379 0.214 -0.21235 -0.0281 0.214 -0.21235 0.0289999 0.214337 -0.21235 -0.030662 0.214625 -0.21335 0.031847 0.214846 -0.27585 0.040488 0.215 -0.21335 -0.0281 0.215 -0.21335 0.0289999 0.215303 -0.21335 -0.030403 0.215326 -0.21235 -0.03305 0.215555 -0.27485 0.04201 0.215558 -0.21335 0.042004 0.215613 -0.27485 0.042036 0.215804 -0.32435 -0.03354 0.215804 -0.32435 0.04154 0.215804 -0.27585 -0.03354 0.215805 -0.275379 0.04154 0.215868 -0.275348 0.041608 0.216192 -0.21335 -0.0325499 0.2169 -0.21235 -0.0350999 0.217082 -0.274979 0.042864 0.217607 -0.21335 -0.034393 0.218371 -0.27485 0.044113 0.218371 -0.21335 0.044113 0.21895 -0.21235 -0.036674 0.21945 -0.21335 -0.035808 0.219471 -0.27485 -0.054184 0.219471 -0.21335 -0.054184 0.220003 -0.27585 -0.0533369 0.220003 -0.21235 -0.0533369 0.22129 -0.32435 -0.0386639 0.22129 -0.32435 0.046664 0.22129 -0.27585 -0.0386639 0.22129 -0.21335 0.046664 0.221338 -0.21235 -0.0376629 0.221597 -0.21335 -0.0366969 0.2239 -0.21335 -0.037 0.2239 -0.21235 -0.038 0.22475 -0.21335 0.004 0.224771 -0.21335 0.005153 0.224771 -0.20435 0.005153 0.225091 -0.21335 -0.000604998 0.225091 -0.20435 -0.000604998 0.225515 -0.21335 0.010872 0.225515 -0.20435 0.010872 0.226 -0.32935 0.004 0.226 -0.32435 0.004 0.226128 -0.32935 0.001232 0.226128 -0.32935 0.0067679 0.226227 -0.27485 -0.057913 0.226227 -0.21335 -0.057913 0.226464 -0.21335 -0.006206 0.226464 -0.20435 -0.006206 0.226511 -0.32435 -0.001512 0.226511 -0.32435 0.009512 0.226637 -0.32935 -0.001489 0.226637 -0.32935 0.009489 0.22666 -0.27585 -0.057012 0.22666 -0.21235 -0.057012 0.226703 -0.33035 0.001285 0.226703 -0.33035 0.006715 0.227145 -0.32935 -0.00421 0.227145 -0.32935 0.01221 0.227297 -0.21335 0.016356 0.227297 -0.20435 0.016356 0.227423 -0.32435 -0.042993 0.227423 -0.32435 0.050993 0.227423 -0.27585 -0.042993 0.227423 -0.21335 0.050993 0.227701 -0.33035 -0.004052 0.227701 -0.33035 0.012052 0.228026 -0.32435 -0.0068371 0.228026 -0.32435 0.014837 0.228145 -0.32935 -0.006791 0.228145 -0.32935 0.014791 0.228549 -0.27485 -0.058725 0.228549 -0.21335 -0.058725 0.228772 -0.27585 -0.05775 0.228772 -0.21235 -0.05775 0.228842 -0.21335 -0.011459 0.228842 -0.20435 -0.011459 0.229145 -0.32935 -0.009372 0.229145 -0.32935 0.017372 0.229662 -0.33035 -0.009115 0.229662 -0.33035 0.017115 0.230056 -0.21335 0.02142 0.230056 -0.20435 0.02142 0.230493 -0.32435 -0.0117931 0.230493 -0.32435 0.019793 0.230602 -0.32935 -0.0117261 0.230602 -0.32935 0.0197259 0.230994 -0.27585 -0.058 0.230994 -0.27485 -0.059 0.230994 -0.21335 -0.059 0.230994 -0.21235 -0.058 0.232059 -0.32935 -0.014079 0.232059 -0.32935 0.022079 0.232145 -0.21335 -0.016187 0.232145 -0.20435 -0.016187 0.23252 -0.33035 -0.013731 0.23252 -0.33035 0.021731 0.233698 -0.21335 0.025891 0.233698 -0.20435 0.025891 0.23383 -0.32435 -0.016211 0.23383 -0.32435 0.024211 0.233924 -0.32935 -0.0161251 0.233924 -0.32935 0.0241249 0.234088 -0.32435 -0.046447 0.234088 -0.32435 0.054447 0.234088 -0.27585 -0.046447 0.234088 -0.21335 0.054447 0.235789 -0.32935 -0.01817 0.235789 -0.32935 0.02617 0.236178 -0.33035 -0.017744 0.236178 -0.33035 0.025744 0.23626 -0.21335 -0.020226 0.23626 -0.20435 -0.020226 0.237921 -0.32435 -0.019941 0.237921 -0.32435 0.027941 0.237998 -0.32935 -0.019838 0.237998 -0.32935 0.027838 0.238101 -0.21335 0.029616 0.238101 -0.20435 0.029616 0.240207 -0.32935 -0.0215071 0.240207 -0.32935 0.029507 0.240511 -0.33035 -0.021016 0.240511 -0.33035 0.029016 0.241048 -0.21335 -0.023441 0.241048 -0.20435 -0.023441 0.241161 -0.32435 -0.04896 0.241161 -0.32435 0.0569599 0.241161 -0.27585 -0.04896 0.241161 -0.21335 0.0569599 0.242628 -0.32435 -0.022855 0.242628 -0.32435 0.030855 0.242685 -0.32935 -0.02274 0.242685 -0.32935 0.03074 0.243112 -0.21335 0.032469 0.243112 -0.20435 0.032469 0.245163 -0.32935 -0.023974 0.245163 -0.32935 0.031974 0.245371 -0.33035 -0.023436 0.245371 -0.33035 0.031436 0.246345 -0.21335 -0.025721 0.246345 -0.20435 -0.025721 0.24779 -0.32435 -0.024855 0.24779 -0.32435 0.032855 0.247825 -0.32935 -0.024732 0.247825 -0.32935 0.032732 0.248511 -0.32435 -0.050488 0.248511 -0.32435 0.058488 0.248511 -0.27585 -0.050488 0.248511 -0.21335 0.058488 0.248563 -0.21335 0.034352 0.248563 -0.20435 0.034352 0.250488 -0.32935 -0.025489 0.250488 -0.32935 0.033489 0.250594 -0.33035 -0.024922 0.250594 -0.33035 0.032922 0.25197 -0.21335 -0.026989 0.25197 -0.20435 -0.026989 0.253232 -0.32435 -0.025872 0.253232 -0.32435 0.033872 0.253244 -0.32935 -0.025745 0.253244 -0.32935 0.033745 0.254267 -0.21335 0.035202 0.254267 -0.20435 0.035202 0.256 -0.33035 -0.025423 0.256 -0.33035 0.033423 0.256 -0.32935 -0.026 0.256 -0.32935 0.034 0.256 -0.32435 -0.051 0.256 -0.32435 0.059 0.256 -0.27585 -0.051 0.256 -0.21335 0.059 0.256 -0.20435 0.004 0.256 -0.20435 0.03525 0.257733 -0.21335 -0.027202 0.257733 -0.20435 -0.027202 0.258756 -0.32935 -0.025745 0.258756 -0.32935 0.033745 0.258768 -0.32435 -0.025872 0.258768 -0.32435 0.033872 0.26003 -0.21335 0.034989 0.26003 -0.20435 0.034989 0.261406 -0.33035 -0.024922 0.261406 -0.33035 0.032922 0.261512 -0.32935 -0.025489 0.261512 -0.32935 0.033489 0.263437 -0.21335 -0.026352 0.263437 -0.20435 -0.026352 0.263489 -0.32435 -0.050488 0.263489 -0.32435 0.058488 0.263489 -0.27585 -0.050488 0.263489 -0.21335 0.058488 0.264175 -0.32935 -0.024732 0.264175 -0.32935 0.032732 0.26421 -0.32435 -0.024855 0.26421 -0.32435 0.032855 0.265655 -0.21335 0.033721 0.265655 -0.20435 0.033721 0.266629 -0.33035 -0.023436 0.266629 -0.33035 0.031436 0.266837 -0.32935 -0.023974 0.266837 -0.32935 0.031974 0.268888 -0.21335 -0.024469 0.268888 -0.20435 -0.024469 0.269315 -0.32935 -0.02274 0.269315 -0.32935 0.03074 0.269372 -0.32435 -0.022855 0.269372 -0.32435 0.030855 0.270839 -0.32435 -0.04896 0.270839 -0.32435 0.0569599 0.270839 -0.27585 -0.04896 0.270839 -0.21335 0.0569599 0.270952 -0.21335 0.031441 0.270952 -0.20435 0.031441 0.271489 -0.33035 -0.021016 0.271489 -0.33035 0.029016 0.271793 -0.32935 -0.0215071 0.271793 -0.32935 0.029507 0.273899 -0.21335 -0.021616 0.273899 -0.20435 -0.021616 0.274002 -0.32935 -0.019838 0.274002 -0.32935 0.027838 0.274079 -0.32435 -0.019941 0.274079 -0.32435 0.027941 0.27574 -0.21335 0.028226 0.27574 -0.20435 0.028226 0.275822 -0.33035 -0.017744 0.275822 -0.33035 0.025744 0.276211 -0.32935 -0.01817 0.276211 -0.32935 0.02617 0.277912 -0.32435 -0.046447 0.277912 -0.32435 0.054447 0.277912 -0.27585 -0.046447 0.277912 -0.21335 0.054447 0.278076 -0.32935 -0.0161251 0.278076 -0.32935 0.0241249 0.27817 -0.32435 -0.016211 0.27817 -0.32435 0.024211 0.278302 -0.21335 -0.017891 0.278302 -0.20435 -0.017891 0.27948 -0.33035 -0.013731 0.27948 -0.33035 0.021731 0.279855 -0.21335 0.024187 0.279855 -0.20435 0.024187 0.279941 -0.32935 -0.014079 0.279941 -0.32935 0.022079 0.281006 -0.27585 -0.058 0.281006 -0.27485 -0.059 0.281006 -0.21335 -0.059 0.281006 -0.21235 -0.058 0.281398 -0.32935 -0.0117261 0.281398 -0.32935 0.0197259 0.281507 -0.32435 -0.0117931 0.281507 -0.32435 0.019793 0.281944 -0.21335 -0.01342 0.281944 -0.20435 -0.01342 0.282338 -0.33035 -0.009115 0.282338 -0.33035 0.017115 0.282855 -0.32935 -0.009372 0.282855 -0.32935 0.017372 0.283158 -0.21335 0.019459 0.283158 -0.20435 0.019459 0.283228 -0.27585 -0.05775 0.283228 -0.21235 -0.05775 0.283451 -0.27485 -0.058725 0.283451 -0.21335 -0.058725 0.283855 -0.32935 -0.006791 0.283855 -0.32935 0.014791 0.283974 -0.32435 -0.0068371 0.283974 -0.32435 0.014837 0.284299 -0.33035 -0.004052 0.284299 -0.33035 0.012052 0.284577 -0.32435 -0.042993 0.284577 -0.32435 0.050993 0.284577 -0.27585 -0.042993 0.284577 -0.21335 0.050993 0.284703 -0.21335 -0.008356 0.284703 -0.20435 -0.008356 0.284855 -0.32935 -0.00421 0.284855 -0.32935 0.01221 0.285297 -0.33035 0.001285 0.285297 -0.33035 0.006715 0.28534 -0.27585 -0.057012 0.28534 -0.21235 -0.057012 0.285363 -0.32935 -0.001489 0.285363 -0.32935 0.009489 0.285489 -0.32435 -0.001512 0.285489 -0.32435 0.009512 0.285536 -0.21335 0.014206 0.285536 -0.20435 0.014206 0.285773 -0.27485 -0.057913 0.285773 -0.21335 -0.057913 0.285872 -0.32935 0.001232 0.285872 -0.32935 0.0067679 0.286 -0.32935 0.004 0.286 -0.32435 0.004 0.286485 -0.21335 -0.002872 0.286485 -0.20435 -0.002872 0.286909 -0.21335 0.008605 0.286909 -0.20435 0.008605 0.287229 -0.21335 0.002847 0.287229 -0.20435 0.002847 0.2881 -0.21335 -0.037 0.2881 -0.21235 -0.038 0.290403 -0.21335 -0.0366969 0.290662 -0.21235 -0.0376629 0.29071 -0.32435 -0.0386639 0.29071 -0.32435 0.046664 0.29071 -0.27585 -0.0386639 0.29071 -0.21335 0.046664 0.291997 -0.27585 -0.0533369 0.291997 -0.21235 -0.0533369 0.292529 -0.27485 -0.054184 0.292529 -0.21335 -0.054184 0.29255 -0.21335 -0.035808 0.29305 -0.21235 -0.036674 0.293629 -0.27485 0.044113 0.293629 -0.21335 0.044113 0.294393 -0.21335 -0.034393 0.294918 -0.274979 0.042864 0.2951 -0.21235 -0.0350999 0.295808 -0.21335 -0.0325499 0.296132 -0.275348 0.041608 0.296195 -0.275379 0.04154 0.296196 -0.32435 -0.03354 0.296196 -0.32435 0.04154 0.296196 -0.27585 -0.03354 0.296387 -0.27485 0.042036 0.296442 -0.21335 0.042004 0.296445 -0.27485 0.04201 0.296674 -0.21235 -0.03305 0.296697 -0.21335 -0.030403 0.297 -0.21335 -0.0281 0.297 -0.21335 0.0289999 0.297154 -0.27585 0.040488 0.297375 -0.21335 0.031847 0.297663 -0.21235 -0.030662 0.298 -0.21235 -0.0281 0.298 -0.21235 0.0289999 0.2982 -0.27585 -0.0489379 0.2982 -0.21235 -0.0489379 0.298341 -0.21235 0.031588 0.298474 -0.21335 0.0345 0.298824 -0.27485 -0.04972 0.298824 -0.21335 -0.04972 0.299296 -0.27585 0.039623 0.29934 -0.21235 0.034 0.299607 -0.27485 0.040573 0.299647 -0.21335 0.04056 0.299648 -0.27485 0.040565 0.300222 -0.21335 0.036778 0.300929 -0.21235 0.036071 0.300933 -0.32435 -0.027717 0.300933 -0.32435 0.035717 0.300933 -0.27585 -0.027717 0.300933 -0.27585 0.035717 0.3025 -0.21335 0.038526 0.302975 -0.27585 0.038858 0.303 -0.21235 0.03766 0.303069 -0.27485 0.039853 0.30309 -0.27485 0.039853 0.30309 -0.21335 0.039851 0.303871 -0.27585 -0.043871 0.303871 -0.21235 -0.043871 0.304578 -0.27485 -0.044578 0.304578 -0.21335 -0.044578 0.304834 -0.32435 -0.021304 0.304834 -0.32435 0.029304 0.304834 -0.27585 -0.021304 0.304834 -0.27585 0.029304 0.305153 -0.21335 0.039625 0.305412 -0.21235 0.038659 0.306605 -0.27485 0.039911 0.306605 -0.21335 0.039911 0.306732 -0.27585 0.038919 0.307824 -0.32435 -0.014418 0.307824 -0.32435 0.022418 0.307824 -0.27585 -0.014418 0.307824 -0.27585 0.022418 0.308 -0.21335 0.04 0.308 -0.21235 0.039 0.308938 -0.27585 -0.0382 0.308938 -0.21235 -0.0382 0.309152 -0.27585 0.038933 0.309255 -0.21335 0.039835 0.309267 -0.27485 0.039927 0.30972 -0.27485 -0.038824 0.30972 -0.21335 -0.038824 0.30985 -0.32435 -0.00719 0.30985 -0.32435 0.01519 0.30985 -0.27585 -0.00719 0.30985 -0.27585 0.01519 0.310588 -0.21235 0.038659 0.310847 -0.21335 0.039625 0.310872 -0.32435 0.000247002 0.310872 -0.32435 0.007753 0.310872 -0.27585 0.000247002 0.310872 -0.27585 0.007753 0.311 -0.32435 0.004 0.311504 -0.27585 0.038366 0.311821 -0.21335 0.039222 0.311854 -0.27485 0.039303 0.313 -0.21235 0.03766 0.313337 -0.27585 -0.031997 0.313337 -0.21235 -0.031997 0.3135 -0.21335 0.038526 0.313651 -0.27585 0.03725 0.314168 -0.21335 0.038013 0.314184 -0.27485 -0.032529 0.314184 -0.21335 -0.032529 0.314216 -0.27485 0.038075 0.315071 -0.21235 0.036071 0.315467 -0.27585 0.035652 0.315778 -0.21335 0.036778 0.316163 -0.21335 0.036277 0.316214 -0.27485 0.036317 0.31666 -0.21235 0.034 0.316846 -0.27585 0.033663 0.317012 -0.27585 -0.02534 0.317012 -0.21235 -0.02534 0.317526 -0.21335 0.0345 0.317659 -0.21235 0.031588 0.317687 -0.21335 0.034112 0.317707 -0.27585 0.031402 0.317731 -0.27485 0.03413 0.31775 -0.27585 -0.023228 0.31775 -0.21235 -0.023228 0.317913 -0.27485 -0.025773 0.317913 -0.21335 -0.025773 0.318 -0.27585 -0.021006 0.318 -0.27585 0.0289999 0.318 -0.21235 -0.021006 0.318 -0.21235 0.0289999 0.318625 -0.21335 0.031847 0.318653 -0.21335 0.0316389 0.318678 -0.27485 0.031642 0.318725 -0.27485 -0.023451 0.318725 -0.21335 -0.023451 0.319 -0.27485 -0.021006 0.319 -0.27485 0.0289999 0.319 -0.21335 -0.021006 0.319 -0.21335 0.0289999 -0.319 -0.27485 -0.021006 -0.319 -0.27485 0.0289999 -0.319 -0.21335 -0.021006 -0.319 -0.21335 0.0289999 -0.318725 -0.27485 -0.023451 -0.318725 -0.21335 -0.023451 -0.318678 -0.27485 0.031642 -0.318653 -0.21335 0.0316389 -0.318625 -0.21335 0.031847 -0.318 -0.27585 -0.021006 -0.318 -0.27585 0.0289999 -0.318 -0.21235 -0.021006 -0.318 -0.21235 0.0289999 -0.317913 -0.27485 -0.025773 -0.317913 -0.21335 -0.025773 -0.31775 -0.27585 -0.023228 -0.31775 -0.21235 -0.023228 -0.317731 -0.27485 0.03413 -0.317707 -0.27585 0.031402 -0.317687 -0.21335 0.034112 -0.317659 -0.21235 0.031588 -0.317526 -0.21335 0.0345 -0.317012 -0.27585 -0.02534 -0.317012 -0.21235 -0.02534 -0.316846 -0.27585 0.033663 -0.31666 -0.21235 0.034 -0.316214 -0.27485 0.036317 -0.316163 -0.21335 0.036277 -0.315778 -0.21335 0.036778 -0.315467 -0.27585 0.035652 -0.315071 -0.21235 0.036071 -0.314216 -0.27485 0.038075 -0.314184 -0.27485 -0.032529 -0.314184 -0.21335 -0.032529 -0.314168 -0.21335 0.038013 -0.313651 -0.27585 0.03725 -0.3135 -0.21335 0.038526 -0.313337 -0.27585 -0.031997 -0.313337 -0.21235 -0.031997 -0.313 -0.21235 0.03766 -0.311854 -0.27485 0.039303 -0.311821 -0.21335 0.039222 -0.311504 -0.27585 0.038366 -0.310872 -0.32435 0.000247002 -0.310872 -0.32435 0.007753 -0.310872 -0.27585 0.000247002 -0.310872 -0.27585 0.007753 -0.310847 -0.21335 0.039625 -0.310588 -0.21235 0.038659 -0.30985 -0.32435 -0.00719 -0.30985 -0.32435 0.01519 -0.30985 -0.27585 -0.00719 -0.30985 -0.27585 0.01519 -0.30972 -0.27485 -0.038824 -0.30972 -0.21335 -0.038824 -0.309267 -0.27485 0.039927 -0.309255 -0.21335 0.039835 -0.309152 -0.27585 0.038933 -0.308938 -0.27585 -0.0382 -0.308938 -0.21235 -0.0382 -0.308 -0.21335 0.04 -0.308 -0.21235 0.039 -0.307824 -0.32435 -0.014418 -0.307824 -0.32435 0.022418 -0.307824 -0.27585 -0.014418 -0.307824 -0.27585 0.022418 -0.306732 -0.27585 0.038919 -0.306605 -0.27485 0.039911 -0.306605 -0.21335 0.039911 -0.305412 -0.21235 0.038659 -0.305153 -0.21335 0.039625 -0.304834 -0.32435 -0.021304 -0.304834 -0.32435 0.029304 -0.304834 -0.27585 -0.021304 -0.304834 -0.27585 0.029304 -0.304578 -0.27485 -0.044578 -0.304578 -0.21335 -0.044578 -0.303871 -0.27585 -0.043871 -0.303871 -0.21235 -0.043871 -0.30309 -0.21335 0.039851 -0.30309 -0.27485 0.039853 -0.303069 -0.27485 0.039853 -0.303 -0.21235 0.03766 -0.302975 -0.27585 0.038858 -0.3025 -0.21335 0.038526 -0.300933 -0.32435 -0.027717 -0.300933 -0.32435 0.035717 -0.300933 -0.27585 -0.027717 -0.300933 -0.27585 0.035717 -0.300929 -0.21235 0.036071 -0.300222 -0.21335 0.036778 -0.299648 -0.27485 0.040565 -0.299647 -0.21335 0.04056 -0.299607 -0.27485 0.040573 -0.29934 -0.21235 0.034 -0.299296 -0.27585 0.039623 -0.298824 -0.27485 -0.04972 -0.298824 -0.21335 -0.04972 -0.298474 -0.21335 0.0345 -0.298341 -0.21235 0.031588 -0.2982 -0.27585 -0.0489379 -0.2982 -0.21235 -0.0489379 -0.298 -0.21235 -0.0281 -0.298 -0.21235 0.0289999 -0.297663 -0.21235 -0.030662 -0.297375 -0.21335 0.031847 -0.297154 -0.27585 0.040488 -0.297 -0.21335 -0.0281 -0.297 -0.21335 0.0289999 -0.296697 -0.21335 -0.030403 -0.296674 -0.21235 -0.03305 -0.296445 -0.27485 0.04201 -0.296442 -0.21335 0.042004 -0.296387 -0.27485 0.042036 -0.296196 -0.32435 -0.03354 -0.296196 -0.32435 0.04154 -0.296196 -0.27585 -0.03354 -0.296195 -0.275379 0.04154 -0.296132 -0.275348 0.041608 -0.295808 -0.21335 -0.0325499 -0.2951 -0.21235 -0.0350999 -0.294918 -0.274979 0.042864 -0.294393 -0.21335 -0.034393 -0.293629 -0.27485 0.044113 -0.293629 -0.21335 0.044113 -0.29305 -0.21235 -0.036674 -0.29255 -0.21335 -0.035808 -0.292529 -0.27485 -0.054184 -0.292529 -0.21335 -0.054184 -0.291997 -0.27585 -0.0533369 -0.291997 -0.21235 -0.0533369 -0.29071 -0.32435 -0.0386639 -0.29071 -0.32435 0.046664 -0.29071 -0.27585 -0.0386639 -0.29071 -0.21335 0.046664 -0.290662 -0.21235 -0.0376629 -0.290403 -0.21335 -0.0366969 -0.2881 -0.21335 -0.037 -0.2881 -0.21235 -0.038 -0.28725 -0.21335 0.004 -0.287229 -0.21335 0.005153 -0.287229 -0.20435 0.005153 -0.286909 -0.21335 -0.000604998 -0.286909 -0.20435 -0.000604998 -0.286485 -0.21335 0.010872 -0.286485 -0.20435 0.010872 -0.286 -0.32935 0.004 -0.286 -0.32435 0.004 -0.285872 -0.32935 0.001232 -0.285872 -0.32935 0.0067679 -0.285773 -0.27485 -0.057913 -0.285773 -0.21335 -0.057913 -0.285536 -0.21335 -0.006206 -0.285536 -0.20435 -0.006206 -0.285489 -0.32435 -0.001512 -0.285489 -0.32435 0.009512 -0.285363 -0.32935 -0.001489 -0.285363 -0.32935 0.009489 -0.28534 -0.27585 -0.057012 -0.28534 -0.21235 -0.057012 -0.285297 -0.33035 0.001285 -0.285297 -0.33035 0.006715 -0.284855 -0.32935 -0.00421 -0.284855 -0.32935 0.01221 -0.284703 -0.21335 0.016356 -0.284703 -0.20435 0.016356 -0.284577 -0.32435 -0.042993 -0.284577 -0.32435 0.050993 -0.284577 -0.27585 -0.042993 -0.284577 -0.21335 0.050993 -0.284299 -0.33035 -0.004052 -0.284299 -0.33035 0.012052 -0.283974 -0.32435 -0.0068371 -0.283974 -0.32435 0.014837 -0.283855 -0.32935 -0.006791 -0.283855 -0.32935 0.014791 -0.283451 -0.27485 -0.058725 -0.283451 -0.21335 -0.058725 -0.283228 -0.27585 -0.05775 -0.283228 -0.21235 -0.05775 -0.283158 -0.21335 -0.011459 -0.283158 -0.20435 -0.011459 -0.282855 -0.32935 -0.009372 -0.282855 -0.32935 0.017372 -0.282338 -0.33035 -0.009115 -0.282338 -0.33035 0.017115 -0.281944 -0.21335 0.02142 -0.281944 -0.20435 0.02142 -0.281507 -0.32435 -0.0117931 -0.281507 -0.32435 0.019793 -0.281398 -0.32935 -0.0117261 -0.281398 -0.32935 0.0197259 -0.281006 -0.27585 -0.058 -0.281006 -0.27485 -0.059 -0.281006 -0.21335 -0.059 -0.281006 -0.21235 -0.058 -0.279941 -0.32935 -0.014079 -0.279941 -0.32935 0.022079 -0.279855 -0.21335 -0.016187 -0.279855 -0.20435 -0.016187 -0.27948 -0.33035 -0.013731 -0.27948 -0.33035 0.021731 -0.278302 -0.21335 0.025891 -0.278302 -0.20435 0.025891 -0.27817 -0.32435 -0.016211 -0.27817 -0.32435 0.024211 -0.278076 -0.32935 -0.0161251 -0.278076 -0.32935 0.0241249 -0.277912 -0.32435 -0.046447 -0.277912 -0.32435 0.054447 -0.277912 -0.27585 -0.046447 -0.277912 -0.21335 0.054447 -0.276211 -0.32935 -0.01817 -0.276211 -0.32935 0.02617 -0.275822 -0.33035 -0.017744 -0.275822 -0.33035 0.025744 -0.27574 -0.21335 -0.020226 -0.27574 -0.20435 -0.020226 -0.274079 -0.32435 -0.019941 -0.274079 -0.32435 0.027941 -0.274002 -0.32935 -0.019838 -0.274002 -0.32935 0.027838 -0.273899 -0.21335 0.029616 -0.273899 -0.20435 0.029616 -0.271793 -0.32935 -0.0215071 -0.271793 -0.32935 0.029507 -0.271489 -0.33035 -0.021016 -0.271489 -0.33035 0.029016 -0.270952 -0.21335 -0.023441 -0.270952 -0.20435 -0.023441 -0.270839 -0.32435 -0.04896 -0.270839 -0.32435 0.0569599 -0.270839 -0.27585 -0.04896 -0.270839 -0.21335 0.0569599 -0.269372 -0.32435 -0.022855 -0.269372 -0.32435 0.030855 -0.269315 -0.32935 -0.02274 -0.269315 -0.32935 0.03074 -0.268888 -0.21335 0.032469 -0.268888 -0.20435 0.032469 -0.266837 -0.32935 -0.023974 -0.266837 -0.32935 0.031974 -0.266629 -0.33035 -0.023436 -0.266629 -0.33035 0.031436 -0.265655 -0.21335 -0.025721 -0.265655 -0.20435 -0.025721 -0.26421 -0.32435 -0.024855 -0.26421 -0.32435 0.032855 -0.264175 -0.32935 -0.024732 -0.264175 -0.32935 0.032732 -0.263489 -0.32435 -0.050488 -0.263489 -0.32435 0.058488 -0.263489 -0.27585 -0.050488 -0.263489 -0.21335 0.058488 -0.263437 -0.21335 0.034352 -0.263437 -0.20435 0.034352 -0.261512 -0.32935 -0.025489 -0.261512 -0.32935 0.033489 -0.261406 -0.33035 -0.024922 -0.261406 -0.33035 0.032922 -0.26003 -0.21335 -0.026989 -0.26003 -0.20435 -0.026989 -0.258768 -0.32435 -0.025872 -0.258768 -0.32435 0.033872 -0.258756 -0.32935 -0.025745 -0.258756 -0.32935 0.033745 -0.257733 -0.21335 0.035202 -0.257733 -0.20435 0.035202 -0.256 -0.33035 -0.025423 -0.256 -0.33035 0.033423 -0.256 -0.32935 -0.026 -0.256 -0.32935 0.034 -0.256 -0.32435 -0.051 -0.256 -0.32435 0.059 -0.256 -0.27585 -0.051 -0.256 -0.21335 0.059 -0.256 -0.20435 0.004 -0.256 -0.20435 0.03525 -0.254267 -0.21335 -0.027202 -0.254267 -0.20435 -0.027202 -0.253244 -0.32935 -0.025745 -0.253244 -0.32935 0.033745 -0.253232 -0.32435 -0.025872 -0.253232 -0.32435 0.033872 -0.25197 -0.21335 0.034989 -0.25197 -0.20435 0.034989 -0.250594 -0.33035 -0.024922 -0.250594 -0.33035 0.032922 -0.250488 -0.32935 -0.025489 -0.250488 -0.32935 0.033489 -0.248563 -0.21335 -0.026352 -0.248563 -0.20435 -0.026352 -0.248511 -0.32435 -0.050488 -0.248511 -0.32435 0.058488 -0.248511 -0.27585 -0.050488 -0.248511 -0.21335 0.058488 -0.247825 -0.32935 -0.024732 -0.247825 -0.32935 0.032732 -0.24779 -0.32435 -0.024855 -0.24779 -0.32435 0.032855 -0.246345 -0.21335 0.033721 -0.246345 -0.20435 0.033721 -0.245371 -0.33035 -0.023436 -0.245371 -0.33035 0.031436 -0.245163 -0.32935 -0.023974 -0.245163 -0.32935 0.031974 -0.243112 -0.21335 -0.024469 -0.243112 -0.20435 -0.024469 -0.242685 -0.32935 -0.02274 -0.242685 -0.32935 0.03074 -0.242628 -0.32435 -0.022855 -0.242628 -0.32435 0.030855 -0.241161 -0.32435 -0.04896 -0.241161 -0.32435 0.0569599 -0.241161 -0.27585 -0.04896 -0.241161 -0.21335 0.0569599 -0.241048 -0.21335 0.031441 -0.241048 -0.20435 0.031441 -0.240511 -0.33035 -0.021016 -0.240511 -0.33035 0.029016 -0.240207 -0.32935 -0.0215071 -0.240207 -0.32935 0.029507 -0.238101 -0.21335 -0.021616 -0.238101 -0.20435 -0.021616 -0.237998 -0.32935 -0.019838 -0.237998 -0.32935 0.027838 -0.237921 -0.32435 -0.019941 -0.237921 -0.32435 0.027941 -0.23626 -0.21335 0.028226 -0.23626 -0.20435 0.028226 -0.236178 -0.33035 -0.017744 -0.236178 -0.33035 0.025744 -0.235789 -0.32935 -0.01817 -0.235789 -0.32935 0.02617 -0.234088 -0.32435 -0.046447 -0.234088 -0.32435 0.054447 -0.234088 -0.27585 -0.046447 -0.234088 -0.21335 0.054447 -0.233924 -0.32935 -0.0161251 -0.233924 -0.32935 0.0241249 -0.23383 -0.32435 -0.016211 -0.23383 -0.32435 0.024211 -0.233698 -0.21335 -0.017891 -0.233698 -0.20435 -0.017891 -0.23252 -0.33035 -0.013731 -0.23252 -0.33035 0.021731 -0.232145 -0.21335 0.024187 -0.232145 -0.20435 0.024187 -0.232059 -0.32935 -0.014079 -0.232059 -0.32935 0.022079 -0.230994 -0.27585 -0.058 -0.230994 -0.27485 -0.059 -0.230994 -0.21335 -0.059 -0.230994 -0.21235 -0.058 -0.230602 -0.32935 -0.0117261 -0.230602 -0.32935 0.0197259 -0.230493 -0.32435 -0.0117931 -0.230493 -0.32435 0.019793 -0.230056 -0.21335 -0.01342 -0.230056 -0.20435 -0.01342 -0.229662 -0.33035 -0.009115 -0.229662 -0.33035 0.017115 -0.229145 -0.32935 -0.009372 -0.229145 -0.32935 0.017372 -0.228842 -0.21335 0.019459 -0.228842 -0.20435 0.019459 -0.228772 -0.27585 -0.05775 -0.228772 -0.21235 -0.05775 -0.228549 -0.27485 -0.058725 -0.228549 -0.21335 -0.058725 -0.228145 -0.32935 -0.006791 -0.228145 -0.32935 0.014791 -0.228026 -0.32435 -0.0068371 -0.228026 -0.32435 0.014837 -0.227701 -0.33035 -0.004052 -0.227701 -0.33035 0.012052 -0.227423 -0.32435 -0.042993 -0.227423 -0.32435 0.050993 -0.227423 -0.27585 -0.042993 -0.227423 -0.21335 0.050993 -0.227297 -0.21335 -0.008356 -0.227297 -0.20435 -0.008356 -0.227145 -0.32935 -0.00421 -0.227145 -0.32935 0.01221 -0.226703 -0.33035 0.001285 -0.226703 -0.33035 0.006715 -0.22666 -0.27585 -0.057012 -0.22666 -0.21235 -0.057012 -0.226637 -0.32935 -0.001489 -0.226637 -0.32935 0.009489 -0.226511 -0.32435 -0.001512 -0.226511 -0.32435 0.009512 -0.226464 -0.21335 0.014206 -0.226464 -0.20435 0.014206 -0.226227 -0.27485 -0.057913 -0.226227 -0.21335 -0.057913 -0.226128 -0.32935 0.001232 -0.226128 -0.32935 0.0067679 -0.226 -0.32935 0.004 -0.226 -0.32435 0.004 -0.225515 -0.21335 -0.002872 -0.225515 -0.20435 -0.002872 -0.225091 -0.21335 0.008605 -0.225091 -0.20435 0.008605 -0.224771 -0.21335 0.002847 -0.224771 -0.20435 0.002847 -0.2239 -0.21335 -0.037 -0.2239 -0.21235 -0.038 -0.221597 -0.21335 -0.0366969 -0.221338 -0.21235 -0.0376629 -0.22129 -0.32435 -0.0386639 -0.22129 -0.32435 0.046664 -0.22129 -0.27585 -0.0386639 -0.22129 -0.21335 0.046664 -0.220003 -0.27585 -0.0533369 -0.220003 -0.21235 -0.0533369 -0.219471 -0.27485 -0.054184 -0.219471 -0.21335 -0.054184 -0.21945 -0.21335 -0.035808 -0.21895 -0.21235 -0.036674 -0.218371 -0.27485 0.044113 -0.218371 -0.21335 0.044113 -0.217607 -0.21335 -0.034393 -0.217082 -0.274979 0.042864 -0.2169 -0.21235 -0.0350999 -0.216192 -0.21335 -0.0325499 -0.215868 -0.275348 0.041608 -0.215805 -0.275379 0.04154 -0.215804 -0.32435 -0.03354 -0.215804 -0.32435 0.04154 -0.215804 -0.27585 -0.03354 -0.215613 -0.27485 0.042036 -0.215558 -0.21335 0.042004 -0.215555 -0.27485 0.04201 -0.215326 -0.21235 -0.03305 -0.215303 -0.21335 -0.030403 -0.215 -0.21335 -0.0281 -0.215 -0.21335 0.0289999 -0.214846 -0.27585 0.040488 -0.214625 -0.21335 0.031847 -0.214337 -0.21235 -0.030662 -0.214 -0.21235 -0.0281 -0.214 -0.21235 0.0289999 -0.2138 -0.27585 -0.0489379 -0.2138 -0.21235 -0.0489379 -0.213659 -0.21235 0.031588 -0.213526 -0.21335 0.0345 -0.213176 -0.27485 -0.04972 -0.213176 -0.21335 -0.04972 -0.212704 -0.27585 0.039623 -0.21266 -0.21235 0.034 -0.212393 -0.27485 0.040573 -0.212353 -0.21335 0.04056 -0.212352 -0.27485 0.040565 -0.211778 -0.21335 0.036778 -0.211071 -0.21235 0.036071 -0.211067 -0.32435 -0.027717 -0.211067 -0.32435 0.035717 -0.211067 -0.27585 -0.027717 -0.211067 -0.27585 0.035717 -0.2095 -0.21335 0.038526 -0.209025 -0.27585 0.038858 -0.209 -0.21235 0.03766 -0.208931 -0.27485 0.039853 -0.20891 -0.27485 0.039853 -0.20891 -0.21335 0.039851 -0.208129 -0.27585 -0.043871 -0.208129 -0.21235 -0.043871 -0.207422 -0.27485 -0.044578 -0.207422 -0.21335 -0.044578 -0.207166 -0.32435 -0.021304 -0.207166 -0.32435 0.029304 -0.207166 -0.27585 -0.021304 -0.207166 -0.27585 0.029304 -0.206847 -0.21335 0.039625 -0.206588 -0.21235 0.038659 -0.205395 -0.27485 0.039911 -0.205395 -0.21335 0.039911 -0.205268 -0.27585 0.038919 -0.204176 -0.32435 -0.014418 -0.204176 -0.32435 0.022418 -0.204176 -0.27585 -0.014418 -0.204176 -0.27585 0.022418 -0.204 -0.21335 0.04 -0.204 -0.21235 0.039 -0.203062 -0.27585 -0.0382 -0.203062 -0.21235 -0.0382 -0.202848 -0.27585 0.038933 -0.202745 -0.21335 0.039835 -0.202733 -0.27485 0.039927 -0.20228 -0.27485 -0.038824 -0.20228 -0.21335 -0.038824 -0.20215 -0.32435 -0.00719 -0.20215 -0.32435 0.01519 -0.20215 -0.27585 -0.00719 -0.20215 -0.27585 0.01519 -0.201412 -0.21235 0.038659 -0.201153 -0.21335 0.039625 -0.201128 -0.32435 0.000247002 -0.201128 -0.32435 0.007753 -0.201128 -0.27585 0.000247002 -0.201128 -0.27585 0.007753 -0.201 -0.32435 0.004 -0.200496 -0.27585 0.038366 -0.200179 -0.21335 0.039222 -0.200146 -0.27485 0.039303 -0.199 -0.21235 0.03766 -0.198663 -0.27585 -0.031997 -0.198663 -0.21235 -0.031997 -0.1985 -0.21335 0.038526 -0.198349 -0.27585 0.03725 -0.197832 -0.21335 0.038013 -0.197816 -0.27485 -0.032529 -0.197816 -0.21335 -0.032529 -0.197784 -0.27485 0.038075 -0.196929 -0.21235 0.036071 -0.196533 -0.27585 0.035652 -0.196222 -0.21335 0.036778 -0.195837 -0.21335 0.036277 -0.195786 -0.27485 0.036317 -0.19534 -0.21235 0.034 -0.195154 -0.27585 0.033663 -0.194988 -0.27585 -0.02534 -0.194988 -0.21235 -0.02534 -0.194474 -0.21335 0.0345 -0.194341 -0.21235 0.031588 -0.194313 -0.21335 0.034112 -0.194293 -0.27585 0.031402 -0.194269 -0.27485 0.03413 -0.19425 -0.27585 -0.023228 -0.19425 -0.21235 -0.023228 -0.194087 -0.27485 -0.025773 -0.194087 -0.21335 -0.025773 -0.194 -0.27585 -0.021006 -0.194 -0.27585 0.0289999 -0.194 -0.21235 -0.021006 -0.194 -0.21235 0.0289999 -0.193375 -0.21335 0.031847 -0.193347 -0.21335 0.0316389 -0.193322 -0.27485 0.031642 -0.193275 -0.27485 -0.023451 -0.193275 -0.21335 -0.023451 -0.193 -0.27485 -0.021006 -0.193 -0.27485 0.0289999 -0.193 -0.21335 -0.021006 -0.193 -0.21335 0.0289999 -0.29192 0.202825 -0.049326 -0.29192 0.202825 -0.046674 -0.29192 0.21235 -0.049326 -0.29192 0.21235 -0.046674 -0.291285 0.202825 -0.051901 -0.291285 0.202825 -0.044099 -0.291285 0.21235 -0.051901 -0.291285 0.21235 -0.044099 -0.290053 0.202825 -0.054249 -0.290053 0.202825 -0.041751 -0.290053 0.21235 -0.054249 -0.290053 0.21235 -0.041751 -0.288294 0.202825 -0.056234 -0.288294 0.202825 -0.039766 -0.288294 0.21235 -0.056234 -0.288294 0.21235 -0.039766 -0.286112 0.202825 -0.05774 -0.286112 0.202825 -0.0382599 -0.286112 0.21235 -0.05774 -0.286112 0.21235 -0.0382599 -0.283632 0.202825 -0.05868 -0.283632 0.202825 -0.03732 -0.283632 0.21235 -0.05868 -0.283632 0.21235 -0.03732 -0.281 0.202825 -0.059 -0.281 0.202825 -0.037 -0.281 0.21235 -0.059 -0.281 0.21235 -0.037 -0.2239 0.202825 -0.037 -0.2239 0.21235 -0.037 -0.221597 0.202825 -0.0366969 -0.221597 0.21235 -0.0366969 -0.21945 0.202825 -0.035808 -0.21945 0.21235 -0.035808 -0.217607 0.202825 -0.034393 -0.217607 0.21235 -0.034393 -0.216192 0.202825 -0.0325499 -0.216192 0.21235 -0.0325499 -0.215303 0.202825 -0.030403 -0.215303 0.21235 -0.030403 -0.215 0.202825 -0.0281 -0.215 0.202825 0.0289999 -0.215 0.21235 -0.0281 -0.215 0.21235 0.0289999 -0.214625 0.202825 0.031847 -0.214625 0.21235 0.031847 -0.213526 0.202825 0.0345 -0.213526 0.21235 0.0345 -0.211778 0.202825 0.036778 -0.211778 0.21235 0.036778 -0.2095 0.202825 0.038526 -0.2095 0.21235 0.038526 -0.206847 0.202825 0.039625 -0.206847 0.21235 0.039625 -0.204 0.202825 0.04 -0.204 0.21235 0.04 -0.16 0.202825 -0.059 -0.16 0.21235 -0.059 -0.0325 0.202825 -0.025 -0.0325 0.21235 -0.025 0.0325 0.202825 -0.025 0.0325 0.21235 -0.025 0.16 0.202825 -0.059 0.16 0.21235 -0.059 0.204 0.202825 0.04 0.204 0.21235 0.04 0.206847 0.202825 0.039625 0.206847 0.21235 0.039625 0.2095 0.202825 0.038526 0.2095 0.21235 0.038526 0.211778 0.202825 0.036778 0.211778 0.21235 0.036778 0.213526 0.202825 0.0345 0.213526 0.21235 0.0345 0.214625 0.202825 0.031847 0.214625 0.21235 0.031847 0.215 0.202825 -0.0281 0.215 0.202825 0.0289999 0.215 0.21235 -0.0281 0.215 0.21235 0.0289999 0.215303 0.202825 -0.030403 0.215303 0.21235 -0.030403 0.216192 0.202825 -0.0325499 0.216192 0.21235 -0.0325499 0.217607 0.202825 -0.034393 0.217607 0.21235 -0.034393 0.21945 0.202825 -0.035808 0.21945 0.21235 -0.035808 0.221597 0.202825 -0.0366969 0.221597 0.21235 -0.0366969 0.2239 0.202825 -0.037 0.2239 0.21235 -0.037 0.281 0.202825 -0.059 0.281 0.202825 -0.037 0.281 0.21235 -0.059 0.281 0.21235 -0.037 0.283632 0.202825 -0.05868 0.283632 0.202825 -0.03732 0.283632 0.21235 -0.05868 0.283632 0.21235 -0.03732 0.286112 0.202825 -0.05774 0.286112 0.202825 -0.0382599 0.286112 0.21235 -0.05774 0.286112 0.21235 -0.0382599 0.288294 0.202825 -0.056234 0.288294 0.202825 -0.039766 0.288294 0.21235 -0.056234 0.288294 0.21235 -0.039766 0.290053 0.202825 -0.054249 0.290053 0.202825 -0.041751 0.290053 0.21235 -0.054249 0.290053 0.21235 -0.041751 0.291285 0.202825 -0.051901 0.291285 0.202825 -0.044099 0.291285 0.21235 -0.051901 0.291285 0.21235 -0.044099 0.29192 0.202825 -0.049326 0.29192 0.202825 -0.046674 0.29192 0.21235 -0.049326 0.29192 0.21235 -0.046674 -0.0325 0.192 -0.03013 -0.0325 0.192 0.03587 -0.0325 0.202825 -0.03013 -0.0325 0.202825 0.03587 0.0325 0.192 -0.03013 0.0325 0.192 0.03587 0.0325 0.202825 -0.03013 0.0325 0.202825 0.03587 -0.29192 -0.21235 -0.049326 -0.29192 -0.21235 -0.046674 -0.29192 -0.202825 -0.049326 -0.29192 -0.202825 -0.046674 -0.291285 -0.21235 -0.051901 -0.291285 -0.21235 -0.044099 -0.291285 -0.202825 -0.051901 -0.291285 -0.202825 -0.044099 -0.290053 -0.21235 -0.054249 -0.290053 -0.21235 -0.041751 -0.290053 -0.202825 -0.054249 -0.290053 -0.202825 -0.041751 -0.288294 -0.21235 -0.056234 -0.288294 -0.21235 -0.039766 -0.288294 -0.202825 -0.056234 -0.288294 -0.202825 -0.039766 -0.286112 -0.21235 -0.05774 -0.286112 -0.21235 -0.0382599 -0.286112 -0.202825 -0.05774 -0.286112 -0.202825 -0.0382599 -0.283632 -0.21235 -0.05868 -0.283632 -0.21235 -0.03732 -0.283632 -0.202825 -0.05868 -0.283632 -0.202825 -0.03732 -0.281 -0.21235 -0.059 -0.281 -0.21235 -0.037 -0.281 -0.202825 -0.059 -0.281 -0.202825 -0.037 -0.2239 -0.21235 -0.037 -0.2239 -0.202825 -0.037 -0.221597 -0.21235 -0.0366969 -0.221597 -0.202825 -0.0366969 -0.21945 -0.21235 -0.035808 -0.21945 -0.202825 -0.035808 -0.217607 -0.21235 -0.034393 -0.217607 -0.202825 -0.034393 -0.216192 -0.21235 -0.0325499 -0.216192 -0.202825 -0.0325499 -0.215303 -0.21235 -0.030403 -0.215303 -0.202825 -0.030403 -0.215 -0.21235 -0.0281 -0.215 -0.21235 0.0289999 -0.215 -0.202825 -0.0281 -0.215 -0.202825 0.0289999 -0.214625 -0.21235 0.031847 -0.214625 -0.202825 0.031847 -0.213526 -0.21235 0.0345 -0.213526 -0.202825 0.0345 -0.211778 -0.21235 0.036778 -0.211778 -0.202825 0.036778 -0.2095 -0.21235 0.038526 -0.2095 -0.202825 0.038526 -0.206847 -0.21235 0.039625 -0.206847 -0.202825 0.039625 -0.204 -0.21235 0.04 -0.204 -0.202825 0.04 -0.16 -0.21235 -0.059 -0.16 -0.202825 -0.059 -0.0325 -0.21235 -0.025 -0.0325 -0.202825 -0.025 0.0325 -0.21235 -0.025 0.0325 -0.202825 -0.025 0.16 -0.21235 -0.059 0.16 -0.202825 -0.059 0.204 -0.21235 0.04 0.204 -0.202825 0.04 0.206847 -0.21235 0.039625 0.206847 -0.202825 0.039625 0.2095 -0.21235 0.038526 0.2095 -0.202825 0.038526 0.211778 -0.21235 0.036778 0.211778 -0.202825 0.036778 0.213526 -0.21235 0.0345 0.213526 -0.202825 0.0345 0.214625 -0.21235 0.031847 0.214625 -0.202825 0.031847 0.215 -0.21235 -0.0281 0.215 -0.21235 0.0289999 0.215 -0.202825 -0.0281 0.215 -0.202825 0.0289999 0.215303 -0.21235 -0.030403 0.215303 -0.202825 -0.030403 0.216192 -0.21235 -0.0325499 0.216192 -0.202825 -0.0325499 0.217607 -0.21235 -0.034393 0.217607 -0.202825 -0.034393 0.21945 -0.21235 -0.035808 0.21945 -0.202825 -0.035808 0.221597 -0.21235 -0.0366969 0.221597 -0.202825 -0.0366969 0.2239 -0.21235 -0.037 0.2239 -0.202825 -0.037 0.281 -0.21235 -0.059 0.281 -0.21235 -0.037 0.281 -0.202825 -0.059 0.281 -0.202825 -0.037 0.283632 -0.21235 -0.05868 0.283632 -0.21235 -0.03732 0.283632 -0.202825 -0.05868 0.283632 -0.202825 -0.03732 0.286112 -0.21235 -0.05774 0.286112 -0.21235 -0.0382599 0.286112 -0.202825 -0.05774 0.286112 -0.202825 -0.0382599 0.288294 -0.21235 -0.056234 0.288294 -0.21235 -0.039766 0.288294 -0.202825 -0.056234 0.288294 -0.202825 -0.039766 0.290053 -0.21235 -0.054249 0.290053 -0.21235 -0.041751 0.290053 -0.202825 -0.054249 0.290053 -0.202825 -0.041751 0.291285 -0.21235 -0.051901 0.291285 -0.21235 -0.044099 0.291285 -0.202825 -0.051901 0.291285 -0.202825 -0.044099 0.29192 -0.21235 -0.049326 0.29192 -0.21235 -0.046674 0.29192 -0.202825 -0.049326 0.29192 -0.202825 -0.046674 -0.0325 -0.202825 -0.03013 -0.0325 -0.202825 0.03587 -0.0325 -0.192 -0.03013 -0.0325 -0.192 0.03587 0.0325 -0.202825 -0.03013 0.0325 -0.202825 0.03587 0.0325 -0.192 -0.03013 0.0325 -0.192 0.03587</float_array>
                    <technique_common>
                        <accessor count="2440" source="#shape0-lib-positions-array" stride="3">
                            <param name="X" type="float"/>
                            <param name="Y" type="float"/>
                            <param name="Z" type="float"/>
                        </accessor>
                    </technique_common>
                </source>
                <source id="shape0-lib-normals" name="normal">
                    <float_array id="shape0-lib-normals-array" count="744">0 0 -1 0 0 -1 0 -1 0 0 -1 0 0 -1 0 0 -1 0 0 -1 0 0 -1 0 0 -1 0 0 -1 0 0 -1 0 0 -1 0 0 -1 0 0 -1 0 0 -1 0 0 -1 0 0 -1 0 0 -1 0 0 -1 0 0 -1 0 0 -1 0 0 -1 0 0 -1 0 0 -1 0 0 -1 0 0 -1 0 0 -1 0 0 -1 0 0 -1 0 0 -1 0 0 -1 0 0 -1 0 0 -1 0 0 -1 0 0 -1 0 0 -1 0 0 -1 0 0 -1 0 0 -1 0 0 -1 0 0 -1 0 0 -1 0 0 -1 0 0 -1 0 0 -1 0 0 -1 0 0 -1 0 0 -1 0 0 -1 0 0 -1 0 0 -1 0 0 -1 0 0 -1 0 0 -1 0 0 -1 0 0 -1 0 0 -1 0 0 -1 0 0 -1 0 0 -1 0 0 1 0 0 1 0 0 1 0 0 1 0 0 1 0 0 1 0 0 1 0 0 1 0 0 1 0 0 1 0 0 1 0 0 1 0 0 1 0 0 1 0 0 1 0 0 1 0 0 1 0 0 1 0 0 1 0 0 1 0 0 1 0 0 1 0 0 1 0 0 1 0 0 1 0 0 1 0 0 1 0 0 1 0 0 1 0 0 1 0 0 1 0 0 1 0 0 1 0 0 1 0 0 1 0 0 1 0 0 1 0 0 1 0 0 1 0 0 1 0 0 1 0 0 1 0 0 1 0 0 1 0 0 1 0 0 1 0 0 1 0 0 1 0 0 1 0 0 1 0 0 1 0 0 1 0 0 1 0 0 1 0 0 1 0 0 1 0 0 1 0 0 1 0 0 0 1 0 0 1 -0.991455 0 0.130446 -0.991455 0 0.130446 -0.923924 0 0.382576 -0.923924 0 0.382576 -0.793189 0 0.608976 -0.793189 0 0.608976 -0.60899 0 0.793178 -0.60899 0 0.793178 -0.382544 0 0.923937 -0.382544 0 0.923937 -0.130456 0 0.991454 -0.130456 0 0.991454 -1 0 0 -1 0 0 -0.130588 0 0.991437 -0.130588 0 0.991437 -0.382712 0 0.923868 -0.382712 0 0.923868 -0.608767 0 0.793349 -0.608767 0 0.793349 -0.793349 0 0.608767 -0.793349 0 0.608767 -0.923868 0 0.382712 -0.923868 0 0.382712 -0.991437 0 0.130586 -0.991437 0 0.130586 0 0 1 0 0 1 -0.120698 0 0.992689 -0.120698 0 0.992689 -0.354414 0 0.935089 -0.354414 0 0.935089 -0.568044 0 0.822998 -0.568044 0 0.822998 -0.748427 0 0.663217 -0.748427 0 0.663217 -0.885507 0 0.464626 -0.885507 0 0.464626 -0.970914 0 0.239429 -0.970914 0 0.239429 -1 0 0 -1 0 0 -0.970914 0 -0.239428 -0.970914 0 -0.239428 -0.885507 0 -0.464626 -0.885507 0 -0.464626 -0.748423 0 -0.663221 -0.748423 0 -0.663221 -0.568037 0 -0.823003 -0.568037 0 -0.823003 -0.354427 0 -0.935084 -0.354427 0 -0.935084 -0.12069 0 -0.99269 -0.12069 0 -0.99269 0 0 -1 0 0 -1 0.257663 0 -0.966235 0.257663 0 -0.966235 0 0 -1 0 0 -1 0 0 1 0 0 1 0.130456 0 0.991454 0.130456 0 0.991454 0.382544 0 0.923937 0.382544 0 0.923937 0.60899 0 0.793178 0.60899 0 0.793178 0.793189 0 0.608976 0.793189 0 0.608976 0.923924 0 0.382576 0.923924 0 0.382576 0.991455 0 0.130446 0.991455 0 0.130446 1 0 0 1 0 0 0.991437 0 0.130586 0.991437 0 0.130586 0.923868 0 0.382712 0.923868 0 0.382712 0.793349 0 0.608767 0.793349 0 0.608767 0.608767 0 0.793349 0.608767 0 0.793349 0.382712 0 0.923868 0.382712 0 0.923868 0.130588 0 0.991437 0.130588 0 0.991437 0.12069 0 -0.99269 0.12069 0 -0.99269 0.354427 0 -0.935084 0.354427 0 -0.935084 0.568037 0 -0.823003 0.568037 0 -0.823003 0.748423 0 -0.663221 0.748423 0 -0.663221 0.885507 0 -0.464626 0.885507 0 -0.464626 0.970914 0 -0.239428 0.970914 0 -0.239428 1 0 0 1 0 0 0.970914 0 0.239429 0.970914 0 0.239429 0.885507 0 0.464626 0.885507 0 0.464626 0.748427 0 0.663217 0.748427 0 0.663217 0.568044 0 0.822998 0.568044 0 0.822998 0.354414 0 0.935089 0.354414 0 0.935089 0.120698 0 0.992689 0.120698 0 0.992689 -0.257663 0 -0.966235 -0.257663 0 -0.966235 -1 0 0 -1 0 0 0 0 1 0 0 1 1 0 0 1 0 0 0 0 -1 0 0 -1 0 1 0 0 1 0 0 -1 0 0 -1 0</float_array>
                    <technique_common>
                        <accessor count="248" source="#shape0-lib-normals-array" stride="3">
                            <param name="X" type="float"/>
                            <param name="Y" type="float"/>
                            <param name="Z" type="float"/>
                        </accessor>
                    </technique_common>
                </source>
                <source id="shape0-lib-vcolor" name="vcolor">
                    <float_array id="shape0-lib-vcolor-array" count="9760">1 1 1 1 1 1 1 1 1 1 1 1 1 1 1 1 1 1 1 1 1 1 1 1 1 1 1 1 1 1 1 1 1 1 1 1 1 1 1 1 1 1 1 1 1 1 1 1 1 1 1 1 1 1 1 1 1 1 1 1 1 1 1 1 1 1 1 1 1 1 1 1 1 1 1 1 1 1 1 1 1 1 1 1 1 1 1 1 1 1 1 1 1 1 1 1 1 1 1 1 1 1 1 1 1 1 1 1 1 1 1 1 1 1 1 1 1 1 1 1 1 1 1 1 1 1 1 1 1 1 1 1 1 1 1 1 1 1 1 1 1 1 1 1 1 1 1 1 1 1 1 1 1 1 1 1 1 1 1 1 1 1 1 1 1 1 1 1 1 1 1 1 1 1 1 1 1 1 1 1 1 1 1 1 1 1 1 1 1 1 1 1 1 1 1 1 1 1 1 1 1 1 1 1 1 1 1 1 1 1 1 1 1 1 1 1 1 1 1 1 1 1 1 1 1 1 1 1 1 1 1 1 1 1 1 1 1 1 1 1 1 1 1 1 1 1 1 1 1 1 1 1 1 1 1 1 1 1 1 1 1 1 1 1 1 1 1 1 1 1 1 1 1 1 1 1 1 1 1 1 1 1 1 1 1 1 1 1 1 1 1 1 1 1 1 1 1 1 1 1 1 1 1 1 1 1 1 1 1 1 1 1 1 1 1 1 1 1 1 1 1 1 1 1 1 1 1 1 1 1 1 1 1 1 1 1 1 1 1 1 1 1 1 1 1 1 1 1 1 1 1 1 1 1 1 1 1 1 1 1 1 1 1 1 1 1 1 1 1 1 1 1 1 1 1 1 1 1 1 1 1 1 1 1 1 1 1 1 1 1 1 1 1 1 1 1 1 1 1 1 1 1 1 1 1 1 1 1 1 1 1 1 1 1 1 1 1 1 1 1 1 1 1 1 1 1 1 1 1 1 1 1 1 1 1 1 1 1 1 1 1 1 1 1 1 1 1 1 1 1 1 1 1 1 1 1 1 1 1 1 1 1 1 1 1 1 1 1 1 1 1 1 1 1 1 1 1 1 1 1 1 1 1 1 1 1 1 1 1 1 1 1 1 1 1 1 1 1 1 1 1 1 1 1 1 1 1 1 1 1 1 1 1 1 1 1 1 1 1 1 1 1 1 1 1 1 1 1 1 1 1 1 1 1 1 1 1 1 1 1 1 1 1 1 1 1 1 1 1 1 1 1 1 1 1 1 1 1 1 1 1 1 1 1 1 1 1 1 1 1 1 1 1 1 1 1 1 1 1 1 1 1 1 1 1 1 1 1 1 1 1 1 1 1 1 1 1 1 1 1 1 1 1 1 1 1 1 1 1 1 1 1 1 1 1 1 1 1 1 1 1 1 1 1 1 1 1 1 1 1 1 1 1 1 1 1 1 1 1 1 1 1 1 1 1 1 1 1 1 1 1 1 1 1 1 1 1 1 1 1 1 1 1 1 1 1 1 1 1 1 1 1 1 1 1 1 1 1 1 1 1 1 1 1 1 1 1 1 1 1 1 1 1 1 1 1 1 1 1 1 1 1 1 1 1 1 1 1 1 1 1 1 1 1 1 1 1 1 1 1 1 1 1 1 1 1 1 1 1 1 1 1 1 1 1 1 1 1 1 1 1 1 1 1 1 1 1 1 1 1 1 1 1 1 1 1 1 1 1 1 1 1 1 1 1 1 1 1 1 1 1 1 1 1 1 1 1 1 1 1 1 1 1 1 1 1 1 1 1 1 1 1 1 1 1 1 1 1 1 1 1 1 1 1 1 1 1 1 1 1 1 1 1 1 1 1 1 1 1 1 1 1 1 1 1 1 1 1 1 1 1 1 1 1 1 1 1 1 1 1 1 1 1 1 1 1 1 1 1 1 1 1 1 1 1 1 1 1 1 1 1 1 1 1 1 1 1 1 1 1 1 1 1 1 1 1 1 1 1 1 1 1 1 1 1 1 1 1 1 1 1 1 1 1 1 1 1 1 1 1 1 1 1 1 1 1 1 1 1 1 1 1 1 1 1 1 1 1 1 1 1 1 1 1 1 1 1 1 1 1 1 1 1 1 1 1 1 1 1 1 1 1 1 1 1 1 1 1 1 1 1 1 1 1 1 1 1 1 1 1 1 1 1 1 1 1 1 1 1 1 1 1 1 1 1 1 1 1 1 1 1 1 1 1 1 1 1 1 1 1 1 1 1 1 1 1 1 1 1 1 1 1 1 1 1 1 1 1 1 1 1 1 1 1 1 1 1 1 1 1 1 1 1 1 1 1 1 1 1 1 1 1 1 1 1 1 1 1 1 1 1 1 1 1 1 1 1 1 1 1 1 1 1 1 1 1 1 1 1 1 1 1 1 1 1 1 1 1 1 1 1 1 1 1 1 1 1 1 1 1 1 1 1 1 1 1 1 1 1 1 1 1 1 1 1 1 1 1 1 1 1 1 1 1 1 1 1 1 1 1 1 1 1 1 1 1 1 1 1 1 1 1 1 1 1 1 1 1 1 1 1 1 1 1 1 1 1 1 1 1 1 1 1 1 1 1 1 1 1 1 1 1 1 1 1 1 1 1 1 1 1 1 1 1 1 1 1 1 1 1 1 1 1 1 1 1 1 1 1 1 1 1 1 1 1 1 1 1 1 1 1 1 1 1 1 1 1 1 1 1 1 1 1 1 1 1 1 1 1 1 1 1 1 1 1 1 1 1 1 1 1 1 1 1 1 1 1 1 1 1 1 1 1 1 1 1 1 1 1 1 1 1 1 1 1 1 1 1 1 1 1 1 1 1 1 1 1 1 1 1 1 1 1 1 1 1 1 1 1 1 1 1 1 1 1 1 1 1 1 1 1 1 1 1 1 1 1 1 1 1 1 1 1 1 1 1 1 1 1 1 1 1 1 1 1 1 1 1 1 1 1 1 1 1 1 1 1 1 1 1 1 1 1 1 1 1 1 1 1 1 1 1 1 1 1 1 1 1 1 1 1 1 1 1 1 1 1 1 1 1 1 1 1 1 1 1 1 1 1 1 1 1 1 1 1 1 1 1 1 1 1 1 1 1 1 1 1 1 1 1 1 1 1 1 1 1 1 1 1 1 1 1 1 1 1 1 1 1 1 1 1 1 1 1 1 1 1 1 1 1 1 1 1 1 1 1 1 1 1 1 1 1 1 1 1 1 1 1 1 1 1 1 1 1 1 1 1 1 1 1 1 1 1 1 1 1 1 1 1 1 1 1 1 1 1 1 1 1 1 1 1 1 1 1 1 1 1 1 1 1 1 1 1 1 1 1 1 1 1 1 1 1 1 1 1 1 1 1 1 1 1 1 1 1 1 1 1 1 1 1 1 1 1 1 1 1 1 1 1 1 1 1 1 1 1 1 1 1 1 1 1 1 1 1 1 1 1 1 1 1 1 1 1 1 1 1 1 1 1 1 1 1 1 1 1 1 1 1 1 1 1 1 1 1 1 1 1 1 1 1 1 1 1 1 1 1 1 1 1 1 1 1 1 1 1 1 1 1 1 1 1 1 1 1 1 1 1 1 1 1 1 1 1 1 1 1 1 1 1 1 1 1 1 1 1 1 1 1 1 1 1 1 1 1 1 1 1 1 1 1 1 1 1 1 1 1 1 1 1 1 1 1 1 1 1 1 1 1 1 1 1 1 1 1 1 1 1 1 1 1 1 1 1 1 1 1 1 1 1 1 1 1 1 1 1 1 1 1 1 1 1 1 1 1 1 1 1 1 1 1 1 1 1 1 1 1 1 1 1 1 1 1 1 1 1 1 1 1 1 1 1 1 1 1 1 1 1 1 1 1 1 1 1 1 1 1 1 1 1 1 1 1 1 1 1 1 1 1 1 1 1 1 1 1 1 1 1 1 1 1 1 1 1 1 1 1 1 1 1 1 1 1 1 1 1 1 1 1 1 1 1 1 1 1 1 1 1 1 1 1 1 1 1 1 1 1 1 1 1 1 1 1 1 1 1 1 1 1 1 1 1 1 1 1 1 1 1 1 1 1 1 1 1 1 1 1 1 1 1 1 1 1 1 1 1 1 1 1 1 1 1 1 1 1 1 1 1 1 1 1 1 1 1 1 1 1 1 1 1 1 1 1 1 1 1 1 1 1 1 1 1 1 1 1 1 1 1 1 1 1 1 1 1 1 1 1 1 1 1 1 1 1 1 1 1 1 1 1 1 1 1 1 1 1 1 1 1 1 1 1 1 1 1 1 1 1 1 1 1 1 1 1 1 1 1 1 1 1 1 1 1 1 1 1 1 1 1 1 1 1 1 1 1 1 1 1 1 1 1 1 1 1 1 1 1 1 1 1 1 1 1 1 1 1 1 1 1 1 1 1 1 1 1 1 1 1 1 1 1 1 1 1 1 1 1 1 1 1 1 1 1 1 1 1 1 1 1 1 1 1 1 1 1 1 1 1 1 1 1 1 1 1 1 1 1 1 1 1 1 1 1 1 1 1 1 1 1 1 1 1 1 1 1 1 1 1 1 1 1 1 1 1 1 1 1 1 1 1 1 1 1 1 1 1 1 1 1 1 1 1 1 1 1 1 1 1 1 1 1 1 1 1 1 1 1 1 1 1 1 1 1 1 1 1 1 1 1 1 1 1 1 1 1 1 1 1 1 1 1 1 1 1 1 1 1 1 1 1 1 1 1 1 1 1 1 1 1 1 1 1 1 1 1 1 1 1 1 1 1 1 1 1 1 1 1 1 1 1 1 1 1 1 1 1 1 1 1 1 1 1 1 1 1 1 1 1 1 1 1 1 1 1 1 1 1 1 1 1 1 1 1 1 1 1 1 1 1 1 1 1 1 1 1 1 1 1 1 1 1 1 1 1 1 1 1 1 1 1 1 1 1 1 1 1 1 1 1 1 1 1 1 1 1 1 1 1 1 1 1 1 1 1 1 1 1 1 1 1 1 1 1 1 1 1 1 1 1 1 1 1 1 1 1 1 1 1 1 1 1 1 1 1 1 1 1 1 1 1 1 1 1 1 1 1 1 1 1 1 1 1 1 1 1 1 1 1 1 1 1 1 1 1 1 1 1 1 1 1 1 1 1 1 1 1 1 1 1 1 1 1 1 1 1 1 1 1 1 1 1 1 1 1 1 1 1 1 1 1 1 1 1 1 1 1 1 1 1 1 1 1 1 1 1 1 1 1 1 1 1 1 1 1 1 1 1 1 1 1 1 1 1 1 1 1 1 1 1 1 1 1 1 1 1 1 1 1 1 1 1 1 1 1 1 1 1 1 1 1 1 1 1 1 1 1 1 1 1 1 1 1 1 1 1 1 1 1 1 1 1 1 1 1 1 1 1 1 1 1 1 1 1 1 1 1 1 1 1 1 1 1 1 1 1 1 1 1 1 1 1 1 1 1 1 1 1 1 1 1 1 1 1 1 1 1 1 1 1 1 1 1 1 1 1 1 1 1 1 1 1 1 1 1 1 1 1 1 1 1 1 1 1 1 1 1 1 1 1 1 1 1 1 1 1 1 1 1 1 1 1 1 1 1 1 1 1 1 1 1 1 1 1 1 1 1 1 1 1 1 1 1 1 1 1 1 1 1 1 1 1 1 1 1 1 1 1 1 1 1 1 1 1 1 1 1 1 1 1 1 1 1 1 1 1 1 1 1 1 1 1 1 1 1 1 1 1 1 1 1 1 1 1 1 1 1 1 1 1 1 1 1 1 1 1 1 1 1 1 1 1 1 1 1 1 1 1 1 1 1 1 1 1 1 1 1 1 1 1 1 1 1 1 1 1 1 1 1 1 1 1 1 1 1 1 1 1 1 1 1 1 1 1 1 1 1 1 1 1 1 1 1 1 1 1 1 1 1 1 1 1 1 1 1 1 1 1 1 1 1 1 1 1 1 1 1 1 1 1 1 1 1 1 1 1 1 1 1 1 1 1 1 1 1 1 1 1 1 1 1 1 1 1 1 1 1 1 1 1 1 1 1 1 1 1 1 1 1 1 1 1 1 1 1 1 1 1 1 1 1 1 1 1 1 1 1 1 1 1 1 1 1 1 1 1 1 1 1 1 1 1 1 1 1 1 1 1 1 1 1 1 1 1 1 1 1 1 1 1 1 1 1 1 1 1 1 1 1 1 1 1 1 1 1 1 1 1 1 1 1 1 1 1 1 1 1 1 1 1 1 1 1 1 1 1 1 1 1 1 1 1 1 1 1 1 1 1 1 1 1 1 1 1 1 1 1 1 1 1 1 1 1 1 1 1 1 1 1 1 1 1 1 1 1 1 1 1 1 1 1 1 1 1 1 1 1 1 1 1 1 1 1 1 1 1 1 1 1 1 1 1 1 1 1 1 1 1 1 1 1 1 1 1 1 1 1 1 1 1 1 1 1 1 1 1 1 1 1 1 1 1 1 1 1 1 1 1 1 1 1 1 1 1 1 1 1 1 1 1 1 1 1 1 1 1 1 1 1 1 1 1 1 1 1 1 1 1 1 1 1 1 1 1 1 1 1 1 1 1 1 1 1 1 1 1 1 1 1 1 1 1 1 1 1 1 1 1 1 1 1 1 1 1 1 1 1 1 1 1 1 1 1 1 1 1 1 1 1 1 1 1 1 1 1 1 1 1 1 1 1 1 1 1 1 1 1 1 1 1 1 1 1 1 1 1 1 1 1 1 1 1 1 1 1 1 1 1 1 1 1 1 1 1 1 1 1 1 1 1 1 1 1 1 1 1 1 1 1 1 1 1 1 1 1 1 1 1 1 1 1 1 1 1 1 1 1 1 1 1 1 1 1 1 1 1 1 1 1 1 1 1 1 1 1 1 1 1 1 1 1 1 1 1 1 1 1 1 1 1 1 1 1 1 1 1 1 1 1 1 1 1 1 1 1 1 1 1 1 1 1 1 1 1 1 1 1 1 1 1 1 1 1 1 1 1 1 1 1 1 1 1 1 1 1 1 1 1 1 1 1 1 1 1 1 1 1 1 1 1 1 1 1 1 1 1 1 1 1 1 1 1 1 1 1 1 1 1 1 1 1 1 1 1 1 1 1 1 1 1 1 1 1 1 1 1 1 1 1 1 1 1 1 1 1 1 1 1 1 1 1 1 1 1 1 1 1 1 1 1 1 1 1 1 1 1 1 1 1 1 1 1 1 1 1 1 1 1 1 1 1 1 1 1 1 1 1 1 1 1 1 1 1 1 1 1 1 1 1 1 1 1 1 1 1 1 1 1 1 1 1 1 1 1 1 1 1 1 1 1 1 1 1 1 1 1 1 1 1 1 1 1 1 1 1 1 1 1 1 1 1 1 1 1 1 1 1 1 1 1 1 1 1 1 1 1 1 1 1 1 1 1 1 1 1 1 1 1 1 1 1 1 1 1 1 1 1 1 1 1 1 1 1 1 1 1 1 1 1 1 1 1 1 1 1 1 1 1 1 1 1 1 1 1 1 1 1 1 1 1 1 1 1 1 1 1 1 1 1 1 1 1 1 1 1 1 1 1 1 1 1 1 1 1 1 1 1 1 1 1 1 1 1 1 1 1 1 1 1 1 1 1 1 1 1 1 1 1 1 1 1 1 1 1 1 1 1 1 1 1 1 1 1 1 1 1 1 1 1 1 1 1 1 1 1 1 1 1 1 1 1 1 1 1 1 1 1 1 1 1 1 1 1 1 1 1 1 1 1 1 1 1 1 1 1 1 1 1 1 1 1 1 1 1 1 1 1 1 1 1 1 1 1 1 1 1 1 1 1 1 1 1 1 1 1 1 1 1 1 1 1 1 1 1 1 1 1 1 1 1 1 1 1 1 1 1 1 1 1 1 1 1 1 1 1 1 1 1 1 1 1 1 1 1 1 1 1 1 1 1 1 1 1 1 1 1 1 1 1 1 1 1 1 1 1 1 1 1 1 1 1 1 1 1 1 1 1 1 1 1 1 1 1 1 1 1 1 1 1 1 1 1 1 1 1 1 1 1 1 1 1 1 1 1 1 1 1 1 1 1 1 1 1 1 1 1 1 1 1 1 1 1 1 1 1 1 1 1 1 1 1 1 1 1 1 1 1 1 1 1 1 1 1 1 1 1 1 1 1 1 1 1 1 1 1 1 1 1 1 1 1 1 1 1 1 1 1 1 1 1 1 1 1 1 1 1 1 1 1 1 1 1 1 1 1 1 1 1 1 1 1 1 1 1 1 1 1 1 1 1 1 1 1 1 1 1 1 1 1 1 1 1 1 1 1 1 1 1 1 1 1 1 1 1 1 1 1 1 1 1 1 1 1 1 1 1 1 1 1 1 1 1 1 1 1 1 1 1 1 1 1 1 1 1 1 1 1 1 1 1 1 1 1 1 1 1 1 1 1 1 1 1 1 1 1 1 1 1 1 1 1 1 1 1 1 1 1 1 1 1 1 1 1 1 1 1 1 1 1 1 1 1 1 1 1 1 1 1 1 1 1 1 1 1 1 1 1 1 1 1 1 1 1 1 1 1 1 1 1 1 1 1 1 1 1 1 1 1 1 1 1 1 1 1 1 1 1 1 1 1 1 1 1 1 1 1 1 1 1 1 1 1 1 1 1 1 1 1 1 1 1 1 1 1 1 1 1 1 1 1 1 1 1 1 1 1 1 1 1 1 1 1 1 1 1 1 1 1 1 1 1 1 1 1 1 1 1 1 1 1 1 1 1 1 1 1 1 1 1 1 1 1 1 1 1 1 1 1 1 1 1 1 1 1 1 1 1 1 1 1 1 1 1 1 1 1 1 1 1 1 1 1 1 1 1 1 1 1 1 1 1 1 1 1 1 1 1 1 1 1 1 1 1 1 1 1 1 1 1 1 1 1 1 1 1 1 1 1 1 1 1 1 1 1 1 1 1 1 1 1 1 1 1 1 1 1 1 1 1 1 1 1 1 1 1 1 1 1 1 1 1 1 1 1 1 1 1 1 1 1 1 1 1 1 1 1 1 1 1 1 1 1 1 1 1 1 1 1 1 1 1 1 1 1 1 1 1 1 1 1 1 1 1 1 1 1 1 1 1 1 1 1 1 1 1 1 1 1 1 1 1 1 1 1 1 1 1 1 1 1 1 1 1 1 1 1 1 1 1 1 1 1 1 1 1 1 1 1 1 1 1 1 1 1 1 1 1 1 1 1 1 1 1 1 1 1 1 1 1 1 1 1 1 1 1 1 1 1 1 1 1 1 1 1 1 1 1 1 1 1 1 1 1 1 1 1 1 1 1 1 1 1 1 1 1 1 1 1 1 1 1 1 1 1 1 1 1 1 1 1 1 1 1 1 1 1 1 1 1 1 1 1 1 1 1 1 1 1 1 1 1 1 1 1 1 1 1 1 1 1 1 1 1 1 1 1 1 1 1 1 1 1 1 1 1 1 1 1 1 1 1 1 1 1 1 1 1 1 1 1 1 1 1 1 1 1 1 1 1 1 1 1 1 1 1 1 1 1 1 1 1 1 1 1 1 1 1 1 1 1 1 1 1 1 1 1 1 1 1 1 1 1 1 1 1 1 1 1 1 1 1 1 1 1 1 1 1 1 1 1 1 1 1 1 1 1 1 1 1 1 1 1 1 1 1 1 1 1 1 1 1 1 1 1 1 1 1 1 1 1 1 1 1 1 1 1 1 1 1 1 1 1 1 1 1 1 1 1 1 1 1 1 1 1 1 1 1 1 1 1 1 1 1 1 1 1 1 1 1 1 1 1 1 1 1 1 1 1 1 1 1 1 1 1 1 1 1 1 1 1 1 1 1 1 1 1 1 1 1 1 1 1 1 1 1 1 1 1 1 1 1 1 1 1 1 1 1 1 1 1 1 1 1 1 1 1 1 1 1 1 1 1 1 1 1 1 1 1 1 1 1 1 1 1 1 1 1 1 1 1 1 1 1 1 1 1 1 1 1 1 1 1 1 1 1 1 1 1 1 1 1 1 1 1 1 1 1 1 1 1 1 1 1 1 1 1 1 1 1 1 1 1 1 1 1 1 1 1 1 1 1 1 1 1 1 1 1 1 1 1 1 1 1 1 1 1 1 1 1 1 1 1 1 1 1 1 1 1 1 1 1 1 1 1 1 1 1 1 1 1 1 1 1 1 1 1 1 1 1 1 1 1 1 1 1 1 1 1 1 1 1 1 1 1 1 1 1 1 1 1 1 1 1 1 1 1 1 1 1 1 1 1 1 1 1 1 1 1 1 1 1 1 1 1 1 1 1 1 1 1 1 1 1 1 1 1 1 1 1 1 1 1 1 1 1 1 1 1 1 1 1 1 1 1 1 1 1 1 1 1 1 1 1 1 1 1 1 1 1 1 1 1 1 1 1 1 1 1 1 1 1 1 1 1 1 1 1 1 1 1 1 1 1 1 1 1 1 1 1 1 1 1 1 1 1 1 1 1 1 1 1 1 1 1 1 1 1 1 1 1 1 1 1 1 1 1 1 1 1 1 1 1 1 1 1 1 1 1 1 1 1 1 1 1 1 1 1 1 1 1 1 1 1 1 1 1 1 1 1 1 1 1 1 1 1 1 1 1 1 1 1 1 1 1 1 1 1 1 1 1 1 1 1 1 1 1 1 1 1 1 1 1 1 1 1 1 1 1 1 1 1 1 1 1 1 1 1 1 1 1 1 1 1 1 1 1 1 1 1 1 1 1 1 1 1 1 1 1 1 1 1 1 1 1 1 1 1 1 1 1 1 1 1 1 1 1 1 1 1 1 1 1 1 1 1 1 1 1 1 1 1 1 1 1 1 1 1 1 1 1 1 1 1 1 1 1 1 1 1 1 1 1 1 1 1 1 1 1 1 1 1 1 1 1 1 1 1 1 1 1 1 1 1 1 1 1 1 1 1 1 1 1 1 1 1 1 1 1 1 1 1 1 1 1 1 1 1 1 1 1 1 1 1 1 1 1 1 1 1 1 1 1 1 1 1 1 1 1 1 1 1 1 1 1 1 1 1 1 1 1 1 1 1 1 1 1 1 1 1 1 1 1 1 1 1 1 1 1 1 1 1 1 1 1 1 1 1 1 1 1 1 1 1 1 1 1 1 1 1 1 1 1 1 1 1 1 1 1 1 1 1 1 1 1 1 1 1 1 1 1 1 1 1 1 1 1 1 1 1 1 1 1 1 1 1 1 1 1 1 1 1 1 1 1 1 1 1 1 1 1 1 1 1 1 1 1 1 1 1 1 1 1 1 1 1 1 1 1 1 1 1 1 1 1 1 1 1 1 1 1 1 1 1 1 1 1 1 1 1 1 1 1 1 1 1 1 1 1 1 1 1 1 1 1 1 1 1 1 1 1 1 1 1 1 1 1 1 1 1 1 1 1 1 1 1 1 1 1 1 1 1 1 1 1 1 1 1 1 1 1 1 1 1 1 1 1 1 1 1 1 1 1 1 1 1 1 1 1 1 1 1 1 1 1 1 1 1 1 1 1 1 1 1 1 1 1 1 1 1 1 1 1 1 1 1 1 1 1 1 1 1 1 1 1 1 1 1 1 1 1 1 1 1 1 1 1 1 1 1 1 1 1 1 1 1 1 1 1 1 1 1 1 1 1 1 1 1 1 1 1 1 1 1 1 1 1 1 1 1 1 1 1 1 1 1 1 1 1 1 1 1 1 1 1 1 1 1 1 1 1 1 1 1 1 1 1 1 1 1 1 1 1 1 1 1 1 1 1 1 1 1 1 1 1 1 1 1 1 1 1 1 1 1 1 1 1 1 1 1 1 1 1 1 1 1 1 1 1 1 1 1 1 1 1 1 1 1 1 1 1 1 1 1 1 1 1 1 1 1 1 1 1 1 1 1 1 1 1 1 1 1 1 1 1 1 1 1 1 1 1 1 1 1 1 1 1 1 1 1 1 1 1 1 1 1 1 1 1 1 1 1 1 1 1 1 1 1 1 1 1 1 1 1 1 1 1 1 1 1 1 1 1 1 1 1 1 1 1 1 1 1 1 1 1 1 1 1 1 1 1 1 1 1 1 1 1 1 1 1 1 1 1 1 1 1 1 1 1 1 1 1 1 1 1 1 1 1 1 1 1 1 1 1 1 1 1 1 1 1 1 1 1 1 1 1 1 1 1 1 1 1 1 1 1 1 1 1 1 1 1 1 1 1 1 1 1 1 1 1 1 1 1 1 1 1 1 1 1 1 1 1 1 1 1 1 1 1 1 1 1 1 1 1 1 1 1 1 1 1 1 1 1 1 1 1 1 1 1 1 1 1 1 1 1 1 1 1 1 1 1 1 1 1 1 1 1 1 1 1 1 1 1 1 1 1 1 1 1 1 1 1 1 1 1 1 1 1 1 1 1 1 1 1 1 1 1 1 1 1 1 1 1 1 1 1 1 1 1 1 1 1 1 1 1 1 1 1 1 1 1 1 1 1 1 1 1 1 1 1 1 1 1 1 1 1 1 1 1 1 1 1 1 1 1 1 1 1 1 1 1 1 1 1 1 1 1 1 1 1 1 1 1 1 1 1 1 1 1 1 1 1 1 1 1 1 1 1 1 1 1 1 1 1 1 1 1 1 1 1 1 1 1 1 1 1 1 1 1 1 1 1 1 1 1 1 1 1 1 1 1 1 1 1 1 1 1 1 1 1 1 1 1 1 1 1 1 1 1 1 1 1 1 1 1 1 1 1 1 1 1 1 1 1 1 1 1 1 1 1 1 1 1 1 1 1 1 1 1 1 1 1 1 1 1 1 1 1 1 1 1 1 1 1 1 1 1 1 1 1 1 1 1 1 1 1 1 1 1 1 1 1 1 1 1 1 1 1 1 1 1 1 1 1 1 1 1 1 1 1 1 1 1 1 1 1 1 1 1 1 1 1 1 1 1 1 1 1 1 1 1 1 1 1 1 1 1 1 1 1 1 1 1 1 1 1 1 1 1 1 1 1 1 1 1 1 1 1 1 1 1 1 1 1 1 1 1 1 1 1 1 1 1 1 1 1 1 1 1 1 1 1 1 1 1 1 1 1 1 1 1 1 1 1 1 1 1 1 1 1 1 1 1 1 1 1 1 1 1 1 1 1 1 1 1 1 1 1 1 1 1 1 1 1 1 1 1 1 1 1 1 1 1 1 1 1 1 1 1 1 1 1 1 1 1 1 1 1 1 1 1 1 1 1 1 1 1 1 1 1 1 1 1 1 1 1 1 1 1 1 1 1 1 1 1 1 1 1 1 1 1 1 1 1 1 1 1 1 1 1 1 1 1 1 1 1 1 1 1 1 1 1 1 1 1 1 1 1 1 1 1 1 1 1 1 1 1 1 1 1 1 1 1 1 1 1 1 1 1 1 1 1 1 1 1 1 1 1 1 1 1 1 1 1 1 1 1 1 1 1 1 1 1 1 1 1 1 1 1 1 1 1 1 1 1 1 1 1 1 1 1 1 1 1 1 1 1 1 1 1 1 1 1 1 1 1 1 1 1 1 1 1 1 1 1 1 1 1 1 1 1 1 1 1 1 1 1 1 1 1 1 1 1 1 1 1 1 1 1 1 1 1 1 1 1 1 1 1 1 1 1 1 1 1 1 1 1 1 1 1 1 1 1 1 1 1 1 1 1 1 1 1 1 1 1 1 1 1 1 1 1 1 1 1 1 1 1 1 1 1 1 1 1 1 1 1 1 1 1 1 1 1 1 1 1 1 1 1 1 1 1 1 1 1 1 1 1 1 1 1 1 1 1 1 1 1 1 1 1 1 1 1 1 1 1 1 1 1 1 1 1 1 1 1 1 1 1 1 1 1 1 1 1 1 1 1 1 1 1 1 1 1 1 1 1 1 1 1 1 1 1 1 1 1 1 1 1 1 1 1 1 1 1 1 1 1 1 1 1 1 1 1 1 1 1 1 1 1 1 1 1 1 1 1 1 1 1 1 1 1 1 1 1 1 1 1 1 1 1 1 1 1 1 1 1 1 1 1 1 1 1 1 1 1 1 1 1 1 1 1 1 1 1 1 1 1 1 1 1 1 1 1 1 1 1 1 1 1 1 1 1 1 1 1 1 1 1 1 1 1 1 1 1 1 1 1 1 1 1 1 1 1 1 1 1 1 1 1 1 1 1 1 1 1 1 1 1 1 1 1 1 1 1 1 1 1 1 1 1 1 1 1 1 1 1 1 1 1 1 1 1 1 1 1 1 1 1 1 1 1 1 1 1 1 1 1 1 1 1 1 1 1 1 1 1 1 1 1 1 1 1 1 1 1 1 1 1 1 1 1 1 1 1 1 1 1 1 1 1 1 1 1 1 1 1 1 1 1 1 1 1 1 1 1 1 1 1 1 1 1 1 1 1 1 1 1 1 1 1 1 1 1 1 1 1 1 1 1 1 1 1 1 1 1 1 1 1 1 1 1 1 1 1 1 1 1 1 1 1 1 1 1 1 1 1 1 1 1 1 1 1 1 1 1 1 1 1 1 1 1 1 1 1 1 1 1 1 1 1 1 1 1 1 1 1 1 1 1 1 1 1 1 1 1 1 1 1 1 1 1 1 1 1 1 1 1 1 1 1 1 1 1 1 1 1 1 1 1 1 1 1 1 1 1 1 1 1 1 1 1 1 1 1 1 1 1 1 1 1 1 1 1 1 1 1 1 1 1 1 1 1 1 1 1 1 1 1 1 1 1 1 1 1 1 1 1 1 1 1 1 1 1 1 1 1 1 1 1 1 1 1 1 1 1 1 1 1 1 1 1 1 1 1 1 1 1 1 1 1 1 1 1 1 1 1 1 1 1 1 1 1 1 1 1 1 1 1 1 1 1 1 1 1 1 1 1 1 1 1 1 1 1 1 1 1 1 1 1 1 1 1 1 1 1 1 1 1 1 1 1 1 1 1 1 1 1 1 1 1 1 1 1 1 1 1 1 1 1 1 1 1 1 1 1 1 1 1 1 1 1 1 1 1 1 1 1 1 1 1 1 1 1 1 1 1 1 1 1 1 1 1 1 1 1 1 1 1 1 1 1 1 1 1 1 1 1 1 1 1 1 1 1 1 1 1 1 1 1 1 1 1 1 1 1 1 1 1 1 1 1 1 1 1 1 1 1 1 1 1 1 1 1 1 1 1 1 1 1 1 1 1 1 1 1 1 1 1 1 1 1 1 1 1 1 1 1 1 1 1 1 1 1 1 1 1 1 1 1 1 1 1 1 1 1 1 1 1 1 1 1 1 1 1 1 1 1 1 1 1 1 1 1 1 1 1 1 1 1 1 1 1 1 1 1 1 1 1 1 1 1 1 1 1 1 1 1 1 1 1 1 1 1 1 1 1 1 1 1 1 1 1 1 1 1 1 1 1 1 1 1 1 1 1 1 1 1 1 1 1 1 1 1 1 1 1 1 1 1 1 1 1 1 1 1 1 1 1 1 1 1 1 1 1 1 1 1 1 1 1 1 1 1 1 1 1 1 1 1 1 1 1 1 1 1 1 1 1 1 1 1 1 1 1 1 1 1 1 1 1 1 1 1 1 1 1 1 1 1 1 1 1 1 1 1 1 1 1 1 1 1 1 1 1 1 1 1 1 1 1 1 1 1 1 1 1 1 1 1 1 1 1 1 1 1 1 1 1 1 1 1 1 1 1 1 1 1 1 1 1 1 1 1 1 1 1 1 1 1 1 1 1 1 1 1 1 1 1 1 1 1 1 1 1 1 1 1 1 1 1 1 1 1 1 1 1 1 1 1 1 1 1 1 1 1 1 1 1 1 1 1 1 1 1 1 1 1 1 1 1 1 1 1 1 1 1 1 1 1 1 1 1 1 1 1 1 1 1 1 1 1 1 1 1 1 1 1 1 1 1 1 1 1 1 1 1 1 1 1 1 1 1 1 1 1 1 1 1 1 1 1 1 1 1 1 1 1 1 1 1 1 1 1 1 1 1 1 1 1 1 1 1 1 1 1 1 1 1 1 1 1 1 1 1 1 1 1 1 1 1 1 1 1 1 1 1 1 1 1 1 1 1 1 1 1 1 1 1 1 1 1 1 1 1 1 1 1 1 1 1 1 1 1 1 1 1 1 1 1 1 1 1 1 1 1 1 1 1 1 1 1 1 1 1 1 1 1 1 1 1 1 1 1 1 1 1 1 1 1 1 1 1 1 1 1 1 1 1 1 1 1 1 1 1 1 1 1 1 1 1 1 1 1 1 1 1 1 1 1 1 1 1 1 1 1 1 1 1 1 1 1 1 1 1 1 1 1 1 1 1 1 1 1 1 1 1 1 1 1 1 1 1 1 1 1 1 1 1 1 1 1 1 1 1 1 1 1 1 1 1 1 1 1 1 1 1 1 1 1 1 1 1 1 1 1 1 1 1 1 1 1 1 1 1 1 1 1 1 1 1 1 1 1 1 1 1 1 1 1 1 1 1 1 1 1 1 1 1 1 1 1 1 1 1 1 1 1 1 1 1 1 1 1 1 1 1 1 1 1 1 1 1 1 1 1 1 1 1 1 1 1 1 1 1 1 1 1 1 1 1 1 1 1 1 1 1 1 1 1 1 1 1 1 1 1 1 1 1 1 1 1 1 1 1 1 1 1 1 1 1 1 1 1 1 1 1 1 1 1 1 1 1 1 1 1 1 1 1 1 1 1 1 1 1 1 1 1 1 1 1 1 1 1 1 1 1 1 1 1 1 1 1 1 1 1 1 1 1 1 1 1 1 1 1 1 1 1 1 1 1 1 1 1 1 1 1 1 1 1 1 1 1 1 1 1 1 1 1 1 1 1 1 1 1 1 1 1 1 1 1 1 1 1 1 1 1 1 1 1 1 1 1 1 1 1 1 1 1 1 1 1 1 1 1 1 1 1 1 1 1 1 1 1 1 1 1 1 1 1 1 1 1 1 1 1 1 1 1 1 1 1 1 1 1 1 1 1 1 1 1 1 1 1 1 1 1 1 1 1 1 1 1 1 1 1 1 1 1 1 1 1 1 1 1 1 1 1 1 1 1 1 1 1 1 1 1 1 1 1 1 1 1 1 1 1 1 1 1 1 1 1 1 1 1 1 1 1 1 1 1 1 1 1 1 1 1 1 1 1 1 1 1 1 1 1 1 1 1 1 1 1 1 1 1 1 1 1 1 1 1 1 1 1 1 1 1 1 1 1 1 1 1 1 1 1 1 1 1 1 1 1 1 1 1 1 1 1 1 1 1 1 1 1 1 1 1 1 1 1 1 1 1 1 1 1 1 1 1 1 1 1 1 1 1 1 1 1 1 1 1 1 1 1 1 1 1 1 1 1 1 1 1 1 1 1 1 1 1 1 1 1 1 1 1 1 1 1 1 1 1 1 1 1 1 1 1 1 1 1 1 1 1 1 1 1 1 1 1 1 1 1 1 1 1 1 1 1 1 1 1 1 1 1 1 1 1 1 1 1 1 1 1 1 1 1 1 1 1 1 1 1 1 1 1 1 1 1 1 1 1 1 1 1 1 1 1 1 1 1 1 1 1 1 1 1 1 1 1 1 1 1 1 1 1 1 1 1 1 1 1 1 1 1 1 1 1 1 1 1 1 1 1 1 1 1 1 1 1 1 1 1 1 1 1 1 1 1 1 1 1 1 1 1 1 1 1 1 1 1 1 1 1 1 1 1 1 1 1 1 1 1 1 1 1 1 1 1 1 1 1 1 1 1 1 1 1 1 1 1 1 1 1 1 1 1 1 1 1 1 1 1 1 1 1 1 1 1 1 1 1 1 1 1 1 1 1 1 1 1 1 1 1 1 1 1 1 1 1 1 1 1 1 1 1 1 1 1 1 1 1 1 1 1 1 1 1 1 1 1 1 1 1 1 1 1 1 1 1 1 1 1 1 1 1 1 1 1 1 1 1 1 1 1 1 1 1 1 1 1 1 1 1 1 1 1 1 1 1 1 1 1 1 1 1 1 1 1 1 1 1 1 1 1 1 1 1 1 1 1 1 1 1 1 1 1 1 1 1 1 1 1 1 1 1 1 1 1 1 1 1 1 1 1 1 1 1 1 1 1 1 1 1 1 1 1 1 1 1 1 1 1 1 1 1 1 1 1 1 1 1 1 1 1 1 1 1 1 1 1 1 1 1 1 1 1 1 1 1 1 1 1 1 1 1 1 1 1 1 1 1 1 1 1 1 1 1 1 1 1 1 1 1 1 1 1 1 1 1 1 1 1 1 1 1 1 1 1 1 1 1 1 1 1 1 1 1 1 1 1 1 1 1 1 1 1 1 1 1 1 1 1 1 1 1 1 1 1 1 1 1 1 1 1 1 1 1 1 1 1 1 1 1 1 1 1 1 1 1 1 1 1 1 1 1 1 1 1 1 1 1 1 1 1 1 1 1 1 1 1 1 1 1 1 1 1 1 1 1 1 1 1 1 1 1 1 1 1 1 1 1 1 1 1 1 1 1 1 1 1 1 1 1 1 1 1 1 1 1 1 1 1 1 1 1 1 1 1 1 1 1 1 1 1 1 1 1 1 1 1 1 1 1 1 1 1 1 1 1 1 1 1 1 1 1 1 1 1 1 1 1 1 1 1 1 1 1 1 1 1 1 1 1 1 1 1 1 1 1 1 1 1 1 1 1 1 1 1 1 1 1 1 1 1 1 1 1 1 1 1 1 1 1 1 1 1 1 1 1 1 1 1 1 1 1 1 1 1 1 1 1 1 1 1 1 1 1 1 1 1 1 1 1 1 1 1 1 1 1 1 1 1 1 1 1 1 1 1 1 1 1 1 1 1 1 1 1 1 1 1 1 1 1 1 1 1 1 1 1 1 1 1 1 1 1 1 1 1 1 1 1 1 1 1 1 1 1 1 1 1 1 1 1 1 1 1 1 1 1 1 1 1 1 1 1 1 1 1 1 1 1 1 1 1 1 1 1 1 1 1 1 1 1 1 1 1 1 1 1 1 1 1 1 1 1 1 1 1 1 1 1 1 1 1 1 1 1 1 1 1 1 1 1 1 1 1 1 1 1 1 1 1 1 1 1 1 1 1 1 1 1 1 1 1 1 1 1 1 1 1 1 1 1 1 1 1 1 1 1 1 1 1 1 1 1 1 1 1 1 1 1 1 1 1 1 1 1 1 1 1 1 1 1 1 1 1 1 1 1 1 1 1 1 1 1 1 1 1 1 1 1 1 1 1 1 1 1 1 1 1 1 1 1 1 1 1 1 1 1 1 1 1 1 1 1 1 1 1 1 1 1 1 1 1 1 1 1 1 1 1 1 1 1 1 1 1 1 1 1 1 1 1 1 1 1 1 1 1 1 1 1 1 1 1 1 1 1 1 1 1 1 1 1 1 1 1 1 1 1 1 1 1 1 1 1 1 1 1 1 1 1 1 1 1 1 1 1 1 1 1 1 1 1 1 1 1 1 1 1 1 1 1 1 1 1 1 1 1 1 1 1 1 1 1 1 1 1 1 1 1 1 1 1 1 1 1 1 1 1 1 1 1 1 1 1 1 1 1 1 1 1 1 1 1 1 1 1 1 1 1 1 1 1 1 1 1 1 1 1 1 1 1 1 1 1 1 1 1 1 1 1 1 1 1 1 1 1 1 1 1 1 1 1 1 1 1 1 1 1 1 1 1 1 1 1 1 1 1 1 1 1 1 1 1 1 1 1 1 1 1 1 1 1 1 1 1 1 1 1 1 1 1 1 1 1 1 1 1 1 1 1 1 1 1 1 1 1 1 1 1 1 1 1 1 1 1 1 1 1 1 1 1 1 1 1 1 1 1 1 1 1 1 1 1 1 1 1 1 1 1 1 1 1 1 1 1 1 1 1 1 1 1 1 1 1 1 1 1 1 1 1 1 1 1 1 1 1 1 1 1 1 1 1 1 1 1 1 1 1 1 1 1 1 1 1 1 1 1 1 1 1 1 1 1 1 1 1 1 1 1 1 1 1 1 1 1 1 1 1 1 1 1 1 1 1 1 1 1 1 1 1 1 1 1 1 1 1 1 1 1 1 1 1 1 1 1 1 1 1 1 1 1 1 1 1 1 1 1 1 1 1 1 1 1 1 1 1 1 1 1 1 1 1 1 1 1 1 1 1 1 1 1 1 1 1 1 1 1 1 1 1 1 1 1 1 1 1 1 1 1 1 1 1 1 1 1 1 1 1 1 1 1 1 1 1 1 1 1 1 1 1 1 1 1 1 1 1 1 1 1 1 1 1 1 1 1 1 1 1 1 1 1 1 1 1 1 1 1 1 1 1 1 1 1 1 1 1 1 1 1 1 1 1 1 1 1 1 1 1 1 1 1 1 1 1 1 1 1 1 1 1 1 1 1 1 1 1 1 1 1 1 1 1 1 1 1 1 1 1 1 1 1 1 1 1 1 1 1 1 1 1 1 1 1 1 1 1 1 1 1 1 1 1 1 1 1 1 1 1 1 1 1 1 1 1 1 1 1 1 1 1 1 1 1 1 1 1 1 1 1 1 1 1 1 1 1 1 1 1 1 1 1 1 1 1 1 1 1 1 1 1 1 1 1 1 1 1 1 1 1 1 1 1 1 1 1 1 1 1 1 1 1 1 1 1 1 1 1 1 1 1 1 1 1 1 1 1 1 1 1 1 1 1 1 1 1 1 1 1 1 1 1 1 1 1 1 1 1 1 1 1 1 1 1 1 1 1 1 1 1 1 1 1 1 1 1 1 1 1 1 1 1 1 1 1 1 1 1 1 1 1 1 1 1 1 1 1 1 1 1 1 1 1 1 1 1 1 1 1 1 1 1 1 1 1 1 1 1 1 1 1 1 1 1 1 1 1 1 1 1 1 1 1 1 1 1 1 1 1 1 1 1 1 1 0.192157 0.203922 0.203922 1 0.192157 0.203922 0.203922 1 0.192157 0.203922 0.203922 1 0.192157 0.203922 0.203922 1 0.192157 0.203922 0.203922 1 0.192157 0.203922 0.203922 1 0.192157 0.203922 0.203922 1 0.192157 0.203922 0.203922 1 0.192157 0.203922 0.203922 1 0.192157 0.203922 0.203922 1 0.192157 0.203922 0.203922 1 0.192157 0.203922 0.203922 1 0.192157 0.203922 0.203922 1 0.192157 0.203922 0.203922 1 0.192157 0.203922 0.203922 1 0.192157 0.203922 0.203922 1 0.192157 0.203922 0.203922 1 0.192157 0.203922 0.203922 1 0.192157 0.203922 0.203922 1 0.192157 0.203922 0.203922 1 0.192157 0.203922 0.203922 1 0.192157 0.203922 0.203922 1 0.192157 0.203922 0.203922 1 0.192157 0.203922 0.203922 1 0.192157 0.203922 0.203922 1 0.192157 0.203922 0.203922 1 0.192157 0.203922 0.203922 1 0.192157 0.203922 0.203922 1 0.192157 0.203922 0.203922 1 0.192157 0.203922 0.203922 1 0.192157 0.203922 0.203922 1 0.192157 0.203922 0.203922 1 0.192157 0.203922 0.203922 1 0.192157 0.203922 0.203922 1 0.192157 0.203922 0.203922 1 0.192157 0.203922 0.203922 1 0.192157 0.203922 0.203922 1 0.192157 0.203922 0.203922 1 0.192157 0.203922 0.203922 1 0.192157 0.203922 0.203922 1 0.192157 0.203922 0.203922 1 0.192157 0.203922 0.203922 1 0.192157 0.203922 0.203922 1 0.192157 0.203922 0.203922 1 0.192157 0.203922 0.203922 1 0.192157 0.203922 0.203922 1 0.192157 0.203922 0.203922 1 0.192157 0.203922 0.203922 1 0.192157 0.203922 0.203922 1 0.192157 0.203922 0.203922 1 0.192157 0.203922 0.203922 1 0.192157 0.203922 0.203922 1 0.192157 0.203922 0.203922 1 0.192157 0.203922 0.203922 1 0.192157 0.203922 0.203922 1 0.192157 0.203922 0.203922 1 0.192157 0.203922 0.203922 1 0.192157 0.203922 0.203922 1 0.192157 0.203922 0.203922 1 0.192157 0.203922 0.203922 1 0.192157 0.203922 0.203922 1 0.192157 0.203922 0.203922 1 0.192157 0.203922 0.203922 1 0.192157 0.203922 0.203922 1 0.192157 0.203922 0.203922 1 0.192157 0.203922 0.203922 1 0.192157 0.203922 0.203922 1 0.192157 0.203922 0.203922 1 0.192157 0.203922 0.203922 1 0.192157 0.203922 0.203922 1 0.192157 0.203922 0.203922 1 0.192157 0.203922 0.203922 1 0.192157 0.203922 0.203922 1 0.192157 0.203922 0.203922 1 0.192157 0.203922 0.203922 1 0.192157 0.203922 0.203922 1 0.192157 0.203922 0.203922 1 0.192157 0.203922 0.203922 1 0.192157 0.203922 0.203922 1 0.192157 0.203922 0.203922 1 0.192157 0.203922 0.203922 1 0.192157 0.203922 0.203922 1 0.192157 0.203922 0.203922 1 0.192157 0.203922 0.203922 1 0.192157 0.203922 0.203922 1 0.192157 0.203922 0.203922 1 0.192157 0.203922 0.203922 1 0.192157 0.203922 0.203922 1 0.192157 0.203922 0.203922 1 0.192157 0.203922 0.203922 1 0.192157 0.203922 0.203922 1 0.192157 0.203922 0.203922 1 0.192157 0.203922 0.203922 1 0.192157 0.203922 0.203922 1 0.192157 0.203922 0.203922 1 0.192157 0.203922 0.203922 1 0.192157 0.203922 0.203922 1 0.192157 0.203922 0.203922 1 0.192157 0.203922 0.203922 1 0.192157 0.203922 0.203922 1 0.192157 0.203922 0.203922 1 0.192157 0.203922 0.203922 1 0.192157 0.203922 0.203922 1 0.192157 0.203922 0.203922 1 0.192157 0.203922 0.203922 1 0.192157 0.203922 0.203922 1 0.192157 0.203922 0.203922 1 0.192157 0.203922 0.203922 1 0.192157 0.203922 0.203922 1 0.192157 0.203922 0.203922 1 0.192157 0.203922 0.203922 1 0.192157 0.203922 0.203922 1 0.192157 0.203922 0.203922 1 0.192157 0.203922 0.203922 1 0.192157 0.203922 0.203922 1 0.192157 0.203922 0.203922 1 0.192157 0.203922 0.203922 1 0.192157 0.203922 0.203922 1 0.192157 0.203922 0.203922 1 0.192157 0.203922 0.203922 1 0.192157 0.203922 0.203922 1 0.192157 0.203922 0.203922 1 0.192157 0.203922 0.203922 1 0.192157 0.203922 0.203922 1 0.192157 0.203922 0.203922 1 0.192157 0.203922 0.203922 1 0.192157 0.203922 0.203922 1 0.192157 0.203922 0.203922 1</float_array>
                    <technique_common>
                        <accessor count="2440" source="#shape0-lib-vcolor-array" stride="4">
                            <param name="R" type="float"/>
                            <param name="G" type="float"/>
                            <param name="B" type="float"/>
                            <param name="A" type="float"/>
                        </accessor>
                    </technique_common>
                </source>
                <source id="shape0-lib-map" name="map">
                    <float_array id="shape0-lib-map-array" count="1488">0 0 0 0 0 0 0 0 0 0 0 0 0 0 0 0 0 0 0 0 0 0 0 0 0 0 0 0 0 0 0 0 0 0 0 0 0 0 0 0 0 0 0 0 0 0 0 0 0 0 0 0 0 0 0 0 0 0 0 0 0 0 0 0 0 0 0 0 0 0 0 0 0 0 0 0 0 0 0 0 0 0 0 0 0 0 0 0 0 0 0 0 0 0 0 0 0 0 0 0 0 0 0 0 0 0 0 0 0 0 0 0 0 0 0 0 0 0 0 0 0 0 0 0 0 0 0 0 0 0 0 0 0 0 0 0 0 0 0 0 0 0 0 0 0 0 0 0 0 0 0 0 0 0 0 0 0 0 0 0 0 0 0 0 0 0 0 0 0 0 0 0 0 0 0 0 0 0 0 0 0 0 0 0 0 0 0 0 0 0 0 0 0 0 0 0 0 0 0 0 0 0 0 0 0 0 0 0 0 0 0 0 0 0 0 0 0 0 0 0 0 0 0 0 0 0 0 0 0 0 0 0 0 0 0 0 0 0 0 0 0 0 0 0 0 0 0 0 0 0 0 0 0 0 0 0 0 0 0 0 0 0 0 0 0 0 0 0 0 0 0 0 0 0 0 0 0 0 0 0 0 0 0 0 0 0 0 0 0 0 0 0 0 0 0 0 0 0 0 0 0 0 0 0 0 0 0 0 0 0 0 0 0 0 0 0 0 0 0 0 0 0 0 0 0 0 0 0 0 0 0 0 0 0 0 0 0 0 0 0 0 0 0 0 0 0 0 0 0 0 0 0 0 0 0 0 0 0 0 0 0 0 0 0 0 0 0 0 0 0 0 0 0 0 0 0 0 0 0 0 0 0 0 0 0 0 0 0 0 0 0 0 0 0 0 0 0 0 0 0 0 0 0 0 0 0 0 0 0 0 0 0 0 0 0 0 0 0 0 0 0 0 0 0 0 0 0 0 0 0 0 0 0 0 0 0 0 0 0 0 0 0 0 0 0 0 0 0 0 0 0 0 0 0 0 0 0 0 0 0 0 0 0 0 0 0 0 0 0 0 0 0 0 0 0 0 0 0 0 0 0 0 0 0 0 0 0 0 0 0 0 0 0 0 0 0 0 0 0 0 0 0 0 0 0 0 0 0 0 0 0 0 0 0 0 0 0 0 0 0 0 0 0 0 0 0 0 0 0 0 0 0 0 0 0 0 0 0 0 0 0 0 0 0 0 0 0 0 0 0 0 0 0 0 0 0 0 0 0 0 0 0 0 0 0 0 0 0 0 0 0 0 0 0 0 0 0 0 0 0 0 0 0 0 0 0 0 0 0 0 0 0 0 0 0 0 0 0 0 0 0 0 0 0 0 0 0 0 0 0 0 0 0 0 0 0 0 0 0 0 0 0 0 0 0 0 0 0 0 0 0 0 0 0 0 0 0 0 0 0 0 0 0 0 0 0 0 0 0 0 0 0 0 0 0 0 0 0 0 0 0 0 0 0 0 0 0 0 0 0 0 0 0 0 0 0 0 0 0 0 0 0 0 0 0 0 0 0 0 0 0 0 0 0 0 0 0 0 0 0 0 0 0 0 0 0 0 0 0 0 0 0 0 0 0 0 0 0 0 0 0 0 0 0 0 0 0 0 0 0 0 0 0 0 0 0 0 0 0 0 0 0 0 0 0 0 0 0 0 0 0 0 0 0 0 0 0 0 0 0 0 0 0 0 0 0 0 0 0 0 0 0 0 0 0 0 0 0 0 0 0 0 0 0 0 0 0 0 0 0 0 0 0 0 0 0 0 0 0 0 0 0 0 0 0 0 0 0 0 0 0 0 0 0 0 0 0 0 0 0 0 0 0 0 0 0 0 0 0 0 0 0 0 0 0 0 0 0 0 0 0 0 0 0 0 0 0 0 0 0 0 0 0 0 0 0 0 0 0 0 0 0 0 0 0 0 0 0 0 0 0 0 0 0 0 0 0 0 0 0 0 0 0 0 0 0 0 0 0 0 0 0 0 0 0 0 0 0 0 0 0 0 0 0 0 0 0 0 0 0 0 0 0 0 0 0 0 0 0 0 0 0 0 0 0 0 0 0 0 0 0 0 0 0 0 0 0 0 0 0 0 0 0 0 0 0 0 0 0 0 0 0 0 0 0 0 0 0 0 0 0 0 0 0 0 0 0 0 0 0 0 0 0 0 0 0 0 0 0 0 0 0 0 0 0 0 0 0 0 0 0 0 0 0 0 0 0 0 0 0 0 0 0 0 0 0 0 0 0 0 0 0 0 0 0 0 0 0 0 0 0 0 0 0 0 0 0 0 0 0 0 0 0 0 0 0 0 0 0 0 0 0 0 0 0 0 0 0 0 0 0 0 0 0 0 0 0 0 0 0 0 0 0 0 0 0 0 0 0 0 0 0 0 0 0 0 0 0 0 0 0 0 0 0 0 0 0 0 0 0 0 0 0 0 0 0 0 0 0 0 0 0 0 0 0 0 0 0 0 0 0 0 0 0 0 0 0 0 0 0 0 0 0 0 0 0 0 0 0 0 0 0 0 0 0 0 0 0 0 0 0 0 0 0 0 0 0 0 0 0 0 0 0 0 0 0 0 0 0 0 0 0 0 0 0 0 0 0 0 0 0 0 0 0 0 0 0 0 0 0 0 0 0 0 0 0 0 0 0 0 0 0 0 0 0 0 0 0 0 0 0 0 0 0 0 0 0 0 0 0 0 0 0 0 0 0 0 0 0 0 0 0 0 0 0 0 0 0 0 0 0 0 0 0 0 0 0 0 0 0 0 0 0 0 0 0 0 0 0 0 0 0 0 0 0 0 0 0 0 0 0 0 0 0 0 0 0 0 0 0 0 0 0 0 0 0 0 0 0 0 0 0 0 0 0 0 0 0 0 0 0 0 0 0 0 0 0 0 0 0 0 0 0 0 0 0 0 0 0 0 0 0 0 0 0 0 0 0 0 0 0 0 0 0 0 0 0 0 0 0 0 0 0 0 0 0 0 0 0 0 0 0 0 0 0 0 0 0 0 0 0 0 0 0 0 0 0 0 0 0 0 0 0 0 0 0 0 0 0 0 0 0 0 0 0 0 0 0 0 0 0 0 0 0 0 0 0 0 0 0 0 0 0 0 0 0 0 0 0 0 0 0 0 0 0 0 0 0 0 0 0 0 0 0 0 0 0 0 0 0 0 0 0 0 0 0 0 0 0 0 0 0 0 0 0 0 0 0 0 0 0 0 0 0 0 0 0 0 0 0 0 0 0 0 0 0 0 0 0 0 0 0 0 0 0 0 0 0 0 0 0 0 0 0 0 0 0 0 0 0 0 0 0 0 0 0 0 0</float_array>
                    <technique_common>
                        <accessor count="744" source="#shape0-lib-map-array" stride="2">
                            <param name="U" type="float"/>
                            <param name="V" type="float"/>
                        </accessor>
                    </technique_common>
                </source>
                <vertices id="shape0-lib-vertices">
                    <input semantic="POSITION" source="#shape0-lib-positions"/>
                </vertices>
                <triangles count="248">
                    <input offset="0" semantic="VERTEX" source="#shape0-lib-vertices"/>
                    <input offset="1" semantic="COLOR" source="#shape0-lib-vcolor"/>
                    <input offset="2" semantic="NORMAL" source="#shape0-lib-normals"/>
                    <input offset="3" semantic="TEXCOORD" source="#shape0-lib-map"/>
                    <p>2368 2368 0 0 2336 2336 0 1 2369 2369 0 2 2369 2369 1 3 2336 2336 1 4 2338 2338 1 5 2400 2400 2 6 2398 2398 2 7 2374 2374 2 8 2374 2374 3 9 2398 2398 3 10 2396 2396 3 11 2346 2346 4 12 2344 2344 4 13 2368 2368 4 14 2353 2353 5 15 2352 2352 5 16 2376 2376 5 17 2396 2396 6 18 2394 2394 6 19 2374 2374 6 20 2374 2374 7 21 2394 2394 7 22 2392 2392 7 23 2374 2374 8 24 2392 2392 8 25 2372 2372 8 26 2404 2404 9 27 2405 2405 9 28 2374 2374 9 29 2374 2374 10 30 2405 2405 10 31 2402 2402 10 32 2374 2374 11 33 2402 2402 11 34 2400 2400 11 35 2370 2370 12 36 2350 2350 12 37 2368 2368 12 38 2368 2368 13 39 2350 2350 13 40 2348 2348 13 41 2368 2368 14 42 2348 2348 14 43 2346 2346 14 44 2404 2404 15 45 2408 2408 15 46 2405 2405 15 47 2405 2405 16 48 2408 2408 16 49 2412 2412 16 50 2405 2405 17 51 2412 2412 17 52 2416 2416 17 53 2392 2392 18 54 2388 2388 18 55 2372 2372 18 56 2372 2372 19 57 2388 2388 19 58 2389 2389 19 59 2372 2372 20 60 2389 2389 20 61 2386 2386 20 62 2329 2329 21 63 2325 2325 21 64 2332 2332 21 65 2416 2416 22 66 2420 2420 22 67 2405 2405 22 68 2405 2405 23 69 2420 2420 23 70 2424 2424 23 71 2405 2405 24 72 2424 2424 24 73 2428 2428 24 74 2413 2413 25 75 2425 2425 25 76 2417 2417 25 77 2417 2417 26 78 2425 2425 26 79 2421 2421 26 80 2428 2428 27 81 2429 2429 27 82 2405 2405 27 83 2405 2405 28 84 2429 2429 28 85 2425 2425 28 86 2405 2405 29 87 2425 2425 29 88 2409 2409 29 89 2409 2409 30 90 2425 2425 30 91 2413 2413 30 92 2386 2386 31 93 2384 2384 31 94 2372 2372 31 95 2372 2372 32 96 2384 2384 32 97 2382 2382 32 98 2372 2372 33 99 2382 2382 33 100 2380 2380 33 101 2380 2380 34 102 2378 2378 34 103 2372 2372 34 104 2372 2372 35 105 2378 2378 35 106 2376 2376 35 107 2372 2372 36 108 2376 2376 36 109 2370 2370 36 110 2370 2370 37 111 2376 2376 37 112 2352 2352 37 113 2370 2370 38 114 2352 2352 38 115 2350 2350 38 116 2325 2325 39 117 2321 2321 39 118 2332 2332 39 119 2332 2332 40 120 2321 2321 40 121 2317 2317 40 122 2332 2332 41 123 2317 2317 41 124 2313 2313 41 125 2316 2316 42 126 2320 2320 42 127 2324 2324 42 128 2358 2358 43 129 2364 2364 43 130 2360 2360 43 131 2360 2360 44 132 2364 2364 44 133 2362 2362 44 134 2376 2376 45 135 2366 2366 45 136 2353 2353 45 137 2353 2353 46 138 2366 2366 46 139 2364 2364 46 140 2353 2353 47 141 2364 2364 47 142 2356 2356 47 143 2356 2356 48 144 2364 2364 48 145 2358 2358 48 146 2344 2344 49 147 2342 2342 49 148 2368 2368 49 149 2368 2368 50 150 2342 2342 50 151 2340 2340 50 152 2368 2368 51 153 2340 2340 51 154 2336 2336 51 155 2336 2336 52 156 2340 2340 52 157 2337 2337 52 158 2336 2336 53 159 2337 2337 53 160 2332 2332 53 161 2332 2332 54 162 2337 2337 54 163 2333 2333 54 164 2332 2332 55 165 2333 2333 55 166 2329 2329 55 167 2313 2313 56 168 2312 2312 56 169 2332 2332 56 170 2332 2332 57 171 2312 2312 57 172 2316 2316 57 173 2332 2332 58 174 2316 2316 58 175 2328 2328 58 176 2328 2328 59 177 2316 2316 59 178 2324 2324 59 179 2339 2339 60 180 2341 2341 60 181 2369 2369 60 182 2369 2369 61 183 2341 2341 61 184 2343 2343 61 185 2369 2369 62 186 2343 2343 62 187 2345 2345 62 188 2393 2393 63 189 2395 2395 63 190 2375 2375 63 191 2375 2375 64 192 2395 2395 64 193 2397 2397 64 194 2375 2375 65 195 2397 2397 65 196 2399 2399 65 197 2315 2315 66 198 2319 2319 66 199 2334 2334 66 200 2351 2351 67 201 2371 2371 67 202 2349 2349 67 203 2349 2349 68 204 2371 2371 68 205 2369 2369 68 206 2349 2349 69 207 2369 2369 69 208 2347 2347 69 209 2347 2347 70 210 2369 2369 70 211 2345 2345 70 212 2393 2393 71 213 2375 2375 71 214 2390 2390 71 215 2390 2390 72 216 2375 2375 72 217 2373 2373 72 218 2390 2390 73 219 2373 2373 73 220 2391 2391 73 221 2326 2326 74 222 2322 2322 74 223 2318 2318 74 224 2381 2381 75 225 2383 2383 75 226 2373 2373 75 227 2326 2326 76 228 2318 2318 76 229 2330 2330 76 230 2319 2319 77 231 2323 2323 77 232 2334 2334 77 233 2334 2334 78 234 2323 2323 78 235 2327 2327 78 236 2334 2334 79 237 2327 2327 79 238 2331 2331 79 239 2381 2381 80 240 2373 2373 80 241 2379 2379 80 242 2330 2330 81 243 2318 2318 81 244 2334 2334 81 245 2334 2334 82 246 2318 2318 82 247 2314 2314 82 248 2334 2334 83 249 2314 2314 83 250 2315 2315 83 251 2369 2369 84 252 2338 2338 84 253 2339 2339 84 254 2339 2339 85 255 2338 2338 85 256 2334 2334 85 257 2339 2339 86 258 2334 2334 86 259 2335 2335 86 260 2335 2335 87 261 2334 2334 87 262 2331 2331 87 263 2383 2383 88 264 2385 2385 88 265 2373 2373 88 266 2373 2373 89 267 2385 2385 89 268 2387 2387 89 269 2373 2373 90 270 2387 2387 90 271 2391 2391 90 272 2351 2351 91 273 2354 2354 91 274 2371 2371 91 275 2371 2371 92 276 2354 2354 92 277 2355 2355 92 278 2371 2371 93 279 2355 2355 93 280 2357 2357 93 281 2357 2357 94 282 2359 2359 94 283 2371 2371 94 284 2371 2371 95 285 2359 2359 95 286 2361 2361 95 287 2371 2371 96 288 2361 2361 96 289 2363 2363 96 290 2399 2399 97 291 2401 2401 97 292 2375 2375 97 293 2375 2375 98 294 2401 2401 98 295 2403 2403 98 296 2375 2375 99 297 2403 2403 99 298 2406 2406 99 299 2406 2406 100 300 2403 2403 100 301 2407 2407 100 302 2406 2406 101 303 2407 2407 101 304 2410 2410 101 305 2410 2410 102 306 2407 2407 102 307 2411 2411 102 308 2410 2410 103 309 2411 2411 103 310 2415 2415 103 311 2363 2363 104 312 2365 2365 104 313 2371 2371 104 314 2371 2371 105 315 2365 2365 105 316 2367 2367 105 317 2371 2371 106 318 2367 2367 106 319 2373 2373 106 320 2373 2373 107 321 2367 2367 107 322 2377 2377 107 323 2373 2373 108 324 2377 2377 108 325 2379 2379 108 326 2415 2415 109 327 2419 2419 109 328 2410 2410 109 329 2410 2410 110 330 2419 2419 110 331 2423 2423 110 332 2410 2410 111 333 2423 2423 111 334 2427 2427 111 335 2427 2427 112 336 2431 2431 112 337 2410 2410 112 338 2410 2410 113 339 2431 2431 113 340 2430 2430 113 341 2410 2410 114 342 2430 2430 114 343 2426 2426 114 344 2422 2422 115 345 2418 2418 115 346 2426 2426 115 347 2426 2426 116 348 2418 2418 116 349 2414 2414 116 350 2426 2426 117 351 2414 2414 117 352 2410 2410 117 353 2340 2340 118 354 2341 2341 118 355 2337 2337 118 356 2337 2337 119 357 2341 2341 119 358 2339 2339 119 359 2352 2352 120 360 2354 2354 120 361 2350 2350 120 362 2350 2350 121 363 2354 2354 121 364 2351 2351 121 365 2350 2350 122 366 2351 2351 122 367 2348 2348 122 368 2348 2348 123 369 2351 2351 123 370 2349 2349 123 371 2348 2348 124 372 2349 2349 124 373 2346 2346 124 374 2346 2346 125 375 2349 2349 125 376 2347 2347 125 377 2346 2346 126 378 2347 2347 126 379 2344 2344 126 380 2344 2344 127 381 2347 2347 127 382 2345 2345 127 383 2344 2344 128 384 2345 2345 128 385 2342 2342 128 386 2342 2342 129 387 2345 2345 129 388 2343 2343 129 389 2342 2342 130 390 2343 2343 130 391 2340 2340 130 392 2340 2340 131 393 2343 2343 131 394 2341 2341 131 395 2353 2353 132 396 2355 2355 132 397 2352 2352 132 398 2352 2352 133 399 2355 2355 133 400 2354 2354 133 401 2366 2366 134 402 2367 2367 134 403 2365 2365 134 404 2366 2366 135 405 2365 2365 135 406 2364 2364 135 407 2364 2364 136 408 2365 2365 136 409 2363 2363 136 410 2364 2364 137 411 2363 2363 137 412 2362 2362 137 413 2362 2362 138 414 2363 2363 138 415 2361 2361 138 416 2362 2362 139 417 2361 2361 139 418 2360 2360 139 419 2360 2360 140 420 2361 2361 140 421 2359 2359 140 422 2360 2360 141 423 2359 2359 141 424 2358 2358 141 425 2358 2358 142 426 2359 2359 142 427 2357 2357 142 428 2358 2358 143 429 2357 2357 143 430 2356 2356 143 431 2356 2356 144 432 2357 2357 144 433 2355 2355 144 434 2356 2356 145 435 2355 2355 145 436 2353 2353 145 437 2376 2376 146 438 2377 2377 146 439 2366 2366 146 440 2366 2366 147 441 2377 2377 147 442 2367 2367 147 443 2337 2337 148 444 2339 2339 148 445 2335 2335 148 446 2337 2337 149 447 2335 2335 149 448 2333 2333 149 449 2333 2333 150 450 2335 2335 150 451 2331 2331 150 452 2333 2333 151 453 2331 2331 151 454 2329 2329 151 455 2329 2329 152 456 2331 2331 152 457 2327 2327 152 458 2329 2329 153 459 2327 2327 153 460 2325 2325 153 461 2325 2325 154 462 2327 2327 154 463 2323 2323 154 464 2325 2325 155 465 2323 2323 155 466 2321 2321 155 467 2321 2321 156 468 2323 2323 156 469 2319 2319 156 470 2321 2321 157 471 2319 2319 157 472 2317 2317 157 473 2317 2317 158 474 2319 2319 158 475 2315 2315 158 476 2317 2317 159 477 2315 2315 159 478 2313 2313 159 479 2313 2313 160 480 2315 2315 160 481 2314 2314 160 482 2313 2313 161 483 2314 2314 161 484 2312 2312 161 485 2312 2312 162 486 2314 2314 162 487 2318 2318 162 488 2312 2312 163 489 2318 2318 163 490 2316 2316 163 491 2316 2316 164 492 2318 2318 164 493 2322 2322 164 494 2316 2316 165 495 2322 2322 165 496 2320 2320 165 497 2320 2320 166 498 2322 2322 166 499 2326 2326 166 500 2320 2320 167 501 2326 2326 167 502 2324 2324 167 503 2324 2324 168 504 2326 2326 168 505 2330 2330 168 506 2324 2324 169 507 2330 2330 169 508 2328 2328 169 509 2328 2328 170 510 2330 2330 170 511 2334 2334 170 512 2328 2328 171 513 2334 2334 171 514 2332 2332 171 515 2332 2332 172 516 2334 2334 172 517 2338 2338 172 518 2332 2332 173 519 2338 2338 173 520 2336 2336 173 521 2372 2372 174 522 2370 2370 174 523 2373 2373 174 524 2373 2373 175 525 2370 2370 175 526 2371 2371 175 527 2370 2370 176 528 2368 2368 176 529 2371 2371 176 530 2371 2371 177 531 2368 2368 177 532 2369 2369 177 533 2404 2404 178 534 2374 2374 178 535 2406 2406 178 536 2406 2406 179 537 2374 2374 179 538 2375 2375 179 539 2403 2403 180 540 2402 2402 180 541 2407 2407 180 542 2407 2407 181 543 2402 2402 181 544 2405 2405 181 545 2402 2402 182 546 2403 2403 182 547 2400 2400 182 548 2400 2400 183 549 2403 2403 183 550 2401 2401 183 551 2400 2400 184 552 2401 2401 184 553 2398 2398 184 554 2398 2398 185 555 2401 2401 185 556 2399 2399 185 557 2398 2398 186 558 2399 2399 186 559 2396 2396 186 560 2396 2396 187 561 2399 2399 187 562 2397 2397 187 563 2396 2396 188 564 2397 2397 188 565 2394 2394 188 566 2394 2394 189 567 2397 2397 189 568 2395 2395 189 569 2394 2394 190 570 2395 2395 190 571 2392 2392 190 572 2392 2392 191 573 2395 2395 191 574 2393 2393 191 575 2392 2392 192 576 2393 2393 192 577 2388 2388 192 578 2388 2388 193 579 2393 2393 193 580 2390 2390 193 581 2391 2391 194 582 2389 2389 194 583 2390 2390 194 584 2390 2390 195 585 2389 2389 195 586 2388 2388 195 587 2389 2389 196 588 2391 2391 196 589 2387 2387 196 590 2389 2389 197 591 2387 2387 197 592 2386 2386 197 593 2386 2386 198 594 2387 2387 198 595 2385 2385 198 596 2386 2386 199 597 2385 2385 199 598 2384 2384 199 599 2384 2384 200 600 2385 2385 200 601 2383 2383 200 602 2384 2384 201 603 2383 2383 201 604 2382 2382 201 605 2382 2382 202 606 2383 2383 202 607 2381 2381 202 608 2382 2382 203 609 2381 2381 203 610 2380 2380 203 611 2380 2380 204 612 2381 2381 204 613 2379 2379 204 614 2380 2380 205 615 2379 2379 205 616 2378 2378 205 617 2378 2378 206 618 2379 2379 206 619 2377 2377 206 620 2378 2378 207 621 2377 2377 207 622 2376 2376 207 623 2404 2404 208 624 2406 2406 208 625 2410 2410 208 626 2404 2404 209 627 2410 2410 209 628 2408 2408 209 629 2408 2408 210 630 2410 2410 210 631 2414 2414 210 632 2408 2408 211 633 2414 2414 211 634 2412 2412 211 635 2412 2412 212 636 2414 2414 212 637 2418 2418 212 638 2412 2412 213 639 2418 2418 213 640 2416 2416 213 641 2416 2416 214 642 2418 2418 214 643 2422 2422 214 644 2416 2416 215 645 2422 2422 215 646 2420 2420 215 647 2420 2420 216 648 2422 2422 216 649 2426 2426 216 650 2420 2420 217 651 2426 2426 217 652 2424 2424 217 653 2424 2424 218 654 2426 2426 218 655 2430 2430 218 656 2424 2424 219 657 2430 2430 219 658 2428 2428 219 659 2428 2428 220 660 2430 2430 220 661 2431 2431 220 662 2428 2428 221 663 2431 2431 221 664 2429 2429 221 665 2429 2429 222 666 2431 2431 222 667 2427 2427 222 668 2429 2429 223 669 2427 2427 223 670 2425 2425 223 671 2425 2425 224 672 2427 2427 224 673 2423 2423 224 674 2425 2425 225 675 2423 2423 225 676 2421 2421 225 677 2421 2421 226 678 2423 2423 226 679 2419 2419 226 680 2421 2421 227 681 2419 2419 227 682 2417 2417 227 683 2417 2417 228 684 2419 2419 228 685 2415 2415 228 686 2417 2417 229 687 2415 2415 229 688 2413 2413 229 689 2413 2413 230 690 2415 2415 230 691 2411 2411 230 692 2413 2413 231 693 2411 2411 231 694 2409 2409 231 695 2409 2409 232 696 2411 2411 232 697 2407 2407 232 698 2409 2409 233 699 2407 2407 233 700 2405 2405 233 701 2374 2374 234 702 2372 2372 234 703 2375 2375 234 704 2375 2375 235 705 2372 2372 235 706 2373 2373 235 707 2435 2435 236 708 2434 2434 236 709 2433 2433 236 710 2433 2433 237 711 2434 2434 237 712 2432 2432 237 713 2439 2439 238 714 2435 2435 238 715 2437 2437 238 716 2437 2437 239 717 2435 2435 239 718 2433 2433 239 719 2438 2438 240 720 2439 2439 240 721 2436 2436 240 722 2436 2436 241 723 2439 2439 241 724 2437 2437 241 725 2434 2434 242 726 2438 2438 242 727 2432 2432 242 728 2432 2432 243 729 2438 2438 243 730 2436 2436 243 731 2439 2439 244 732 2438 2438 244 733 2435 2435 244 734 2435 2435 245 735 2438 2438 245 736 2434 2434 245 737 2436 2436 246 738 2437 2437 246 739 2432 2432 246 740 2432 2432 247 741 2437 2437 247 742 2433 2433 247 743</p>
                </triangles>
            </mesh>
        </geometry>
    </library_geometries>
    <library_visual_scenes>
        <visual_scene id="VisualSceneNode" name="VisualScene">
            <node id="node" name="node">
                <instance_geometry url="#shape0-lib"/>
            </node>
        </visual_scene>
    </library_visual_scenes>
    <scene>
        <instance_visual_scene url="#VisualSceneNode"/>
    </scene>
</COLLADA>
