<?xml version="1.0" encoding="UTF-8"?>
<COLLADA xmlns="http://www.collada.org/2005/11/COLLADASchema" version="1.4.1">
    <asset>
        <contributor>
            <author>VCGLab</author>
            <authoring_tool>VCGLib | MeshLab</authoring_tool>
        </contributor>
        <created>Mon. Jul. 14 19:00:50 2025 GMT</created>
        <modified>Mon. Jul. 14 19:00:50 2025 GMT</modified>
        <up_axis>Y_UP</up_axis>
    </asset>
    <library_geometries>
        <geometry id="shape0-lib" name="shape0">
            <mesh>
                <source id="shape0-lib-positions" name="position">
                    <float_array id="shape0-lib-positions-array" count="7320">0.193 0.21335 0.00912398 0.193 0.21335 0.0591299 0.193 0.27485 0.00912398 0.193 0.27485 0.0591299 0.193275 0.21335 0.006679 0.193275 0.27485 0.006679 0.193322 0.27485 0.061772 0.193347 0.21335 0.0617689 0.193375 0.21335 0.061977 0.194 0.21235 0.00912398 0.194 0.21235 0.0591299 0.194 0.27585 0.00912398 0.194 0.27585 0.0591299 0.194087 0.21335 0.00435698 0.194087 0.27485 0.00435698 0.19425 0.21235 0.00690198 0.19425 0.27585 0.00690198 0.194269 0.27485 0.06426 0.194293 0.27585 0.061532 0.194313 0.21335 0.064242 0.194341 0.21235 0.061718 0.194474 0.21335 0.06463 0.194988 0.21235 0.00478995 0.194988 0.27585 0.00478995 0.195154 0.27585 0.063793 0.19534 0.21235 0.06413 0.195786 0.27485 0.066447 0.195837 0.21335 0.066407 0.196222 0.21335 0.066908 0.196533 0.27585 0.065782 0.196929 0.21235 0.066201 0.197784 0.27485 0.068205 0.197816 0.21335 -0.00239897 0.197816 0.27485 -0.00239897 0.197832 0.21335 0.068143 0.198349 0.27585 0.06738 0.1985 0.21335 0.068656 0.198663 0.21235 -0.001867 0.198663 0.27585 -0.001867 0.199 0.21235 0.06779 0.200146 0.27485 0.069433 0.200179 0.21335 0.069352 0.200496 0.27585 0.068496 0.201 0.32435 0.03413 0.201128 0.27585 0.030377 0.201128 0.27585 0.037883 0.201128 0.32435 0.030377 0.201128 0.32435 0.037883 0.201153 0.21335 0.069755 0.201412 0.21235 0.068789 0.20215 0.27585 0.02294 0.20215 0.27585 0.04532 0.20215 0.32435 0.02294 0.20215 0.32435 0.04532 0.20228 0.21335 -0.00869399 0.20228 0.27485 -0.00869399 0.202733 0.27485 0.070057 0.202745 0.21335 0.069965 0.202848 0.27585 0.069063 0.203062 0.21235 -0.00806999 0.203062 0.27585 -0.00806999 0.204 0.21235 0.06913 0.204 0.21335 0.07013 0.204176 0.27585 0.015712 0.204176 0.27585 0.052548 0.204176 0.32435 0.015712 0.204176 0.32435 0.052548 0.205268 0.27585 0.069049 0.205395 0.21335 0.070041 0.205395 0.27485 0.070041 0.206588 0.21235 0.068789 0.206847 0.21335 0.069755 0.207166 0.27585 0.00882596 0.207166 0.27585 0.059434 0.207166 0.32435 0.00882596 0.207166 0.32435 0.059434 0.207422 0.21335 -0.014448 0.207422 0.27485 -0.014448 0.208129 0.21235 -0.013741 0.208129 0.27585 -0.013741 0.20891 0.21335 0.069981 0.20891 0.27485 0.069983 0.208931 0.27485 0.069983 0.209 0.21235 0.06779 0.209025 0.27585 0.068988 0.2095 0.21335 0.068656 0.211067 0.27585 0.00241297 0.211067 0.27585 0.065847 0.211067 0.32435 0.00241297 0.211067 0.32435 0.065847 0.211071 0.21235 0.066201 0.211778 0.21335 0.066908 0.212352 0.27485 0.070695 0.212353 0.21335 0.07069 0.212393 0.27485 0.070703 0.21266 0.21235 0.06413 0.212704 0.27585 0.069753 0.213176 0.21335 -0.01959 0.213176 0.27485 -0.01959 0.213526 0.21335 0.06463 0.213659 0.21235 0.061718 0.2138 0.21235 -0.0188079 0.2138 0.27585 -0.0188079 0.214 0.21235 0.00202995 0.214 0.21235 0.0591299 0.214337 0.21235 -0.000532 0.214625 0.21335 0.061977 0.214846 0.27585 0.070618 0.215 0.21335 0.00202995 0.215 0.21335 0.0591299 0.215303 0.21335 -0.000273 0.215326 0.21235 -0.00291997 0.215555 0.27485 0.07214 0.215558 0.21335 0.072134 0.215613 0.27485 0.072166 0.215804 0.27585 -0.00340998 0.215804 0.32435 -0.00340998 0.215804 0.32435 0.07167 0.215805 0.275379 0.07167 0.215868 0.275348 0.071738 0.216192 0.21335 -0.00241995 0.2169 0.21235 -0.00496995 0.217082 0.274979 0.072994 0.217607 0.21335 -0.00426298 0.218371 0.21335 0.074243 0.218371 0.27485 0.074243 0.21895 0.21235 -0.00654399 0.21945 0.21335 -0.005678 0.219471 0.21335 -0.024054 0.219471 0.27485 -0.024054 0.220003 0.21235 -0.0232069 0.220003 0.27585 -0.0232069 0.22129 0.21335 0.076794 0.22129 0.27585 -0.00853395 0.22129 0.32435 -0.00853395 0.22129 0.32435 0.076794 0.221338 0.21235 -0.00753295 0.221597 0.21335 -0.00656694 0.2239 0.21235 -0.00786996 0.2239 0.21335 -0.00686997 0.224771 0.20435 0.032977 0.224771 0.21335 0.032977 0.225091 0.20435 0.038735 0.225091 0.21335 0.038735 0.225515 0.20435 0.027258 0.225515 0.21335 0.027258 0.226 0.32435 0.03413 0.226 0.32935 0.03413 0.226128 0.32935 0.031362 0.226128 0.32935 0.0368979 0.226227 0.21335 -0.027783 0.226227 0.27485 -0.027783 0.226464 0.20435 0.044336 0.226464 0.21335 0.044336 0.226511 0.32435 0.028618 0.226511 0.32435 0.039642 0.226637 0.32935 0.028641 0.226637 0.32935 0.039619 0.22666 0.21235 -0.026882 0.22666 0.27585 -0.026882 0.226703 0.33035 0.031415 0.226703 0.33035 0.036845 0.227145 0.32935 0.02592 0.227145 0.32935 0.04234 0.227297 0.20435 0.021774 0.227297 0.21335 0.021774 0.227423 0.21335 0.081123 0.227423 0.27585 -0.012863 0.227423 0.32435 -0.012863 0.227423 0.32435 0.081123 0.227701 0.33035 0.026078 0.227701 0.33035 0.042182 0.228026 0.32435 0.0232929 0.228026 0.32435 0.044967 0.228145 0.32935 0.023339 0.228145 0.32935 0.044921 0.228549 0.21335 -0.028595 0.228549 0.27485 -0.028595 0.228772 0.21235 -0.02762 0.228772 0.27585 -0.02762 0.228842 0.20435 0.049589 0.228842 0.21335 0.049589 0.229145 0.32935 0.020758 0.229145 0.32935 0.047502 0.229662 0.33035 0.021015 0.229662 0.33035 0.047245 0.230056 0.20435 0.01671 0.230056 0.21335 0.01671 0.230493 0.32435 0.0183369 0.230493 0.32435 0.049923 0.230602 0.32935 0.0184039 0.230602 0.32935 0.0498559 0.230994 0.21235 -0.02787 0.230994 0.21335 -0.02887 0.230994 0.27485 -0.02887 0.230994 0.27585 -0.02787 0.232059 0.32935 0.016051 0.232059 0.32935 0.052209 0.232145 0.20435 0.054317 0.232145 0.21335 0.054317 0.23252 0.33035 0.016399 0.23252 0.33035 0.051861 0.233698 0.20435 0.012239 0.233698 0.21335 0.012239 0.23383 0.32435 0.013919 0.23383 0.32435 0.054341 0.233924 0.32935 0.0140049 0.233924 0.32935 0.0542549 0.234088 0.21335 0.084577 0.234088 0.27585 -0.016317 0.234088 0.32435 -0.016317 0.234088 0.32435 0.084577 0.235789 0.32935 0.01196 0.235789 0.32935 0.0563 0.236178 0.33035 0.012386 0.236178 0.33035 0.055874 0.23626 0.20435 0.058356 0.23626 0.21335 0.058356 0.237921 0.32435 0.010189 0.237921 0.32435 0.058071 0.237998 0.32935 0.010292 0.237998 0.32935 0.057968 0.238101 0.20435 0.00851399 0.238101 0.21335 0.00851399 0.240207 0.32935 0.00862294 0.240207 0.32935 0.059637 0.240511 0.33035 0.00911397 0.240511 0.33035 0.059146 0.241048 0.20435 0.061571 0.241048 0.21335 0.061571 0.241161 0.21335 0.0870899 0.241161 0.27585 -0.01883 0.241161 0.32435 -0.01883 0.241161 0.32435 0.0870899 0.242628 0.32435 0.00727498 0.242628 0.32435 0.060985 0.242685 0.32935 0.00738996 0.242685 0.32935 0.06087 0.243112 0.20435 0.00566095 0.243112 0.21335 0.00566095 0.245163 0.32935 0.00615597 0.245163 0.32935 0.062104 0.245371 0.33035 0.00669396 0.245371 0.33035 0.061566 0.246345 0.20435 0.063851 0.246345 0.21335 0.063851 0.24779 0.32435 0.00527495 0.24779 0.32435 0.062985 0.247825 0.32935 0.00539797 0.247825 0.32935 0.062862 0.248511 0.21335 0.088618 0.248511 0.27585 -0.020358 0.248511 0.32435 -0.020358 0.248511 0.32435 0.088618 0.248563 0.20435 0.00377798 0.248563 0.21335 0.00377798 0.250488 0.32935 0.004641 0.250488 0.32935 0.063619 0.250594 0.33035 0.00520795 0.250594 0.33035 0.063052 0.25197 0.20435 0.065119 0.25197 0.21335 0.065119 0.253232 0.32435 0.00425798 0.253232 0.32435 0.064002 0.253244 0.32935 0.00438499 0.253244 0.32935 0.063875 0.254267 0.20435 0.00292796 0.254267 0.21335 0.00292796 0.256 0.20435 0.03413 0.256 0.20435 0.06538 0.256 0.21335 0.08913 0.256 0.27585 -0.02087 0.256 0.32435 -0.02087 0.256 0.32435 0.08913 0.256 0.32935 0.00412995 0.256 0.32935 0.06413 0.256 0.33035 0.00470698 0.256 0.33035 0.063553 0.257733 0.20435 0.065332 0.257733 0.21335 0.065332 0.258756 0.32935 0.00438499 0.258756 0.32935 0.063875 0.258768 0.32435 0.00425798 0.258768 0.32435 0.064002 0.26003 0.20435 0.00314099 0.26003 0.21335 0.00314099 0.261406 0.33035 0.00520795 0.261406 0.33035 0.063052 0.261512 0.32935 0.004641 0.261512 0.32935 0.063619 0.263437 0.20435 0.064482 0.263437 0.21335 0.064482 0.263489 0.21335 0.088618 0.263489 0.27585 -0.020358 0.263489 0.32435 -0.020358 0.263489 0.32435 0.088618 0.264175 0.32935 0.00539797 0.264175 0.32935 0.062862 0.26421 0.32435 0.00527495 0.26421 0.32435 0.062985 0.265655 0.20435 0.00440896 0.265655 0.21335 0.00440896 0.266629 0.33035 0.00669396 0.266629 0.33035 0.061566 0.266837 0.32935 0.00615597 0.266837 0.32935 0.062104 0.268888 0.20435 0.062599 0.268888 0.21335 0.062599 0.269315 0.32935 0.00738996 0.269315 0.32935 0.06087 0.269372 0.32435 0.00727498 0.269372 0.32435 0.060985 0.270839 0.21335 0.0870899 0.270839 0.27585 -0.01883 0.270839 0.32435 -0.01883 0.270839 0.32435 0.0870899 0.270952 0.20435 0.00668895 0.270952 0.21335 0.00668895 0.271489 0.33035 0.00911397 0.271489 0.33035 0.059146 0.271793 0.32935 0.00862294 0.271793 0.32935 0.059637 0.273899 0.20435 0.059746 0.273899 0.21335 0.059746 0.274002 0.32935 0.010292 0.274002 0.32935 0.057968 0.274079 0.32435 0.010189 0.274079 0.32435 0.058071 0.27574 0.20435 0.00990397 0.27574 0.21335 0.00990397 0.275822 0.33035 0.012386 0.275822 0.33035 0.055874 0.276211 0.32935 0.01196 0.276211 0.32935 0.0563 0.277912 0.21335 0.084577 0.277912 0.27585 -0.016317 0.277912 0.32435 -0.016317 0.277912 0.32435 0.084577 0.278076 0.32935 0.0140049 0.278076 0.32935 0.0542549 0.27817 0.32435 0.013919 0.27817 0.32435 0.054341 0.278302 0.20435 0.056021 0.278302 0.21335 0.056021 0.27948 0.33035 0.016399 0.27948 0.33035 0.051861 0.279855 0.20435 0.013943 0.279855 0.21335 0.013943 0.279941 0.32935 0.016051 0.279941 0.32935 0.052209 0.281006 0.21235 -0.02787 0.281006 0.21335 -0.02887 0.281006 0.27485 -0.02887 0.281006 0.27585 -0.02787 0.281398 0.32935 0.0184039 0.281398 0.32935 0.0498559 0.281507 0.32435 0.0183369 0.281507 0.32435 0.049923 0.281944 0.20435 0.05155 0.281944 0.21335 0.05155 0.282338 0.33035 0.021015 0.282338 0.33035 0.047245 0.282855 0.32935 0.020758 0.282855 0.32935 0.047502 0.283158 0.20435 0.018671 0.283158 0.21335 0.018671 0.283228 0.21235 -0.02762 0.283228 0.27585 -0.02762 0.283451 0.21335 -0.028595 0.283451 0.27485 -0.028595 0.283855 0.32935 0.023339 0.283855 0.32935 0.044921 0.283974 0.32435 0.0232929 0.283974 0.32435 0.044967 0.284299 0.33035 0.026078 0.284299 0.33035 0.042182 0.284577 0.21335 0.081123 0.284577 0.27585 -0.012863 0.284577 0.32435 -0.012863 0.284577 0.32435 0.081123 0.284703 0.20435 0.046486 0.284703 0.21335 0.046486 0.284855 0.32935 0.02592 0.284855 0.32935 0.04234 0.285297 0.33035 0.031415 0.285297 0.33035 0.036845 0.28534 0.21235 -0.026882 0.28534 0.27585 -0.026882 0.285363 0.32935 0.028641 0.285363 0.32935 0.039619 0.285489 0.32435 0.028618 0.285489 0.32435 0.039642 0.285536 0.20435 0.023924 0.285536 0.21335 0.023924 0.285773 0.21335 -0.027783 0.285773 0.27485 -0.027783 0.285872 0.32935 0.031362 0.285872 0.32935 0.0368979 0.286 0.32435 0.03413 0.286 0.32935 0.03413 0.286485 0.20435 0.041002 0.286485 0.21335 0.041002 0.286909 0.20435 0.029525 0.286909 0.21335 0.029525 0.287229 0.20435 0.035283 0.287229 0.21335 0.035283 0.28725 0.21335 0.03413 0.2881 0.21235 -0.00786996 0.2881 0.21335 -0.00686997 0.290403 0.21335 -0.00656694 0.290662 0.21235 -0.00753295 0.29071 0.21335 0.076794 0.29071 0.27585 -0.00853395 0.29071 0.32435 -0.00853395 0.29071 0.32435 0.076794 0.291997 0.21235 -0.0232069 0.291997 0.27585 -0.0232069 0.292529 0.21335 -0.024054 0.292529 0.27485 -0.024054 0.29255 0.21335 -0.005678 0.29305 0.21235 -0.00654399 0.293629 0.21335 0.074243 0.293629 0.27485 0.074243 0.294393 0.21335 -0.00426298 0.294918 0.274979 0.072994 0.2951 0.21235 -0.00496995 0.295808 0.21335 -0.00241995 0.296132 0.275348 0.071738 0.296195 0.275379 0.07167 0.296196 0.27585 -0.00340998 0.296196 0.32435 -0.00340998 0.296196 0.32435 0.07167 0.296387 0.27485 0.072166 0.296442 0.21335 0.072134 0.296445 0.27485 0.07214 0.296674 0.21235 -0.00291997 0.296697 0.21335 -0.000273 0.297 0.21335 0.00202995 0.297 0.21335 0.0591299 0.297154 0.27585 0.070618 0.297375 0.21335 0.061977 0.297663 0.21235 -0.000532 0.298 0.21235 0.00202995 0.298 0.21235 0.0591299 0.2982 0.21235 -0.0188079 0.2982 0.27585 -0.0188079 0.298341 0.21235 0.061718 0.298474 0.21335 0.06463 0.298824 0.21335 -0.01959 0.298824 0.27485 -0.01959 0.299296 0.27585 0.069753 0.29934 0.21235 0.06413 0.299607 0.27485 0.070703 0.299647 0.21335 0.07069 0.299648 0.27485 0.070695 0.300222 0.21335 0.066908 0.300929 0.21235 0.066201 0.300933 0.27585 0.00241297 0.300933 0.27585 0.065847 0.300933 0.32435 0.00241297 0.300933 0.32435 0.065847 0.3025 0.21335 0.068656 0.302975 0.27585 0.068988 0.303 0.21235 0.06779 0.303069 0.27485 0.069983 0.30309 0.27485 0.069983 0.30309 0.21335 0.069981 0.303871 0.21235 -0.013741 0.303871 0.27585 -0.013741 0.304578 0.21335 -0.014448 0.304578 0.27485 -0.014448 0.304834 0.27585 0.00882596 0.304834 0.27585 0.059434 0.304834 0.32435 0.00882596 0.304834 0.32435 0.059434 0.305153 0.21335 0.069755 0.305412 0.21235 0.068789 0.306605 0.21335 0.070041 0.306605 0.27485 0.070041 0.306732 0.27585 0.069049 0.307824 0.27585 0.015712 0.307824 0.27585 0.052548 0.307824 0.32435 0.015712 0.307824 0.32435 0.052548 0.308 0.21235 0.06913 0.308 0.21335 0.07013 0.308938 0.21235 -0.00806999 0.308938 0.27585 -0.00806999 0.309152 0.27585 0.069063 0.309255 0.21335 0.069965 0.309267 0.27485 0.070057 0.30972 0.21335 -0.00869399 0.30972 0.27485 -0.00869399 0.30985 0.27585 0.02294 0.30985 0.27585 0.04532 0.30985 0.32435 0.02294 0.30985 0.32435 0.04532 0.310588 0.21235 0.068789 0.310847 0.21335 0.069755 0.310872 0.27585 0.030377 0.310872 0.27585 0.037883 0.310872 0.32435 0.030377 0.310872 0.32435 0.037883 0.311504 0.27585 0.068496 0.311821 0.21335 0.069352 0.311854 0.27485 0.069433 0.313 0.21235 0.06779 0.313337 0.21235 -0.001867 0.313337 0.27585 -0.001867 0.3135 0.21335 0.068656 0.313651 0.27585 0.06738 0.314168 0.21335 0.068143 0.314184 0.21335 -0.00239897 0.314184 0.27485 -0.00239897 0.314216 0.27485 0.068205 0.315071 0.21235 0.066201 0.315467 0.27585 0.065782 0.315778 0.21335 0.066908 0.316163 0.21335 0.066407 0.316214 0.27485 0.066447 0.31666 0.21235 0.06413 0.316846 0.27585 0.063793 0.317012 0.21235 0.00478995 0.317012 0.27585 0.00478995 0.317526 0.21335 0.06463 0.317659 0.21235 0.061718 0.317687 0.21335 0.064242 0.317707 0.27585 0.061532 0.317731 0.27485 0.06426 0.31775 0.21235 0.00690198 0.31775 0.27585 0.00690198 0.317913 0.21335 0.00435698 0.317913 0.27485 0.00435698 0.318 0.21235 0.00912398 0.318 0.21235 0.0591299 0.318 0.27585 0.00912398 0.318 0.27585 0.0591299 0.318625 0.21335 0.061977 0.318653 0.21335 0.0617689 0.318678 0.27485 0.061772 0.318725 0.21335 0.006679 0.318725 0.27485 0.006679 0.319 0.21335 0.00912398 0.319 0.21335 0.0591299 0.319 0.27485 0.00912398 0.319 0.27485 0.0591299 -0.319 0.21335 0.00912398 -0.319 0.21335 0.0591299 -0.319 0.27485 0.00912398 -0.319 0.27485 0.0591299 -0.318725 0.21335 0.006679 -0.318725 0.27485 0.006679 -0.318678 0.27485 0.061772 -0.318653 0.21335 0.0617689 -0.318625 0.21335 0.061977 -0.318 0.21235 0.00912398 -0.318 0.21235 0.0591299 -0.318 0.27585 0.00912398 -0.318 0.27585 0.0591299 -0.317913 0.21335 0.00435698 -0.317913 0.27485 0.00435698 -0.31775 0.21235 0.00690198 -0.31775 0.27585 0.00690198 -0.317731 0.27485 0.06426 -0.317707 0.27585 0.061532 -0.317687 0.21335 0.064242 -0.317659 0.21235 0.061718 -0.317526 0.21335 0.06463 -0.317012 0.21235 0.00478995 -0.317012 0.27585 0.00478995 -0.316846 0.27585 0.063793 -0.31666 0.21235 0.06413 -0.316214 0.27485 0.066447 -0.316163 0.21335 0.066407 -0.315778 0.21335 0.066908 -0.315467 0.27585 0.065782 -0.315071 0.21235 0.066201 -0.314216 0.27485 0.068205 -0.314184 0.21335 -0.00239897 -0.314184 0.27485 -0.00239897 -0.314168 0.21335 0.068143 -0.313651 0.27585 0.06738 -0.3135 0.21335 0.068656 -0.313337 0.21235 -0.001867 -0.313337 0.27585 -0.001867 -0.313 0.21235 0.06779 -0.311854 0.27485 0.069433 -0.311821 0.21335 0.069352 -0.311504 0.27585 0.068496 -0.311 0.32435 0.03413 -0.310872 0.27585 0.030377 -0.310872 0.27585 0.037883 -0.310872 0.32435 0.030377 -0.310872 0.32435 0.037883 -0.310847 0.21335 0.069755 -0.310588 0.21235 0.068789 -0.30985 0.27585 0.02294 -0.30985 0.27585 0.04532 -0.30985 0.32435 0.02294 -0.30985 0.32435 0.04532 -0.30972 0.21335 -0.00869399 -0.30972 0.27485 -0.00869399 -0.309267 0.27485 0.070057 -0.309255 0.21335 0.069965 -0.309152 0.27585 0.069063 -0.308938 0.21235 -0.00806999 -0.308938 0.27585 -0.00806999 -0.308 0.21235 0.06913 -0.308 0.21335 0.07013 -0.307824 0.27585 0.015712 -0.307824 0.27585 0.052548 -0.307824 0.32435 0.015712 -0.307824 0.32435 0.052548 -0.306732 0.27585 0.069049 -0.306605 0.21335 0.070041 -0.306605 0.27485 0.070041 -0.305412 0.21235 0.068789 -0.305153 0.21335 0.069755 -0.304834 0.27585 0.00882596 -0.304834 0.27585 0.059434 -0.304834 0.32435 0.00882596 -0.304834 0.32435 0.059434 -0.304578 0.21335 -0.014448 -0.304578 0.27485 -0.014448 -0.303871 0.21235 -0.013741 -0.303871 0.27585 -0.013741 -0.30309 0.21335 0.069981 -0.30309 0.27485 0.069983 -0.303069 0.27485 0.069983 -0.303 0.21235 0.06779 -0.302975 0.27585 0.068988 -0.3025 0.21335 0.068656 -0.300933 0.27585 0.00241297 -0.300933 0.27585 0.065847 -0.300933 0.32435 0.00241297 -0.300933 0.32435 0.065847 -0.300929 0.21235 0.066201 -0.300222 0.21335 0.066908 -0.299648 0.27485 0.070695 -0.299647 0.21335 0.07069 -0.299607 0.27485 0.070703 -0.29934 0.21235 0.06413 -0.299296 0.27585 0.069753 -0.298824 0.21335 -0.01959 -0.298824 0.27485 -0.01959 -0.298474 0.21335 0.06463 -0.298341 0.21235 0.061718 -0.2982 0.21235 -0.0188079 -0.2982 0.27585 -0.0188079 -0.298 0.21235 0.00202995 -0.298 0.21235 0.0591299 -0.297663 0.21235 -0.000532 -0.297375 0.21335 0.061977 -0.297154 0.27585 0.070618 -0.297 0.21335 0.00202995 -0.297 0.21335 0.0591299 -0.296697 0.21335 -0.000273 -0.296674 0.21235 -0.00291997 -0.296445 0.27485 0.07214 -0.296442 0.21335 0.072134 -0.296387 0.27485 0.072166 -0.296196 0.27585 -0.00340998 -0.296196 0.32435 -0.00340998 -0.296196 0.32435 0.07167 -0.296195 0.275379 0.07167 -0.296132 0.275348 0.071738 -0.295808 0.21335 -0.00241995 -0.2951 0.21235 -0.00496995 -0.294918 0.274979 0.072994 -0.294393 0.21335 -0.00426298 -0.293629 0.21335 0.074243 -0.293629 0.27485 0.074243 -0.29305 0.21235 -0.00654399 -0.29255 0.21335 -0.005678 -0.292529 0.21335 -0.024054 -0.292529 0.27485 -0.024054 -0.291997 0.21235 -0.0232069 -0.291997 0.27585 -0.0232069 -0.29071 0.21335 0.076794 -0.29071 0.27585 -0.00853395 -0.29071 0.32435 -0.00853395 -0.29071 0.32435 0.076794 -0.290662 0.21235 -0.00753295 -0.290403 0.21335 -0.00656694 -0.2881 0.21235 -0.00786996 -0.2881 0.21335 -0.00686997 -0.287229 0.20435 0.032977 -0.287229 0.21335 0.032977 -0.286909 0.20435 0.038735 -0.286909 0.21335 0.038735 -0.286485 0.20435 0.027258 -0.286485 0.21335 0.027258 -0.286 0.32435 0.03413 -0.286 0.32935 0.03413 -0.285872 0.32935 0.031362 -0.285872 0.32935 0.0368979 -0.285773 0.21335 -0.027783 -0.285773 0.27485 -0.027783 -0.285536 0.20435 0.044336 -0.285536 0.21335 0.044336 -0.285489 0.32435 0.028618 -0.285489 0.32435 0.039642 -0.285363 0.32935 0.028641 -0.285363 0.32935 0.039619 -0.28534 0.21235 -0.026882 -0.28534 0.27585 -0.026882 -0.285297 0.33035 0.031415 -0.285297 0.33035 0.036845 -0.284855 0.32935 0.02592 -0.284855 0.32935 0.04234 -0.284703 0.20435 0.021774 -0.284703 0.21335 0.021774 -0.284577 0.21335 0.081123 -0.284577 0.27585 -0.012863 -0.284577 0.32435 -0.012863 -0.284577 0.32435 0.081123 -0.284299 0.33035 0.026078 -0.284299 0.33035 0.042182 -0.283974 0.32435 0.0232929 -0.283974 0.32435 0.044967 -0.283855 0.32935 0.023339 -0.283855 0.32935 0.044921 -0.283451 0.21335 -0.028595 -0.283451 0.27485 -0.028595 -0.283228 0.21235 -0.02762 -0.283228 0.27585 -0.02762 -0.283158 0.20435 0.049589 -0.283158 0.21335 0.049589 -0.282855 0.32935 0.020758 -0.282855 0.32935 0.047502 -0.282338 0.33035 0.021015 -0.282338 0.33035 0.047245 -0.281944 0.20435 0.01671 -0.281944 0.21335 0.01671 -0.281507 0.32435 0.0183369 -0.281507 0.32435 0.049923 -0.281398 0.32935 0.0184039 -0.281398 0.32935 0.0498559 -0.281006 0.21235 -0.02787 -0.281006 0.21335 -0.02887 -0.281006 0.27485 -0.02887 -0.281006 0.27585 -0.02787 -0.279941 0.32935 0.016051 -0.279941 0.32935 0.052209 -0.279855 0.20435 0.054317 -0.279855 0.21335 0.054317 -0.27948 0.33035 0.016399 -0.27948 0.33035 0.051861 -0.278302 0.20435 0.012239 -0.278302 0.21335 0.012239 -0.27817 0.32435 0.013919 -0.27817 0.32435 0.054341 -0.278076 0.32935 0.0140049 -0.278076 0.32935 0.0542549 -0.277912 0.21335 0.084577 -0.277912 0.27585 -0.016317 -0.277912 0.32435 -0.016317 -0.277912 0.32435 0.084577 -0.276211 0.32935 0.01196 -0.276211 0.32935 0.0563 -0.275822 0.33035 0.012386 -0.275822 0.33035 0.055874 -0.27574 0.20435 0.058356 -0.27574 0.21335 0.058356 -0.274079 0.32435 0.010189 -0.274079 0.32435 0.058071 -0.274002 0.32935 0.010292 -0.274002 0.32935 0.057968 -0.273899 0.20435 0.00851399 -0.273899 0.21335 0.00851399 -0.271793 0.32935 0.00862294 -0.271793 0.32935 0.059637 -0.271489 0.33035 0.00911397 -0.271489 0.33035 0.059146 -0.270952 0.20435 0.061571 -0.270952 0.21335 0.061571 -0.270839 0.21335 0.0870899 -0.270839 0.27585 -0.01883 -0.270839 0.32435 -0.01883 -0.270839 0.32435 0.0870899 -0.269372 0.32435 0.00727498 -0.269372 0.32435 0.060985 -0.269315 0.32935 0.00738996 -0.269315 0.32935 0.06087 -0.268888 0.20435 0.00566095 -0.268888 0.21335 0.00566095 -0.266837 0.32935 0.00615597 -0.266837 0.32935 0.062104 -0.266629 0.33035 0.00669396 -0.266629 0.33035 0.061566 -0.265655 0.20435 0.063851 -0.265655 0.21335 0.063851 -0.26421 0.32435 0.00527495 -0.26421 0.32435 0.062985 -0.264175 0.32935 0.00539797 -0.264175 0.32935 0.062862 -0.263489 0.21335 0.088618 -0.263489 0.27585 -0.020358 -0.263489 0.32435 -0.020358 -0.263489 0.32435 0.088618 -0.263437 0.20435 0.00377798 -0.263437 0.21335 0.00377798 -0.261512 0.32935 0.004641 -0.261512 0.32935 0.063619 -0.261406 0.33035 0.00520795 -0.261406 0.33035 0.063052 -0.26003 0.20435 0.065119 -0.26003 0.21335 0.065119 -0.258768 0.32435 0.00425798 -0.258768 0.32435 0.064002 -0.258756 0.32935 0.00438499 -0.258756 0.32935 0.063875 -0.257733 0.20435 0.00292796 -0.257733 0.21335 0.00292796 -0.256 0.20435 0.03413 -0.256 0.20435 0.06538 -0.256 0.21335 0.08913 -0.256 0.27585 -0.02087 -0.256 0.32435 -0.02087 -0.256 0.32435 0.08913 -0.256 0.32935 0.00412995 -0.256 0.32935 0.06413 -0.256 0.33035 0.00470698 -0.256 0.33035 0.063553 -0.254267 0.20435 0.065332 -0.254267 0.21335 0.065332 -0.253244 0.32935 0.00438499 -0.253244 0.32935 0.063875 -0.253232 0.32435 0.00425798 -0.253232 0.32435 0.064002 -0.25197 0.20435 0.00314099 -0.25197 0.21335 0.00314099 -0.250594 0.33035 0.00520795 -0.250594 0.33035 0.063052 -0.250488 0.32935 0.004641 -0.250488 0.32935 0.063619 -0.248563 0.20435 0.064482 -0.248563 0.21335 0.064482 -0.248511 0.21335 0.088618 -0.248511 0.27585 -0.020358 -0.248511 0.32435 -0.020358 -0.248511 0.32435 0.088618 -0.247825 0.32935 0.00539797 -0.247825 0.32935 0.062862 -0.24779 0.32435 0.00527495 -0.24779 0.32435 0.062985 -0.246345 0.20435 0.00440896 -0.246345 0.21335 0.00440896 -0.245371 0.33035 0.00669396 -0.245371 0.33035 0.061566 -0.245163 0.32935 0.00615597 -0.245163 0.32935 0.062104 -0.243112 0.20435 0.062599 -0.243112 0.21335 0.062599 -0.242685 0.32935 0.00738996 -0.242685 0.32935 0.06087 -0.242628 0.32435 0.00727498 -0.242628 0.32435 0.060985 -0.241161 0.21335 0.0870899 -0.241161 0.27585 -0.01883 -0.241161 0.32435 -0.01883 -0.241161 0.32435 0.0870899 -0.241048 0.20435 0.00668895 -0.241048 0.21335 0.00668895 -0.240511 0.33035 0.00911397 -0.240511 0.33035 0.059146 -0.240207 0.32935 0.00862294 -0.240207 0.32935 0.059637 -0.238101 0.20435 0.059746 -0.238101 0.21335 0.059746 -0.237998 0.32935 0.010292 -0.237998 0.32935 0.057968 -0.237921 0.32435 0.010189 -0.237921 0.32435 0.058071 -0.23626 0.20435 0.00990397 -0.23626 0.21335 0.00990397 -0.236178 0.33035 0.012386 -0.236178 0.33035 0.055874 -0.235789 0.32935 0.01196 -0.235789 0.32935 0.0563 -0.234088 0.21335 0.084577 -0.234088 0.27585 -0.016317 -0.234088 0.32435 -0.016317 -0.234088 0.32435 0.084577 -0.233924 0.32935 0.0140049 -0.233924 0.32935 0.0542549 -0.23383 0.32435 0.013919 -0.23383 0.32435 0.054341 -0.233698 0.20435 0.056021 -0.233698 0.21335 0.056021 -0.23252 0.33035 0.016399 -0.23252 0.33035 0.051861 -0.232145 0.20435 0.013943 -0.232145 0.21335 0.013943 -0.232059 0.32935 0.016051 -0.232059 0.32935 0.052209 -0.230994 0.21235 -0.02787 -0.230994 0.21335 -0.02887 -0.230994 0.27485 -0.02887 -0.230994 0.27585 -0.02787 -0.230602 0.32935 0.0184039 -0.230602 0.32935 0.0498559 -0.230493 0.32435 0.0183369 -0.230493 0.32435 0.049923 -0.230056 0.20435 0.05155 -0.230056 0.21335 0.05155 -0.229662 0.33035 0.021015 -0.229662 0.33035 0.047245 -0.229145 0.32935 0.020758 -0.229145 0.32935 0.047502 -0.228842 0.20435 0.018671 -0.228842 0.21335 0.018671 -0.228772 0.21235 -0.02762 -0.228772 0.27585 -0.02762 -0.228549 0.21335 -0.028595 -0.228549 0.27485 -0.028595 -0.228145 0.32935 0.023339 -0.228145 0.32935 0.044921 -0.228026 0.32435 0.0232929 -0.228026 0.32435 0.044967 -0.227701 0.33035 0.026078 -0.227701 0.33035 0.042182 -0.227423 0.21335 0.081123 -0.227423 0.27585 -0.012863 -0.227423 0.32435 -0.012863 -0.227423 0.32435 0.081123 -0.227297 0.20435 0.046486 -0.227297 0.21335 0.046486 -0.227145 0.32935 0.02592 -0.227145 0.32935 0.04234 -0.226703 0.33035 0.031415 -0.226703 0.33035 0.036845 -0.22666 0.21235 -0.026882 -0.22666 0.27585 -0.026882 -0.226637 0.32935 0.028641 -0.226637 0.32935 0.039619 -0.226511 0.32435 0.028618 -0.226511 0.32435 0.039642 -0.226464 0.20435 0.023924 -0.226464 0.21335 0.023924 -0.226227 0.21335 -0.027783 -0.226227 0.27485 -0.027783 -0.226128 0.32935 0.031362 -0.226128 0.32935 0.0368979 -0.226 0.32435 0.03413 -0.226 0.32935 0.03413 -0.225515 0.20435 0.041002 -0.225515 0.21335 0.041002 -0.225091 0.20435 0.029525 -0.225091 0.21335 0.029525 -0.224771 0.20435 0.035283 -0.224771 0.21335 0.035283 -0.22475 0.21335 0.03413 -0.2239 0.21235 -0.00786996 -0.2239 0.21335 -0.00686997 -0.221597 0.21335 -0.00656694 -0.221338 0.21235 -0.00753295 -0.22129 0.21335 0.076794 -0.22129 0.27585 -0.00853395 -0.22129 0.32435 -0.00853395 -0.22129 0.32435 0.076794 -0.220003 0.21235 -0.0232069 -0.220003 0.27585 -0.0232069 -0.219471 0.21335 -0.024054 -0.219471 0.27485 -0.024054 -0.21945 0.21335 -0.005678 -0.21895 0.21235 -0.00654399 -0.218371 0.21335 0.074243 -0.218371 0.27485 0.074243 -0.217607 0.21335 -0.00426298 -0.217082 0.274979 0.072994 -0.2169 0.21235 -0.00496995 -0.216192 0.21335 -0.00241995 -0.215868 0.275348 0.071738 -0.215805 0.275379 0.07167 -0.215804 0.27585 -0.00340998 -0.215804 0.32435 -0.00340998 -0.215804 0.32435 0.07167 -0.215613 0.27485 0.072166 -0.215558 0.21335 0.072134 -0.215555 0.27485 0.07214 -0.215326 0.21235 -0.00291997 -0.215303 0.21335 -0.000273 -0.215 0.21335 0.00202995 -0.215 0.21335 0.0591299 -0.214846 0.27585 0.070618 -0.214625 0.21335 0.061977 -0.214337 0.21235 -0.000532 -0.214 0.21235 0.00202995 -0.214 0.21235 0.0591299 -0.2138 0.21235 -0.0188079 -0.2138 0.27585 -0.0188079 -0.213659 0.21235 0.061718 -0.213526 0.21335 0.06463 -0.213176 0.21335 -0.01959 -0.213176 0.27485 -0.01959 -0.212704 0.27585 0.069753 -0.21266 0.21235 0.06413 -0.212393 0.27485 0.070703 -0.212353 0.21335 0.07069 -0.212352 0.27485 0.070695 -0.211778 0.21335 0.066908 -0.211071 0.21235 0.066201 -0.211067 0.27585 0.00241297 -0.211067 0.27585 0.065847 -0.211067 0.32435 0.00241297 -0.211067 0.32435 0.065847 -0.2095 0.21335 0.068656 -0.209025 0.27585 0.068988 -0.209 0.21235 0.06779 -0.208931 0.27485 0.069983 -0.20891 0.27485 0.069983 -0.20891 0.21335 0.069981 -0.208129 0.21235 -0.013741 -0.208129 0.27585 -0.013741 -0.207422 0.21335 -0.014448 -0.207422 0.27485 -0.014448 -0.207166 0.27585 0.00882596 -0.207166 0.27585 0.059434 -0.207166 0.32435 0.00882596 -0.207166 0.32435 0.059434 -0.206847 0.21335 0.069755 -0.206588 0.21235 0.068789 -0.205395 0.21335 0.070041 -0.205395 0.27485 0.070041 -0.205268 0.27585 0.069049 -0.204176 0.27585 0.015712 -0.204176 0.27585 0.052548 -0.204176 0.32435 0.015712 -0.204176 0.32435 0.052548 -0.204 0.21235 0.06913 -0.204 0.21335 0.07013 -0.203062 0.21235 -0.00806999 -0.203062 0.27585 -0.00806999 -0.202848 0.27585 0.069063 -0.202745 0.21335 0.069965 -0.202733 0.27485 0.070057 -0.20228 0.21335 -0.00869399 -0.20228 0.27485 -0.00869399 -0.20215 0.27585 0.02294 -0.20215 0.27585 0.04532 -0.20215 0.32435 0.02294 -0.20215 0.32435 0.04532 -0.201412 0.21235 0.068789 -0.201153 0.21335 0.069755 -0.201128 0.27585 0.030377 -0.201128 0.27585 0.037883 -0.201128 0.32435 0.030377 -0.201128 0.32435 0.037883 -0.200496 0.27585 0.068496 -0.200179 0.21335 0.069352 -0.200146 0.27485 0.069433 -0.199 0.21235 0.06779 -0.198663 0.21235 -0.001867 -0.198663 0.27585 -0.001867 -0.1985 0.21335 0.068656 -0.198349 0.27585 0.06738 -0.197832 0.21335 0.068143 -0.197816 0.21335 -0.00239897 -0.197816 0.27485 -0.00239897 -0.197784 0.27485 0.068205 -0.196929 0.21235 0.066201 -0.196533 0.27585 0.065782 -0.196222 0.21335 0.066908 -0.195837 0.21335 0.066407 -0.195786 0.27485 0.066447 -0.19534 0.21235 0.06413 -0.195154 0.27585 0.063793 -0.194988 0.21235 0.00478995 -0.194988 0.27585 0.00478995 -0.194474 0.21335 0.06463 -0.194341 0.21235 0.061718 -0.194313 0.21335 0.064242 -0.194293 0.27585 0.061532 -0.194269 0.27485 0.06426 -0.19425 0.21235 0.00690198 -0.19425 0.27585 0.00690198 -0.194087 0.21335 0.00435698 -0.194087 0.27485 0.00435698 -0.194 0.21235 0.00912398 -0.194 0.21235 0.0591299 -0.194 0.27585 0.00912398 -0.194 0.27585 0.0591299 -0.193375 0.21335 0.061977 -0.193347 0.21335 0.0617689 -0.193322 0.27485 0.061772 -0.193275 0.21335 0.006679 -0.193275 0.27485 0.006679 -0.193 0.21335 0.00912398 -0.193 0.21335 0.0591299 -0.193 0.27485 0.00912398 -0.193 0.27485 0.0591299 0.193 -0.27485 0.00912398 0.193 -0.27485 0.0591299 0.193 -0.21335 0.00912398 0.193 -0.21335 0.0591299 0.193275 -0.27485 0.006679 0.193275 -0.21335 0.006679 0.193322 -0.27485 0.061772 0.193347 -0.21335 0.0617689 0.193375 -0.21335 0.061977 0.194 -0.27585 0.00912398 0.194 -0.27585 0.0591299 0.194 -0.21235 0.00912398 0.194 -0.21235 0.0591299 0.194087 -0.27485 0.00435698 0.194087 -0.21335 0.00435698 0.19425 -0.27585 0.00690198 0.19425 -0.21235 0.00690198 0.194269 -0.27485 0.06426 0.194293 -0.27585 0.061532 0.194313 -0.21335 0.064242 0.194341 -0.21235 0.061718 0.194474 -0.21335 0.06463 0.194988 -0.27585 0.00478995 0.194988 -0.21235 0.00478995 0.195154 -0.27585 0.063793 0.19534 -0.21235 0.06413 0.195786 -0.27485 0.066447 0.195837 -0.21335 0.066407 0.196222 -0.21335 0.066908 0.196533 -0.27585 0.065782 0.196929 -0.21235 0.066201 0.197784 -0.27485 0.068205 0.197816 -0.27485 -0.00239897 0.197816 -0.21335 -0.00239897 0.197832 -0.21335 0.068143 0.198349 -0.27585 0.06738 0.1985 -0.21335 0.068656 0.198663 -0.27585 -0.001867 0.198663 -0.21235 -0.001867 0.199 -0.21235 0.06779 0.200146 -0.27485 0.069433 0.200179 -0.21335 0.069352 0.200496 -0.27585 0.068496 0.201128 -0.32435 0.030377 0.201128 -0.32435 0.037883 0.201128 -0.27585 0.030377 0.201128 -0.27585 0.037883 0.201153 -0.21335 0.069755 0.201412 -0.21235 0.068789 0.20215 -0.32435 0.02294 0.20215 -0.32435 0.04532 0.20215 -0.27585 0.02294 0.20215 -0.27585 0.04532 0.20228 -0.27485 -0.00869399 0.20228 -0.21335 -0.00869399 0.202733 -0.27485 0.070057 0.202745 -0.21335 0.069965 0.202848 -0.27585 0.069063 0.203062 -0.27585 -0.00806999 0.203062 -0.21235 -0.00806999 0.204 -0.21335 0.07013 0.204 -0.21235 0.06913 0.204176 -0.32435 0.015712 0.204176 -0.32435 0.052548 0.204176 -0.27585 0.015712 0.204176 -0.27585 0.052548 0.205268 -0.27585 0.069049 0.205395 -0.27485 0.070041 0.205395 -0.21335 0.070041 0.206588 -0.21235 0.068789 0.206847 -0.21335 0.069755 0.207166 -0.32435 0.00882596 0.207166 -0.32435 0.059434 0.207166 -0.27585 0.00882596 0.207166 -0.27585 0.059434 0.207422 -0.27485 -0.014448 0.207422 -0.21335 -0.014448 0.208129 -0.27585 -0.013741 0.208129 -0.21235 -0.013741 0.20891 -0.21335 0.069981 0.20891 -0.27485 0.069983 0.208931 -0.27485 0.069983 0.209 -0.21235 0.06779 0.209025 -0.27585 0.068988 0.2095 -0.21335 0.068656 0.211067 -0.32435 0.00241297 0.211067 -0.32435 0.065847 0.211067 -0.27585 0.00241297 0.211067 -0.27585 0.065847 0.211071 -0.21235 0.066201 0.211778 -0.21335 0.066908 0.212352 -0.27485 0.070695 0.212353 -0.21335 0.07069 0.212393 -0.27485 0.070703 0.21266 -0.21235 0.06413 0.212704 -0.27585 0.069753 0.213176 -0.27485 -0.01959 0.213176 -0.21335 -0.01959 0.213526 -0.21335 0.06463 0.213659 -0.21235 0.061718 0.2138 -0.27585 -0.0188079 0.2138 -0.21235 -0.0188079 0.214 -0.21235 0.00202995 0.214 -0.21235 0.0591299 0.214337 -0.21235 -0.000532 0.214625 -0.21335 0.061977 0.214846 -0.27585 0.070618 0.215 -0.21335 0.00202995 0.215 -0.21335 0.0591299 0.215303 -0.21335 -0.000273 0.215326 -0.21235 -0.00291997 0.215555 -0.27485 0.07214 0.215558 -0.21335 0.072134 0.215613 -0.27485 0.072166 0.215804 -0.32435 -0.00340998 0.215804 -0.32435 0.07167 0.215804 -0.27585 -0.00340998 0.215805 -0.275379 0.07167 0.215868 -0.275348 0.071738 0.216192 -0.21335 -0.00241995 0.2169 -0.21235 -0.00496995 0.217082 -0.274979 0.072994 0.217607 -0.21335 -0.00426298 0.218371 -0.27485 0.074243 0.218371 -0.21335 0.074243 0.21895 -0.21235 -0.00654399 0.21945 -0.21335 -0.005678 0.219471 -0.27485 -0.024054 0.219471 -0.21335 -0.024054 0.220003 -0.27585 -0.0232069 0.220003 -0.21235 -0.0232069 0.22129 -0.32435 -0.00853395 0.22129 -0.32435 0.076794 0.22129 -0.27585 -0.00853395 0.22129 -0.21335 0.076794 0.221338 -0.21235 -0.00753295 0.221597 -0.21335 -0.00656694 0.2239 -0.21335 -0.00686997 0.2239 -0.21235 -0.00786996 0.22475 -0.21335 0.03413 0.224771 -0.21335 0.035283 0.224771 -0.20435 0.035283 0.225091 -0.21335 0.029525 0.225091 -0.20435 0.029525 0.225515 -0.21335 0.041002 0.225515 -0.20435 0.041002 0.226 -0.32935 0.03413 0.226 -0.32435 0.03413 0.226128 -0.32935 0.031362 0.226128 -0.32935 0.0368979 0.226227 -0.27485 -0.027783 0.226227 -0.21335 -0.027783 0.226464 -0.21335 0.023924 0.226464 -0.20435 0.023924 0.226511 -0.32435 0.028618 0.226511 -0.32435 0.039642 0.226637 -0.32935 0.028641 0.226637 -0.32935 0.039619 0.22666 -0.27585 -0.026882 0.22666 -0.21235 -0.026882 0.226703 -0.33035 0.031415 0.226703 -0.33035 0.036845 0.227145 -0.32935 0.02592 0.227145 -0.32935 0.04234 0.227297 -0.21335 0.046486 0.227297 -0.20435 0.046486 0.227423 -0.32435 -0.012863 0.227423 -0.32435 0.081123 0.227423 -0.27585 -0.012863 0.227423 -0.21335 0.081123 0.227701 -0.33035 0.026078 0.227701 -0.33035 0.042182 0.228026 -0.32435 0.0232929 0.228026 -0.32435 0.044967 0.228145 -0.32935 0.023339 0.228145 -0.32935 0.044921 0.228549 -0.27485 -0.028595 0.228549 -0.21335 -0.028595 0.228772 -0.27585 -0.02762 0.228772 -0.21235 -0.02762 0.228842 -0.21335 0.018671 0.228842 -0.20435 0.018671 0.229145 -0.32935 0.020758 0.229145 -0.32935 0.047502 0.229662 -0.33035 0.021015 0.229662 -0.33035 0.047245 0.230056 -0.21335 0.05155 0.230056 -0.20435 0.05155 0.230493 -0.32435 0.0183369 0.230493 -0.32435 0.049923 0.230602 -0.32935 0.0184039 0.230602 -0.32935 0.0498559 0.230994 -0.27585 -0.02787 0.230994 -0.27485 -0.02887 0.230994 -0.21335 -0.02887 0.230994 -0.21235 -0.02787 0.232059 -0.32935 0.016051 0.232059 -0.32935 0.052209 0.232145 -0.21335 0.013943 0.232145 -0.20435 0.013943 0.23252 -0.33035 0.016399 0.23252 -0.33035 0.051861 0.233698 -0.21335 0.056021 0.233698 -0.20435 0.056021 0.23383 -0.32435 0.013919 0.23383 -0.32435 0.054341 0.233924 -0.32935 0.0140049 0.233924 -0.32935 0.0542549 0.234088 -0.32435 -0.016317 0.234088 -0.32435 0.084577 0.234088 -0.27585 -0.016317 0.234088 -0.21335 0.084577 0.235789 -0.32935 0.01196 0.235789 -0.32935 0.0563 0.236178 -0.33035 0.012386 0.236178 -0.33035 0.055874 0.23626 -0.21335 0.00990397 0.23626 -0.20435 0.00990397 0.237921 -0.32435 0.010189 0.237921 -0.32435 0.058071 0.237998 -0.32935 0.010292 0.237998 -0.32935 0.057968 0.238101 -0.21335 0.059746 0.238101 -0.20435 0.059746 0.240207 -0.32935 0.00862294 0.240207 -0.32935 0.059637 0.240511 -0.33035 0.00911397 0.240511 -0.33035 0.059146 0.241048 -0.21335 0.00668895 0.241048 -0.20435 0.00668895 0.241161 -0.32435 -0.01883 0.241161 -0.32435 0.0870899 0.241161 -0.27585 -0.01883 0.241161 -0.21335 0.0870899 0.242628 -0.32435 0.00727498 0.242628 -0.32435 0.060985 0.242685 -0.32935 0.00738996 0.242685 -0.32935 0.06087 0.243112 -0.21335 0.062599 0.243112 -0.20435 0.062599 0.245163 -0.32935 0.00615597 0.245163 -0.32935 0.062104 0.245371 -0.33035 0.00669396 0.245371 -0.33035 0.061566 0.246345 -0.21335 0.00440896 0.246345 -0.20435 0.00440896 0.24779 -0.32435 0.00527495 0.24779 -0.32435 0.062985 0.247825 -0.32935 0.00539797 0.247825 -0.32935 0.062862 0.248511 -0.32435 -0.020358 0.248511 -0.32435 0.088618 0.248511 -0.27585 -0.020358 0.248511 -0.21335 0.088618 0.248563 -0.21335 0.064482 0.248563 -0.20435 0.064482 0.250488 -0.32935 0.004641 0.250488 -0.32935 0.063619 0.250594 -0.33035 0.00520795 0.250594 -0.33035 0.063052 0.25197 -0.21335 0.00314099 0.25197 -0.20435 0.00314099 0.253232 -0.32435 0.00425798 0.253232 -0.32435 0.064002 0.253244 -0.32935 0.00438499 0.253244 -0.32935 0.063875 0.254267 -0.21335 0.065332 0.254267 -0.20435 0.065332 0.256 -0.33035 0.00470698 0.256 -0.33035 0.063553 0.256 -0.32935 0.00412995 0.256 -0.32935 0.06413 0.256 -0.32435 -0.02087 0.256 -0.32435 0.08913 0.256 -0.27585 -0.02087 0.256 -0.21335 0.08913 0.256 -0.20435 0.03413 0.256 -0.20435 0.06538 0.257733 -0.21335 0.00292796 0.257733 -0.20435 0.00292796 0.258756 -0.32935 0.00438499 0.258756 -0.32935 0.063875 0.258768 -0.32435 0.00425798 0.258768 -0.32435 0.064002 0.26003 -0.21335 0.065119 0.26003 -0.20435 0.065119 0.261406 -0.33035 0.00520795 0.261406 -0.33035 0.063052 0.261512 -0.32935 0.004641 0.261512 -0.32935 0.063619 0.263437 -0.21335 0.00377798 0.263437 -0.20435 0.00377798 0.263489 -0.32435 -0.020358 0.263489 -0.32435 0.088618 0.263489 -0.27585 -0.020358 0.263489 -0.21335 0.088618 0.264175 -0.32935 0.00539797 0.264175 -0.32935 0.062862 0.26421 -0.32435 0.00527495 0.26421 -0.32435 0.062985 0.265655 -0.21335 0.063851 0.265655 -0.20435 0.063851 0.266629 -0.33035 0.00669396 0.266629 -0.33035 0.061566 0.266837 -0.32935 0.00615597 0.266837 -0.32935 0.062104 0.268888 -0.21335 0.00566095 0.268888 -0.20435 0.00566095 0.269315 -0.32935 0.00738996 0.269315 -0.32935 0.06087 0.269372 -0.32435 0.00727498 0.269372 -0.32435 0.060985 0.270839 -0.32435 -0.01883 0.270839 -0.32435 0.0870899 0.270839 -0.27585 -0.01883 0.270839 -0.21335 0.0870899 0.270952 -0.21335 0.061571 0.270952 -0.20435 0.061571 0.271489 -0.33035 0.00911397 0.271489 -0.33035 0.059146 0.271793 -0.32935 0.00862294 0.271793 -0.32935 0.059637 0.273899 -0.21335 0.00851399 0.273899 -0.20435 0.00851399 0.274002 -0.32935 0.010292 0.274002 -0.32935 0.057968 0.274079 -0.32435 0.010189 0.274079 -0.32435 0.058071 0.27574 -0.21335 0.058356 0.27574 -0.20435 0.058356 0.275822 -0.33035 0.012386 0.275822 -0.33035 0.055874 0.276211 -0.32935 0.01196 0.276211 -0.32935 0.0563 0.277912 -0.32435 -0.016317 0.277912 -0.32435 0.084577 0.277912 -0.27585 -0.016317 0.277912 -0.21335 0.084577 0.278076 -0.32935 0.0140049 0.278076 -0.32935 0.0542549 0.27817 -0.32435 0.013919 0.27817 -0.32435 0.054341 0.278302 -0.21335 0.012239 0.278302 -0.20435 0.012239 0.27948 -0.33035 0.016399 0.27948 -0.33035 0.051861 0.279855 -0.21335 0.054317 0.279855 -0.20435 0.054317 0.279941 -0.32935 0.016051 0.279941 -0.32935 0.052209 0.281006 -0.27585 -0.02787 0.281006 -0.27485 -0.02887 0.281006 -0.21335 -0.02887 0.281006 -0.21235 -0.02787 0.281398 -0.32935 0.0184039 0.281398 -0.32935 0.0498559 0.281507 -0.32435 0.0183369 0.281507 -0.32435 0.049923 0.281944 -0.21335 0.01671 0.281944 -0.20435 0.01671 0.282338 -0.33035 0.021015 0.282338 -0.33035 0.047245 0.282855 -0.32935 0.020758 0.282855 -0.32935 0.047502 0.283158 -0.21335 0.049589 0.283158 -0.20435 0.049589 0.283228 -0.27585 -0.02762 0.283228 -0.21235 -0.02762 0.283451 -0.27485 -0.028595 0.283451 -0.21335 -0.028595 0.283855 -0.32935 0.023339 0.283855 -0.32935 0.044921 0.283974 -0.32435 0.0232929 0.283974 -0.32435 0.044967 0.284299 -0.33035 0.026078 0.284299 -0.33035 0.042182 0.284577 -0.32435 -0.012863 0.284577 -0.32435 0.081123 0.284577 -0.27585 -0.012863 0.284577 -0.21335 0.081123 0.284703 -0.21335 0.021774 0.284703 -0.20435 0.021774 0.284855 -0.32935 0.02592 0.284855 -0.32935 0.04234 0.285297 -0.33035 0.031415 0.285297 -0.33035 0.036845 0.28534 -0.27585 -0.026882 0.28534 -0.21235 -0.026882 0.285363 -0.32935 0.028641 0.285363 -0.32935 0.039619 0.285489 -0.32435 0.028618 0.285489 -0.32435 0.039642 0.285536 -0.21335 0.044336 0.285536 -0.20435 0.044336 0.285773 -0.27485 -0.027783 0.285773 -0.21335 -0.027783 0.285872 -0.32935 0.031362 0.285872 -0.32935 0.0368979 0.286 -0.32935 0.03413 0.286 -0.32435 0.03413 0.286485 -0.21335 0.027258 0.286485 -0.20435 0.027258 0.286909 -0.21335 0.038735 0.286909 -0.20435 0.038735 0.287229 -0.21335 0.032977 0.287229 -0.20435 0.032977 0.2881 -0.21335 -0.00686997 0.2881 -0.21235 -0.00786996 0.290403 -0.21335 -0.00656694 0.290662 -0.21235 -0.00753295 0.29071 -0.32435 -0.00853395 0.29071 -0.32435 0.076794 0.29071 -0.27585 -0.00853395 0.29071 -0.21335 0.076794 0.291997 -0.27585 -0.0232069 0.291997 -0.21235 -0.0232069 0.292529 -0.27485 -0.024054 0.292529 -0.21335 -0.024054 0.29255 -0.21335 -0.005678 0.29305 -0.21235 -0.00654399 0.293629 -0.27485 0.074243 0.293629 -0.21335 0.074243 0.294393 -0.21335 -0.00426298 0.294918 -0.274979 0.072994 0.2951 -0.21235 -0.00496995 0.295808 -0.21335 -0.00241995 0.296132 -0.275348 0.071738 0.296195 -0.275379 0.07167 0.296196 -0.32435 -0.00340998 0.296196 -0.32435 0.07167 0.296196 -0.27585 -0.00340998 0.296387 -0.27485 0.072166 0.296442 -0.21335 0.072134 0.296445 -0.27485 0.07214 0.296674 -0.21235 -0.00291997 0.296697 -0.21335 -0.000273 0.297 -0.21335 0.00202995 0.297 -0.21335 0.0591299 0.297154 -0.27585 0.070618 0.297375 -0.21335 0.061977 0.297663 -0.21235 -0.000532 0.298 -0.21235 0.00202995 0.298 -0.21235 0.0591299 0.2982 -0.27585 -0.0188079 0.2982 -0.21235 -0.0188079 0.298341 -0.21235 0.061718 0.298474 -0.21335 0.06463 0.298824 -0.27485 -0.01959 0.298824 -0.21335 -0.01959 0.299296 -0.27585 0.069753 0.29934 -0.21235 0.06413 0.299607 -0.27485 0.070703 0.299647 -0.21335 0.07069 0.299648 -0.27485 0.070695 0.300222 -0.21335 0.066908 0.300929 -0.21235 0.066201 0.300933 -0.32435 0.00241297 0.300933 -0.32435 0.065847 0.300933 -0.27585 0.00241297 0.300933 -0.27585 0.065847 0.3025 -0.21335 0.068656 0.302975 -0.27585 0.068988 0.303 -0.21235 0.06779 0.303069 -0.27485 0.069983 0.30309 -0.27485 0.069983 0.30309 -0.21335 0.069981 0.303871 -0.27585 -0.013741 0.303871 -0.21235 -0.013741 0.304578 -0.27485 -0.014448 0.304578 -0.21335 -0.014448 0.304834 -0.32435 0.00882596 0.304834 -0.32435 0.059434 0.304834 -0.27585 0.00882596 0.304834 -0.27585 0.059434 0.305153 -0.21335 0.069755 0.305412 -0.21235 0.068789 0.306605 -0.27485 0.070041 0.306605 -0.21335 0.070041 0.306732 -0.27585 0.069049 0.307824 -0.32435 0.015712 0.307824 -0.32435 0.052548 0.307824 -0.27585 0.015712 0.307824 -0.27585 0.052548 0.308 -0.21335 0.07013 0.308 -0.21235 0.06913 0.308938 -0.27585 -0.00806999 0.308938 -0.21235 -0.00806999 0.309152 -0.27585 0.069063 0.309255 -0.21335 0.069965 0.309267 -0.27485 0.070057 0.30972 -0.27485 -0.00869399 0.30972 -0.21335 -0.00869399 0.30985 -0.32435 0.02294 0.30985 -0.32435 0.04532 0.30985 -0.27585 0.02294 0.30985 -0.27585 0.04532 0.310588 -0.21235 0.068789 0.310847 -0.21335 0.069755 0.310872 -0.32435 0.030377 0.310872 -0.32435 0.037883 0.310872 -0.27585 0.030377 0.310872 -0.27585 0.037883 0.311 -0.32435 0.03413 0.311504 -0.27585 0.068496 0.311821 -0.21335 0.069352 0.311854 -0.27485 0.069433 0.313 -0.21235 0.06779 0.313337 -0.27585 -0.001867 0.313337 -0.21235 -0.001867 0.3135 -0.21335 0.068656 0.313651 -0.27585 0.06738 0.314168 -0.21335 0.068143 0.314184 -0.27485 -0.00239897 0.314184 -0.21335 -0.00239897 0.314216 -0.27485 0.068205 0.315071 -0.21235 0.066201 0.315467 -0.27585 0.065782 0.315778 -0.21335 0.066908 0.316163 -0.21335 0.066407 0.316214 -0.27485 0.066447 0.31666 -0.21235 0.06413 0.316846 -0.27585 0.063793 0.317012 -0.27585 0.00478995 0.317012 -0.21235 0.00478995 0.317526 -0.21335 0.06463 0.317659 -0.21235 0.061718 0.317687 -0.21335 0.064242 0.317707 -0.27585 0.061532 0.317731 -0.27485 0.06426 0.31775 -0.27585 0.00690198 0.31775 -0.21235 0.00690198 0.317913 -0.27485 0.00435698 0.317913 -0.21335 0.00435698 0.318 -0.27585 0.00912398 0.318 -0.27585 0.0591299 0.318 -0.21235 0.00912398 0.318 -0.21235 0.0591299 0.318625 -0.21335 0.061977 0.318653 -0.21335 0.0617689 0.318678 -0.27485 0.061772 0.318725 -0.27485 0.006679 0.318725 -0.21335 0.006679 0.319 -0.27485 0.00912398 0.319 -0.27485 0.0591299 0.319 -0.21335 0.00912398 0.319 -0.21335 0.0591299 -0.319 -0.27485 0.00912398 -0.319 -0.27485 0.0591299 -0.319 -0.21335 0.00912398 -0.319 -0.21335 0.0591299 -0.318725 -0.27485 0.006679 -0.318725 -0.21335 0.006679 -0.318678 -0.27485 0.061772 -0.318653 -0.21335 0.0617689 -0.318625 -0.21335 0.061977 -0.318 -0.27585 0.00912398 -0.318 -0.27585 0.0591299 -0.318 -0.21235 0.00912398 -0.318 -0.21235 0.0591299 -0.317913 -0.27485 0.00435698 -0.317913 -0.21335 0.00435698 -0.31775 -0.27585 0.00690198 -0.31775 -0.21235 0.00690198 -0.317731 -0.27485 0.06426 -0.317707 -0.27585 0.061532 -0.317687 -0.21335 0.064242 -0.317659 -0.21235 0.061718 -0.317526 -0.21335 0.06463 -0.317012 -0.27585 0.00478995 -0.317012 -0.21235 0.00478995 -0.316846 -0.27585 0.063793 -0.31666 -0.21235 0.06413 -0.316214 -0.27485 0.066447 -0.316163 -0.21335 0.066407 -0.315778 -0.21335 0.066908 -0.315467 -0.27585 0.065782 -0.315071 -0.21235 0.066201 -0.314216 -0.27485 0.068205 -0.314184 -0.27485 -0.00239897 -0.314184 -0.21335 -0.00239897 -0.314168 -0.21335 0.068143 -0.313651 -0.27585 0.06738 -0.3135 -0.21335 0.068656 -0.313337 -0.27585 -0.001867 -0.313337 -0.21235 -0.001867 -0.313 -0.21235 0.06779 -0.311854 -0.27485 0.069433 -0.311821 -0.21335 0.069352 -0.311504 -0.27585 0.068496 -0.310872 -0.32435 0.030377 -0.310872 -0.32435 0.037883 -0.310872 -0.27585 0.030377 -0.310872 -0.27585 0.037883 -0.310847 -0.21335 0.069755 -0.310588 -0.21235 0.068789 -0.30985 -0.32435 0.02294 -0.30985 -0.32435 0.04532 -0.30985 -0.27585 0.02294 -0.30985 -0.27585 0.04532 -0.30972 -0.27485 -0.00869399 -0.30972 -0.21335 -0.00869399 -0.309267 -0.27485 0.070057 -0.309255 -0.21335 0.069965 -0.309152 -0.27585 0.069063 -0.308938 -0.27585 -0.00806999 -0.308938 -0.21235 -0.00806999 -0.308 -0.21335 0.07013 -0.308 -0.21235 0.06913 -0.307824 -0.32435 0.015712 -0.307824 -0.32435 0.052548 -0.307824 -0.27585 0.015712 -0.307824 -0.27585 0.052548 -0.306732 -0.27585 0.069049 -0.306605 -0.27485 0.070041 -0.306605 -0.21335 0.070041 -0.305412 -0.21235 0.068789 -0.305153 -0.21335 0.069755 -0.304834 -0.32435 0.00882596 -0.304834 -0.32435 0.059434 -0.304834 -0.27585 0.00882596 -0.304834 -0.27585 0.059434 -0.304578 -0.27485 -0.014448 -0.304578 -0.21335 -0.014448 -0.303871 -0.27585 -0.013741 -0.303871 -0.21235 -0.013741 -0.30309 -0.21335 0.069981 -0.30309 -0.27485 0.069983 -0.303069 -0.27485 0.069983 -0.303 -0.21235 0.06779 -0.302975 -0.27585 0.068988 -0.3025 -0.21335 0.068656 -0.300933 -0.32435 0.00241297 -0.300933 -0.32435 0.065847 -0.300933 -0.27585 0.00241297 -0.300933 -0.27585 0.065847 -0.300929 -0.21235 0.066201 -0.300222 -0.21335 0.066908 -0.299648 -0.27485 0.070695 -0.299647 -0.21335 0.07069 -0.299607 -0.27485 0.070703 -0.29934 -0.21235 0.06413 -0.299296 -0.27585 0.069753 -0.298824 -0.27485 -0.01959 -0.298824 -0.21335 -0.01959 -0.298474 -0.21335 0.06463 -0.298341 -0.21235 0.061718 -0.2982 -0.27585 -0.0188079 -0.2982 -0.21235 -0.0188079 -0.298 -0.21235 0.00202995 -0.298 -0.21235 0.0591299 -0.297663 -0.21235 -0.000532 -0.297375 -0.21335 0.061977 -0.297154 -0.27585 0.070618 -0.297 -0.21335 0.00202995 -0.297 -0.21335 0.0591299 -0.296697 -0.21335 -0.000273 -0.296674 -0.21235 -0.00291997 -0.296445 -0.27485 0.07214 -0.296442 -0.21335 0.072134 -0.296387 -0.27485 0.072166 -0.296196 -0.32435 -0.00340998 -0.296196 -0.32435 0.07167 -0.296196 -0.27585 -0.00340998 -0.296195 -0.275379 0.07167 -0.296132 -0.275348 0.071738 -0.295808 -0.21335 -0.00241995 -0.2951 -0.21235 -0.00496995 -0.294918 -0.274979 0.072994 -0.294393 -0.21335 -0.00426298 -0.293629 -0.27485 0.074243 -0.293629 -0.21335 0.074243 -0.29305 -0.21235 -0.00654399 -0.29255 -0.21335 -0.005678 -0.292529 -0.27485 -0.024054 -0.292529 -0.21335 -0.024054 -0.291997 -0.27585 -0.0232069 -0.291997 -0.21235 -0.0232069 -0.29071 -0.32435 -0.00853395 -0.29071 -0.32435 0.076794 -0.29071 -0.27585 -0.00853395 -0.29071 -0.21335 0.076794 -0.290662 -0.21235 -0.00753295 -0.290403 -0.21335 -0.00656694 -0.2881 -0.21335 -0.00686997 -0.2881 -0.21235 -0.00786996 -0.28725 -0.21335 0.03413 -0.287229 -0.21335 0.035283 -0.287229 -0.20435 0.035283 -0.286909 -0.21335 0.029525 -0.286909 -0.20435 0.029525 -0.286485 -0.21335 0.041002 -0.286485 -0.20435 0.041002 -0.286 -0.32935 0.03413 -0.286 -0.32435 0.03413 -0.285872 -0.32935 0.031362 -0.285872 -0.32935 0.0368979 -0.285773 -0.27485 -0.027783 -0.285773 -0.21335 -0.027783 -0.285536 -0.21335 0.023924 -0.285536 -0.20435 0.023924 -0.285489 -0.32435 0.028618 -0.285489 -0.32435 0.039642 -0.285363 -0.32935 0.028641 -0.285363 -0.32935 0.039619 -0.28534 -0.27585 -0.026882 -0.28534 -0.21235 -0.026882 -0.285297 -0.33035 0.031415 -0.285297 -0.33035 0.036845 -0.284855 -0.32935 0.02592 -0.284855 -0.32935 0.04234 -0.284703 -0.21335 0.046486 -0.284703 -0.20435 0.046486 -0.284577 -0.32435 -0.012863 -0.284577 -0.32435 0.081123 -0.284577 -0.27585 -0.012863 -0.284577 -0.21335 0.081123 -0.284299 -0.33035 0.026078 -0.284299 -0.33035 0.042182 -0.283974 -0.32435 0.0232929 -0.283974 -0.32435 0.044967 -0.283855 -0.32935 0.023339 -0.283855 -0.32935 0.044921 -0.283451 -0.27485 -0.028595 -0.283451 -0.21335 -0.028595 -0.283228 -0.27585 -0.02762 -0.283228 -0.21235 -0.02762 -0.283158 -0.21335 0.018671 -0.283158 -0.20435 0.018671 -0.282855 -0.32935 0.020758 -0.282855 -0.32935 0.047502 -0.282338 -0.33035 0.021015 -0.282338 -0.33035 0.047245 -0.281944 -0.21335 0.05155 -0.281944 -0.20435 0.05155 -0.281507 -0.32435 0.0183369 -0.281507 -0.32435 0.049923 -0.281398 -0.32935 0.0184039 -0.281398 -0.32935 0.0498559 -0.281006 -0.27585 -0.02787 -0.281006 -0.27485 -0.02887 -0.281006 -0.21335 -0.02887 -0.281006 -0.21235 -0.02787 -0.279941 -0.32935 0.016051 -0.279941 -0.32935 0.052209 -0.279855 -0.21335 0.013943 -0.279855 -0.20435 0.013943 -0.27948 -0.33035 0.016399 -0.27948 -0.33035 0.051861 -0.278302 -0.21335 0.056021 -0.278302 -0.20435 0.056021 -0.27817 -0.32435 0.013919 -0.27817 -0.32435 0.054341 -0.278076 -0.32935 0.0140049 -0.278076 -0.32935 0.0542549 -0.277912 -0.32435 -0.016317 -0.277912 -0.32435 0.084577 -0.277912 -0.27585 -0.016317 -0.277912 -0.21335 0.084577 -0.276211 -0.32935 0.01196 -0.276211 -0.32935 0.0563 -0.275822 -0.33035 0.012386 -0.275822 -0.33035 0.055874 -0.27574 -0.21335 0.00990397 -0.27574 -0.20435 0.00990397 -0.274079 -0.32435 0.010189 -0.274079 -0.32435 0.058071 -0.274002 -0.32935 0.010292 -0.274002 -0.32935 0.057968 -0.273899 -0.21335 0.059746 -0.273899 -0.20435 0.059746 -0.271793 -0.32935 0.00862294 -0.271793 -0.32935 0.059637 -0.271489 -0.33035 0.00911397 -0.271489 -0.33035 0.059146 -0.270952 -0.21335 0.00668895 -0.270952 -0.20435 0.00668895 -0.270839 -0.32435 -0.01883 -0.270839 -0.32435 0.0870899 -0.270839 -0.27585 -0.01883 -0.270839 -0.21335 0.0870899 -0.269372 -0.32435 0.00727498 -0.269372 -0.32435 0.060985 -0.269315 -0.32935 0.00738996 -0.269315 -0.32935 0.06087 -0.268888 -0.21335 0.062599 -0.268888 -0.20435 0.062599 -0.266837 -0.32935 0.00615597 -0.266837 -0.32935 0.062104 -0.266629 -0.33035 0.00669396 -0.266629 -0.33035 0.061566 -0.265655 -0.21335 0.00440896 -0.265655 -0.20435 0.00440896 -0.26421 -0.32435 0.00527495 -0.26421 -0.32435 0.062985 -0.264175 -0.32935 0.00539797 -0.264175 -0.32935 0.062862 -0.263489 -0.32435 -0.020358 -0.263489 -0.32435 0.088618 -0.263489 -0.27585 -0.020358 -0.263489 -0.21335 0.088618 -0.263437 -0.21335 0.064482 -0.263437 -0.20435 0.064482 -0.261512 -0.32935 0.004641 -0.261512 -0.32935 0.063619 -0.261406 -0.33035 0.00520795 -0.261406 -0.33035 0.063052 -0.26003 -0.21335 0.00314099 -0.26003 -0.20435 0.00314099 -0.258768 -0.32435 0.00425798 -0.258768 -0.32435 0.064002 -0.258756 -0.32935 0.00438499 -0.258756 -0.32935 0.063875 -0.257733 -0.21335 0.065332 -0.257733 -0.20435 0.065332 -0.256 -0.33035 0.00470698 -0.256 -0.33035 0.063553 -0.256 -0.32935 0.00412995 -0.256 -0.32935 0.06413 -0.256 -0.32435 -0.02087 -0.256 -0.32435 0.08913 -0.256 -0.27585 -0.02087 -0.256 -0.21335 0.08913 -0.256 -0.20435 0.03413 -0.256 -0.20435 0.06538 -0.254267 -0.21335 0.00292796 -0.254267 -0.20435 0.00292796 -0.253244 -0.32935 0.00438499 -0.253244 -0.32935 0.063875 -0.253232 -0.32435 0.00425798 -0.253232 -0.32435 0.064002 -0.25197 -0.21335 0.065119 -0.25197 -0.20435 0.065119 -0.250594 -0.33035 0.00520795 -0.250594 -0.33035 0.063052 -0.250488 -0.32935 0.004641 -0.250488 -0.32935 0.063619 -0.248563 -0.21335 0.00377798 -0.248563 -0.20435 0.00377798 -0.248511 -0.32435 -0.020358 -0.248511 -0.32435 0.088618 -0.248511 -0.27585 -0.020358 -0.248511 -0.21335 0.088618 -0.247825 -0.32935 0.00539797 -0.247825 -0.32935 0.062862 -0.24779 -0.32435 0.00527495 -0.24779 -0.32435 0.062985 -0.246345 -0.21335 0.063851 -0.246345 -0.20435 0.063851 -0.245371 -0.33035 0.00669396 -0.245371 -0.33035 0.061566 -0.245163 -0.32935 0.00615597 -0.245163 -0.32935 0.062104 -0.243112 -0.21335 0.00566095 -0.243112 -0.20435 0.00566095 -0.242685 -0.32935 0.00738996 -0.242685 -0.32935 0.06087 -0.242628 -0.32435 0.00727498 -0.242628 -0.32435 0.060985 -0.241161 -0.32435 -0.01883 -0.241161 -0.32435 0.0870899 -0.241161 -0.27585 -0.01883 -0.241161 -0.21335 0.0870899 -0.241048 -0.21335 0.061571 -0.241048 -0.20435 0.061571 -0.240511 -0.33035 0.00911397 -0.240511 -0.33035 0.059146 -0.240207 -0.32935 0.00862294 -0.240207 -0.32935 0.059637 -0.238101 -0.21335 0.00851399 -0.238101 -0.20435 0.00851399 -0.237998 -0.32935 0.010292 -0.237998 -0.32935 0.057968 -0.237921 -0.32435 0.010189 -0.237921 -0.32435 0.058071 -0.23626 -0.21335 0.058356 -0.23626 -0.20435 0.058356 -0.236178 -0.33035 0.012386 -0.236178 -0.33035 0.055874 -0.235789 -0.32935 0.01196 -0.235789 -0.32935 0.0563 -0.234088 -0.32435 -0.016317 -0.234088 -0.32435 0.084577 -0.234088 -0.27585 -0.016317 -0.234088 -0.21335 0.084577 -0.233924 -0.32935 0.0140049 -0.233924 -0.32935 0.0542549 -0.23383 -0.32435 0.013919 -0.23383 -0.32435 0.054341 -0.233698 -0.21335 0.012239 -0.233698 -0.20435 0.012239 -0.23252 -0.33035 0.016399 -0.23252 -0.33035 0.051861 -0.232145 -0.21335 0.054317 -0.232145 -0.20435 0.054317 -0.232059 -0.32935 0.016051 -0.232059 -0.32935 0.052209 -0.230994 -0.27585 -0.02787 -0.230994 -0.27485 -0.02887 -0.230994 -0.21335 -0.02887 -0.230994 -0.21235 -0.02787 -0.230602 -0.32935 0.0184039 -0.230602 -0.32935 0.0498559 -0.230493 -0.32435 0.0183369 -0.230493 -0.32435 0.049923 -0.230056 -0.21335 0.01671 -0.230056 -0.20435 0.01671 -0.229662 -0.33035 0.021015 -0.229662 -0.33035 0.047245 -0.229145 -0.32935 0.020758 -0.229145 -0.32935 0.047502 -0.228842 -0.21335 0.049589 -0.228842 -0.20435 0.049589 -0.228772 -0.27585 -0.02762 -0.228772 -0.21235 -0.02762 -0.228549 -0.27485 -0.028595 -0.228549 -0.21335 -0.028595 -0.228145 -0.32935 0.023339 -0.228145 -0.32935 0.044921 -0.228026 -0.32435 0.0232929 -0.228026 -0.32435 0.044967 -0.227701 -0.33035 0.026078 -0.227701 -0.33035 0.042182 -0.227423 -0.32435 -0.012863 -0.227423 -0.32435 0.081123 -0.227423 -0.27585 -0.012863 -0.227423 -0.21335 0.081123 -0.227297 -0.21335 0.021774 -0.227297 -0.20435 0.021774 -0.227145 -0.32935 0.02592 -0.227145 -0.32935 0.04234 -0.226703 -0.33035 0.031415 -0.226703 -0.33035 0.036845 -0.22666 -0.27585 -0.026882 -0.22666 -0.21235 -0.026882 -0.226637 -0.32935 0.028641 -0.226637 -0.32935 0.039619 -0.226511 -0.32435 0.028618 -0.226511 -0.32435 0.039642 -0.226464 -0.21335 0.044336 -0.226464 -0.20435 0.044336 -0.226227 -0.27485 -0.027783 -0.226227 -0.21335 -0.027783 -0.226128 -0.32935 0.031362 -0.226128 -0.32935 0.0368979 -0.226 -0.32935 0.03413 -0.226 -0.32435 0.03413 -0.225515 -0.21335 0.027258 -0.225515 -0.20435 0.027258 -0.225091 -0.21335 0.038735 -0.225091 -0.20435 0.038735 -0.224771 -0.21335 0.032977 -0.224771 -0.20435 0.032977 -0.2239 -0.21335 -0.00686997 -0.2239 -0.21235 -0.00786996 -0.221597 -0.21335 -0.00656694 -0.221338 -0.21235 -0.00753295 -0.22129 -0.32435 -0.00853395 -0.22129 -0.32435 0.076794 -0.22129 -0.27585 -0.00853395 -0.22129 -0.21335 0.076794 -0.220003 -0.27585 -0.0232069 -0.220003 -0.21235 -0.0232069 -0.219471 -0.27485 -0.024054 -0.219471 -0.21335 -0.024054 -0.21945 -0.21335 -0.005678 -0.21895 -0.21235 -0.00654399 -0.218371 -0.27485 0.074243 -0.218371 -0.21335 0.074243 -0.217607 -0.21335 -0.00426298 -0.217082 -0.274979 0.072994 -0.2169 -0.21235 -0.00496995 -0.216192 -0.21335 -0.00241995 -0.215868 -0.275348 0.071738 -0.215805 -0.275379 0.07167 -0.215804 -0.32435 -0.00340998 -0.215804 -0.32435 0.07167 -0.215804 -0.27585 -0.00340998 -0.215613 -0.27485 0.072166 -0.215558 -0.21335 0.072134 -0.215555 -0.27485 0.07214 -0.215326 -0.21235 -0.00291997 -0.215303 -0.21335 -0.000273 -0.215 -0.21335 0.00202995 -0.215 -0.21335 0.0591299 -0.214846 -0.27585 0.070618 -0.214625 -0.21335 0.061977 -0.214337 -0.21235 -0.000532 -0.214 -0.21235 0.00202995 -0.214 -0.21235 0.0591299 -0.2138 -0.27585 -0.0188079 -0.2138 -0.21235 -0.0188079 -0.213659 -0.21235 0.061718 -0.213526 -0.21335 0.06463 -0.213176 -0.27485 -0.01959 -0.213176 -0.21335 -0.01959 -0.212704 -0.27585 0.069753 -0.21266 -0.21235 0.06413 -0.212393 -0.27485 0.070703 -0.212353 -0.21335 0.07069 -0.212352 -0.27485 0.070695 -0.211778 -0.21335 0.066908 -0.211071 -0.21235 0.066201 -0.211067 -0.32435 0.00241297 -0.211067 -0.32435 0.065847 -0.211067 -0.27585 0.00241297 -0.211067 -0.27585 0.065847 -0.2095 -0.21335 0.068656 -0.209025 -0.27585 0.068988 -0.209 -0.21235 0.06779 -0.208931 -0.27485 0.069983 -0.20891 -0.27485 0.069983 -0.20891 -0.21335 0.069981 -0.208129 -0.27585 -0.013741 -0.208129 -0.21235 -0.013741 -0.207422 -0.27485 -0.014448 -0.207422 -0.21335 -0.014448 -0.207166 -0.32435 0.00882596 -0.207166 -0.32435 0.059434 -0.207166 -0.27585 0.00882596 -0.207166 -0.27585 0.059434 -0.206847 -0.21335 0.069755 -0.206588 -0.21235 0.068789 -0.205395 -0.27485 0.070041 -0.205395 -0.21335 0.070041 -0.205268 -0.27585 0.069049 -0.204176 -0.32435 0.015712 -0.204176 -0.32435 0.052548 -0.204176 -0.27585 0.015712 -0.204176 -0.27585 0.052548 -0.204 -0.21335 0.07013 -0.204 -0.21235 0.06913 -0.203062 -0.27585 -0.00806999 -0.203062 -0.21235 -0.00806999 -0.202848 -0.27585 0.069063 -0.202745 -0.21335 0.069965 -0.202733 -0.27485 0.070057 -0.20228 -0.27485 -0.00869399 -0.20228 -0.21335 -0.00869399 -0.20215 -0.32435 0.02294 -0.20215 -0.32435 0.04532 -0.20215 -0.27585 0.02294 -0.20215 -0.27585 0.04532 -0.201412 -0.21235 0.068789 -0.201153 -0.21335 0.069755 -0.201128 -0.32435 0.030377 -0.201128 -0.32435 0.037883 -0.201128 -0.27585 0.030377 -0.201128 -0.27585 0.037883 -0.201 -0.32435 0.03413 -0.200496 -0.27585 0.068496 -0.200179 -0.21335 0.069352 -0.200146 -0.27485 0.069433 -0.199 -0.21235 0.06779 -0.198663 -0.27585 -0.001867 -0.198663 -0.21235 -0.001867 -0.1985 -0.21335 0.068656 -0.198349 -0.27585 0.06738 -0.197832 -0.21335 0.068143 -0.197816 -0.27485 -0.00239897 -0.197816 -0.21335 -0.00239897 -0.197784 -0.27485 0.068205 -0.196929 -0.21235 0.066201 -0.196533 -0.27585 0.065782 -0.196222 -0.21335 0.066908 -0.195837 -0.21335 0.066407 -0.195786 -0.27485 0.066447 -0.19534 -0.21235 0.06413 -0.195154 -0.27585 0.063793 -0.194988 -0.27585 0.00478995 -0.194988 -0.21235 0.00478995 -0.194474 -0.21335 0.06463 -0.194341 -0.21235 0.061718 -0.194313 -0.21335 0.064242 -0.194293 -0.27585 0.061532 -0.194269 -0.27485 0.06426 -0.19425 -0.27585 0.00690198 -0.19425 -0.21235 0.00690198 -0.194087 -0.27485 0.00435698 -0.194087 -0.21335 0.00435698 -0.194 -0.27585 0.00912398 -0.194 -0.27585 0.0591299 -0.194 -0.21235 0.00912398 -0.194 -0.21235 0.0591299 -0.193375 -0.21335 0.061977 -0.193347 -0.21335 0.0617689 -0.193322 -0.27485 0.061772 -0.193275 -0.27485 0.006679 -0.193275 -0.21335 0.006679 -0.193 -0.27485 0.00912398 -0.193 -0.27485 0.0591299 -0.193 -0.21335 0.00912398 -0.193 -0.21335 0.0591299 -0.29192 0.202825 -0.019196 -0.29192 0.202825 -0.016544 -0.29192 0.21235 -0.019196 -0.29192 0.21235 -0.016544 -0.291285 0.202825 -0.021771 -0.291285 0.202825 -0.013969 -0.291285 0.21235 -0.021771 -0.291285 0.21235 -0.013969 -0.290053 0.202825 -0.024119 -0.290053 0.202825 -0.011621 -0.290053 0.21235 -0.024119 -0.290053 0.21235 -0.011621 -0.288294 0.202825 -0.026104 -0.288294 0.202825 -0.00963598 -0.288294 0.21235 -0.026104 -0.288294 0.21235 -0.00963598 -0.286112 0.202825 -0.02761 -0.286112 0.202825 -0.00812995 -0.286112 0.21235 -0.02761 -0.286112 0.21235 -0.00812995 -0.283632 0.202825 -0.02855 -0.283632 0.202825 -0.00718999 -0.283632 0.21235 -0.02855 -0.283632 0.21235 -0.00718999 -0.281 0.202825 -0.02887 -0.281 0.202825 -0.00686997 -0.281 0.21235 -0.02887 -0.281 0.21235 -0.00686997 -0.2239 0.202825 -0.00686997 -0.2239 0.21235 -0.00686997 -0.221597 0.202825 -0.00656694 -0.221597 0.21235 -0.00656694 -0.21945 0.202825 -0.005678 -0.21945 0.21235 -0.005678 -0.217607 0.202825 -0.00426298 -0.217607 0.21235 -0.00426298 -0.216192 0.202825 -0.00241995 -0.216192 0.21235 -0.00241995 -0.215303 0.202825 -0.000273 -0.215303 0.21235 -0.000273 -0.215 0.202825 0.00202995 -0.215 0.202825 0.0591299 -0.215 0.21235 0.00202995 -0.215 0.21235 0.0591299 -0.214625 0.202825 0.061977 -0.214625 0.21235 0.061977 -0.213526 0.202825 0.06463 -0.213526 0.21235 0.06463 -0.211778 0.202825 0.066908 -0.211778 0.21235 0.066908 -0.2095 0.202825 0.068656 -0.2095 0.21235 0.068656 -0.206847 0.202825 0.069755 -0.206847 0.21235 0.069755 -0.204 0.202825 0.07013 -0.204 0.21235 0.07013 -0.16 0.202825 -0.02887 -0.16 0.21235 -0.02887 -0.0325 0.202825 0.00512999 -0.0325 0.21235 0.00512999 0.0325 0.202825 0.00512999 0.0325 0.21235 0.00512999 0.16 0.202825 -0.02887 0.16 0.21235 -0.02887 0.204 0.202825 0.07013 0.204 0.21235 0.07013 0.206847 0.202825 0.069755 0.206847 0.21235 0.069755 0.2095 0.202825 0.068656 0.2095 0.21235 0.068656 0.211778 0.202825 0.066908 0.211778 0.21235 0.066908 0.213526 0.202825 0.06463 0.213526 0.21235 0.06463 0.214625 0.202825 0.061977 0.214625 0.21235 0.061977 0.215 0.202825 0.00202995 0.215 0.202825 0.0591299 0.215 0.21235 0.00202995 0.215 0.21235 0.0591299 0.215303 0.202825 -0.000273 0.215303 0.21235 -0.000273 0.216192 0.202825 -0.00241995 0.216192 0.21235 -0.00241995 0.217607 0.202825 -0.00426298 0.217607 0.21235 -0.00426298 0.21945 0.202825 -0.005678 0.21945 0.21235 -0.005678 0.221597 0.202825 -0.00656694 0.221597 0.21235 -0.00656694 0.2239 0.202825 -0.00686997 0.2239 0.21235 -0.00686997 0.281 0.202825 -0.02887 0.281 0.202825 -0.00686997 0.281 0.21235 -0.02887 0.281 0.21235 -0.00686997 0.283632 0.202825 -0.02855 0.283632 0.202825 -0.00718999 0.283632 0.21235 -0.02855 0.283632 0.21235 -0.00718999 0.286112 0.202825 -0.02761 0.286112 0.202825 -0.00812995 0.286112 0.21235 -0.02761 0.286112 0.21235 -0.00812995 0.288294 0.202825 -0.026104 0.288294 0.202825 -0.00963598 0.288294 0.21235 -0.026104 0.288294 0.21235 -0.00963598 0.290053 0.202825 -0.024119 0.290053 0.202825 -0.011621 0.290053 0.21235 -0.024119 0.290053 0.21235 -0.011621 0.291285 0.202825 -0.021771 0.291285 0.202825 -0.013969 0.291285 0.21235 -0.021771 0.291285 0.21235 -0.013969 0.29192 0.202825 -0.019196 0.29192 0.202825 -0.016544 0.29192 0.21235 -0.019196 0.29192 0.21235 -0.016544 -0.0325 0.192 0 -0.0325 0.192 0.066 -0.0325 0.202825 0 -0.0325 0.202825 0.066 0.0325 0.192 0 0.0325 0.192 0.066 0.0325 0.202825 0 0.0325 0.202825 0.066 -0.29192 -0.21235 -0.019196 -0.29192 -0.21235 -0.016544 -0.29192 -0.202825 -0.019196 -0.29192 -0.202825 -0.016544 -0.291285 -0.21235 -0.021771 -0.291285 -0.21235 -0.013969 -0.291285 -0.202825 -0.021771 -0.291285 -0.202825 -0.013969 -0.290053 -0.21235 -0.024119 -0.290053 -0.21235 -0.011621 -0.290053 -0.202825 -0.024119 -0.290053 -0.202825 -0.011621 -0.288294 -0.21235 -0.026104 -0.288294 -0.21235 -0.00963598 -0.288294 -0.202825 -0.026104 -0.288294 -0.202825 -0.00963598 -0.286112 -0.21235 -0.02761 -0.286112 -0.21235 -0.00812995 -0.286112 -0.202825 -0.02761 -0.286112 -0.202825 -0.00812995 -0.283632 -0.21235 -0.02855 -0.283632 -0.21235 -0.00718999 -0.283632 -0.202825 -0.02855 -0.283632 -0.202825 -0.00718999 -0.281 -0.21235 -0.02887 -0.281 -0.21235 -0.00686997 -0.281 -0.202825 -0.02887 -0.281 -0.202825 -0.00686997 -0.2239 -0.21235 -0.00686997 -0.2239 -0.202825 -0.00686997 -0.221597 -0.21235 -0.00656694 -0.221597 -0.202825 -0.00656694 -0.21945 -0.21235 -0.005678 -0.21945 -0.202825 -0.005678 -0.217607 -0.21235 -0.00426298 -0.217607 -0.202825 -0.00426298 -0.216192 -0.21235 -0.00241995 -0.216192 -0.202825 -0.00241995 -0.215303 -0.21235 -0.000273 -0.215303 -0.202825 -0.000273 -0.215 -0.21235 0.00202995 -0.215 -0.21235 0.0591299 -0.215 -0.202825 0.00202995 -0.215 -0.202825 0.0591299 -0.214625 -0.21235 0.061977 -0.214625 -0.202825 0.061977 -0.213526 -0.21235 0.06463 -0.213526 -0.202825 0.06463 -0.211778 -0.21235 0.066908 -0.211778 -0.202825 0.066908 -0.2095 -0.21235 0.068656 -0.2095 -0.202825 0.068656 -0.206847 -0.21235 0.069755 -0.206847 -0.202825 0.069755 -0.204 -0.21235 0.07013 -0.204 -0.202825 0.07013 -0.16 -0.21235 -0.02887 -0.16 -0.202825 -0.02887 -0.0325 -0.21235 0.00512999 -0.0325 -0.202825 0.00512999 0.0325 -0.21235 0.00512999 0.0325 -0.202825 0.00512999 0.16 -0.21235 -0.02887 0.16 -0.202825 -0.02887 0.204 -0.21235 0.07013 0.204 -0.202825 0.07013 0.206847 -0.21235 0.069755 0.206847 -0.202825 0.069755 0.2095 -0.21235 0.068656 0.2095 -0.202825 0.068656 0.211778 -0.21235 0.066908 0.211778 -0.202825 0.066908 0.213526 -0.21235 0.06463 0.213526 -0.202825 0.06463 0.214625 -0.21235 0.061977 0.214625 -0.202825 0.061977 0.215 -0.21235 0.00202995 0.215 -0.21235 0.0591299 0.215 -0.202825 0.00202995 0.215 -0.202825 0.0591299 0.215303 -0.21235 -0.000273 0.215303 -0.202825 -0.000273 0.216192 -0.21235 -0.00241995 0.216192 -0.202825 -0.00241995 0.217607 -0.21235 -0.00426298 0.217607 -0.202825 -0.00426298 0.21945 -0.21235 -0.005678 0.21945 -0.202825 -0.005678 0.221597 -0.21235 -0.00656694 0.221597 -0.202825 -0.00656694 0.2239 -0.21235 -0.00686997 0.2239 -0.202825 -0.00686997 0.281 -0.21235 -0.02887 0.281 -0.21235 -0.00686997 0.281 -0.202825 -0.02887 0.281 -0.202825 -0.00686997 0.283632 -0.21235 -0.02855 0.283632 -0.21235 -0.00718999 0.283632 -0.202825 -0.02855 0.283632 -0.202825 -0.00718999 0.286112 -0.21235 -0.02761 0.286112 -0.21235 -0.00812995 0.286112 -0.202825 -0.02761 0.286112 -0.202825 -0.00812995 0.288294 -0.21235 -0.026104 0.288294 -0.21235 -0.00963598 0.288294 -0.202825 -0.026104 0.288294 -0.202825 -0.00963598 0.290053 -0.21235 -0.024119 0.290053 -0.21235 -0.011621 0.290053 -0.202825 -0.024119 0.290053 -0.202825 -0.011621 0.291285 -0.21235 -0.021771 0.291285 -0.21235 -0.013969 0.291285 -0.202825 -0.021771 0.291285 -0.202825 -0.013969 0.29192 -0.21235 -0.019196 0.29192 -0.21235 -0.016544 0.29192 -0.202825 -0.019196 0.29192 -0.202825 -0.016544 -0.0325 -0.202825 0 -0.0325 -0.202825 0.066 -0.0325 -0.192 0 -0.0325 -0.192 0.066 0.0325 -0.202825 0 0.0325 -0.202825 0.066 0.0325 -0.192 0 0.0325 -0.192 0.066</float_array>
                    <technique_common>
                        <accessor count="2440" source="#shape0-lib-positions-array" stride="3">
                            <param name="X" type="float"/>
                            <param name="Y" type="float"/>
                            <param name="Z" type="float"/>
                        </accessor>
                    </technique_common>
                </source>
                <source id="shape0-lib-normals" name="normal">
                    <float_array id="shape0-lib-normals-array" count="1488">0 0 -1 0 0 -1 0 1 0 0 1 0 0 1 0 0 1 0 0 1 0 0 1 0 0 1 0 0 1 0 0 1 0 0 1 0 0 1 0 0 1 0 0 1 0 0 1 0 0 1 0 0 1 0 0 1 0 0 1 0 0 1 0 0 1 0 0 1 0 0 1 0 0 1 0 0 1 0 0 1 0 0 1 0 0 1 0 0 1 0 0 1 0 0 1 0 0 1 0 0 1 0 0 1 0 0 1 0 0 1 0 0 1 0 0 1 0 0 1 0 0 1 0 0 1 0 0 1 0 0 1 0 0 1 0 0 1 0 0 1 0 0 1 0 0 1 0 0 1 0 0 1 0 0 1 0 0 1 0 0 1 0 0 1 0 0 1 0 0 1 0 0 1 0 0 1 0 0 1 0 0 -1 0 0 -1 0 0 -1 0 0 -1 0 0 -1 0 0 -1 0 0 -1 0 0 -1 0 0 -1 0 0 -1 0 0 -1 0 0 -1 0 0 -1 0 0 -1 0 0 -1 0 0 -1 0 0 -1 0 0 -1 0 0 -1 0 0 -1 0 0 -1 0 0 -1 0 0 -1 0 0 -1 0 0 -1 0 0 -1 0 0 -1 0 0 -1 0 0 -1 0 0 -1 0 0 -1 0 0 -1 0 0 -1 0 0 -1 0 0 -1 0 0 -1 0 0 -1 0 0 -1 0 0 -1 0 0 -1 0 0 -1 0 0 -1 0 0 -1 0 0 -1 0 0 -1 0 0 -1 0 0 -1 0 0 -1 0 0 -1 0 0 -1 0 0 -1 0 0 -1 0 0 -1 0 0 -1 0 0 -1 0 0 -1 0 0 -1 0 0 -1 0 0 0 1 0 0 1 0.991455 0 0.130446 0.991455 0 0.130446 0.923924 0 0.382576 0.923924 0 0.382576 0.793189 0 0.608975 0.793189 0 0.608975 0.60901 0 0.793162 0.60901 0 0.793162 0.38253 0 0.923943 0.38253 0 0.923943 0.130456 0 0.991454 0.130456 0 0.991454 1 0 0 1 0 0 0.130599 0 0.991435 0.130599 0 0.991435 0.382707 0 0.92387 0.382707 0 0.92387 0.608759 0 0.793355 0.608759 0 0.793355 0.793353 0 0.608762 0.793353 0 0.608762 0.923868 0 0.382711 0.923868 0 0.382711 0.991436 0 0.13059 0.991436 0 0.13059 0 0 1 0 0 1 0.120698 0 0.992689 0.120698 0 0.992689 0.354415 0 0.935088 0.354415 0 0.935088 0.568044 0 0.822998 0.568044 0 0.822998 0.748425 0 0.66322 0.748425 0 0.66322 0.885508 0 0.464625 0.885508 0 0.464625 0.970914 0 0.23943 0.970914 0 0.23943 1 0 0 1 0 0 0.970914 0 -0.23943 0.970914 0 -0.23943 0.885507 0 -0.464626 0.885507 0 -0.464626 0.748427 0 -0.663218 0.748427 0 -0.663218 0.568044 0 -0.822998 0.568044 0 -0.822998 0.354414 0 -0.935089 0.354414 0 -0.935089 0.120698 0 -0.992689 0.120698 0 -0.992689 0 0 -1 0 0 -1 -0.257662 0 -0.966235 -0.257662 0 -0.966235 0 0 -1 0 0 -1 0 0 1 0 0 1 -0.130456 0 0.991454 -0.130456 0 0.991454 -0.38253 0 0.923943 -0.38253 0 0.923943 -0.60901 0 0.793162 -0.60901 0 0.793162 -0.793189 0 0.608975 -0.793189 0 0.608975 -0.923924 0 0.382576 -0.923924 0 0.382576 -0.991455 0 0.130446 -0.991455 0 0.130446 -1 0 0 -1 0 0 -0.991436 0 0.13059 -0.991436 0 0.13059 -0.923868 0 0.382711 -0.923868 0 0.382711 -0.793353 0 0.608762 -0.793353 0 0.608762 -0.608759 0 0.793355 -0.608759 0 0.793355 -0.382707 0 0.92387 -0.382707 0 0.92387 -0.130599 0 0.991435 -0.130599 0 0.991435 -0.120698 0 -0.992689 -0.120698 0 -0.992689 -0.354414 0 -0.935089 -0.354414 0 -0.935089 -0.568044 0 -0.822998 -0.568044 0 -0.822998 -0.748427 0 -0.663218 -0.748427 0 -0.663218 -0.885507 0 -0.464626 -0.885507 0 -0.464626 -0.970914 0 -0.23943 -0.970914 0 -0.23943 -1 0 0 -1 0 0 -0.970914 0 0.23943 -0.970914 0 0.23943 -0.885508 0 0.464625 -0.885508 0 0.464625 -0.748425 0 0.66322 -0.748425 0 0.66322 -0.568044 0 0.822998 -0.568044 0 0.822998 -0.354415 0 0.935088 -0.354415 0 0.935088 -0.120698 0 0.992689 -0.120698 0 0.992689 0.257662 0 -0.966235 0.257662 0 -0.966235 -1 0 0 -1 0 0 0 0 -1 0 0 -1 1 0 0 1 0 0 0 0 1 0 0 1 0 -1 0 0 -1 0 0 1 0 0 1 0 0 0 -1 0 0 -1 0 -1 0 0 -1 0 0 -1 0 0 -1 0 0 -1 0 0 -1 0 0 -1 0 0 -1 0 0 -1 0 0 -1 0 0 -1 0 0 -1 0 0 -1 0 0 -1 0 0 -1 0 0 -1 0 0 -1 0 0 -1 0 0 -1 0 0 -1 0 0 -1 0 0 -1 0 0 -1 0 0 -1 0 0 -1 0 0 -1 0 0 -1 0 0 -1 0 0 -1 0 0 -1 0 0 -1 0 0 -1 0 0 -1 0 0 -1 0 0 -1 0 0 -1 0 0 -1 0 0 -1 0 0 -1 0 0 -1 0 0 -1 0 0 -1 0 0 -1 0 0 -1 0 0 -1 0 0 -1 0 0 -1 0 0 -1 0 0 -1 0 0 -1 0 0 -1 0 0 -1 0 0 -1 0 0 -1 0 0 -1 0 0 -1 0 0 -1 0 0 -1 0 0 1 0 0 1 0 0 1 0 0 1 0 0 1 0 0 1 0 0 1 0 0 1 0 0 1 0 0 1 0 0 1 0 0 1 0 0 1 0 0 1 0 0 1 0 0 1 0 0 1 0 0 1 0 0 1 0 0 1 0 0 1 0 0 1 0 0 1 0 0 1 0 0 1 0 0 1 0 0 1 0 0 1 0 0 1 0 0 1 0 0 1 0 0 1 0 0 1 0 0 1 0 0 1 0 0 1 0 0 1 0 0 1 0 0 1 0 0 1 0 0 1 0 0 1 0 0 1 0 0 1 0 0 1 0 0 1 0 0 1 0 0 1 0 0 1 0 0 1 0 0 1 0 0 1 0 0 1 0 0 1 0 0 1 0 0 1 0 0 1 0 0 1 0 0 0 1 0 0 1 -0.991455 0 0.130446 -0.991455 0 0.130446 -0.923924 0 0.382576 -0.923924 0 0.382576 -0.793189 0 0.608975 -0.793189 0 0.608975 -0.60901 0 0.793162 -0.60901 0 0.793162 -0.38253 0 0.923943 -0.38253 0 0.923943 -0.130456 0 0.991454 -0.130456 0 0.991454 -1 0 0 -1 0 0 -0.130599 0 0.991435 -0.130599 0 0.991435 -0.382707 0 0.92387 -0.382707 0 0.92387 -0.608759 0 0.793355 -0.608759 0 0.793355 -0.793353 0 0.608762 -0.793353 0 0.608762 -0.923868 0 0.382711 -0.923868 0 0.382711 -0.991436 0 0.13059 -0.991436 0 0.13059 0 0 1 0 0 1 -0.120698 0 0.992689 -0.120698 0 0.992689 -0.354415 0 0.935088 -0.354415 0 0.935088 -0.568044 0 0.822998 -0.568044 0 0.822998 -0.748425 0 0.66322 -0.748425 0 0.66322 -0.885508 0 0.464625 -0.885508 0 0.464625 -0.970914 0 0.23943 -0.970914 0 0.23943 -1 0 0 -1 0 0 -0.970914 0 -0.23943 -0.970914 0 -0.23943 -0.885507 0 -0.464626 -0.885507 0 -0.464626 -0.748427 0 -0.663218 -0.748427 0 -0.663218 -0.568044 0 -0.822998 -0.568044 0 -0.822998 -0.354414 0 -0.935089 -0.354414 0 -0.935089 -0.120698 0 -0.992689 -0.120698 0 -0.992689 0 0 -1 0 0 -1 0.257662 0 -0.966235 0.257662 0 -0.966235 0 0 -1 0 0 -1 0 0 1 0 0 1 0.130456 0 0.991454 0.130456 0 0.991454 0.38253 0 0.923943 0.38253 0 0.923943 0.60901 0 0.793162 0.60901 0 0.793162 0.793189 0 0.608975 0.793189 0 0.608975 0.923924 0 0.382576 0.923924 0 0.382576 0.991455 0 0.130446 0.991455 0 0.130446 1 0 0 1 0 0 0.991436 0 0.13059 0.991436 0 0.13059 0.923868 0 0.382711 0.923868 0 0.382711 0.793353 0 0.608762 0.793353 0 0.608762 0.608759 0 0.793355 0.608759 0 0.793355 0.382707 0 0.92387 0.382707 0 0.92387 0.130599 0 0.991435 0.130599 0 0.991435 0.120698 0 -0.992689 0.120698 0 -0.992689 0.354414 0 -0.935089 0.354414 0 -0.935089 0.568044 0 -0.822998 0.568044 0 -0.822998 0.748427 0 -0.663218 0.748427 0 -0.663218 0.885507 0 -0.464626 0.885507 0 -0.464626 0.970914 0 -0.23943 0.970914 0 -0.23943 1 0 0 1 0 0 0.970914 0 0.23943 0.970914 0 0.23943 0.885508 0 0.464625 0.885508 0 0.464625 0.748425 0 0.66322 0.748425 0 0.66322 0.568044 0 0.822998 0.568044 0 0.822998 0.354415 0 0.935088 0.354415 0 0.935088 0.120698 0 0.992689 0.120698 0 0.992689 -0.257662 0 -0.966235 -0.257662 0 -0.966235 -1 0 0 -1 0 0 0 0 1 0 0 1 1 0 0 1 0 0 0 0 -1 0 0 -1 0 1 0 0 1 0 0 -1 0 0 -1 0</float_array>
                    <technique_common>
                        <accessor count="496" source="#shape0-lib-normals-array" stride="3">
                            <param name="X" type="float"/>
                            <param name="Y" type="float"/>
                            <param name="Z" type="float"/>
                        </accessor>
                    </technique_common>
                </source>
                <source id="shape0-lib-vcolor" name="vcolor">
                    <float_array id="shape0-lib-vcolor-array" count="9760">0.894118 0.913725 0.929412 1 0.894118 0.913725 0.929412 1 0.894118 0.913725 0.929412 1 0.894118 0.913725 0.929412 1 0.894118 0.913725 0.929412 1 0.894118 0.913725 0.929412 1 0.894118 0.913725 0.929412 1 0.894118 0.913725 0.929412 1 0.894118 0.913725 0.929412 1 0.894118 0.913725 0.929412 1 0.894118 0.913725 0.929412 1 0.894118 0.913725 0.929412 1 0.894118 0.913725 0.929412 1 0.894118 0.913725 0.929412 1 0.894118 0.913725 0.929412 1 0.894118 0.913725 0.929412 1 0.894118 0.913725 0.929412 1 0.894118 0.913725 0.929412 1 0.894118 0.913725 0.929412 1 0.894118 0.913725 0.929412 1 0.894118 0.913725 0.929412 1 0.894118 0.913725 0.929412 1 0.894118 0.913725 0.929412 1 0.894118 0.913725 0.929412 1 0.894118 0.913725 0.929412 1 0.894118 0.913725 0.929412 1 0.894118 0.913725 0.929412 1 0.894118 0.913725 0.929412 1 0.894118 0.913725 0.929412 1 0.894118 0.913725 0.929412 1 0.894118 0.913725 0.929412 1 0.894118 0.913725 0.929412 1 0.894118 0.913725 0.929412 1 0.894118 0.913725 0.929412 1 0.894118 0.913725 0.929412 1 0.894118 0.913725 0.929412 1 0.894118 0.913725 0.929412 1 0.894118 0.913725 0.929412 1 0.894118 0.913725 0.929412 1 0.894118 0.913725 0.929412 1 0.894118 0.913725 0.929412 1 0.894118 0.913725 0.929412 1 0.894118 0.913725 0.929412 1 0.894118 0.913725 0.929412 1 0.894118 0.913725 0.929412 1 0.894118 0.913725 0.929412 1 0.894118 0.913725 0.929412 1 0.894118 0.913725 0.929412 1 0.894118 0.913725 0.929412 1 0.894118 0.913725 0.929412 1 0.894118 0.913725 0.929412 1 0.894118 0.913725 0.929412 1 0.894118 0.913725 0.929412 1 0.894118 0.913725 0.929412 1 0.894118 0.913725 0.929412 1 0.894118 0.913725 0.929412 1 0.894118 0.913725 0.929412 1 0.894118 0.913725 0.929412 1 0.894118 0.913725 0.929412 1 0.894118 0.913725 0.929412 1 0.894118 0.913725 0.929412 1 0.894118 0.913725 0.929412 1 0.894118 0.913725 0.929412 1 0.894118 0.913725 0.929412 1 0.894118 0.913725 0.929412 1 0.894118 0.913725 0.929412 1 0.894118 0.913725 0.929412 1 0.894118 0.913725 0.929412 1 0.894118 0.913725 0.929412 1 0.894118 0.913725 0.929412 1 0.894118 0.913725 0.929412 1 0.894118 0.913725 0.929412 1 0.894118 0.913725 0.929412 1 0.894118 0.913725 0.929412 1 0.894118 0.913725 0.929412 1 0.894118 0.913725 0.929412 1 0.894118 0.913725 0.929412 1 0.894118 0.913725 0.929412 1 0.894118 0.913725 0.929412 1 0.894118 0.913725 0.929412 1 0.894118 0.913725 0.929412 1 0.894118 0.913725 0.929412 1 0.894118 0.913725 0.929412 1 0.894118 0.913725 0.929412 1 0.894118 0.913725 0.929412 1 0.894118 0.913725 0.929412 1 0.894118 0.913725 0.929412 1 0.894118 0.913725 0.929412 1 0.894118 0.913725 0.929412 1 0.894118 0.913725 0.929412 1 0.894118 0.913725 0.929412 1 0.894118 0.913725 0.929412 1 0.894118 0.913725 0.929412 1 0.894118 0.913725 0.929412 1 0.894118 0.913725 0.929412 1 0.894118 0.913725 0.929412 1 0.894118 0.913725 0.929412 1 0.894118 0.913725 0.929412 1 0.894118 0.913725 0.929412 1 0.894118 0.913725 0.929412 1 0.894118 0.913725 0.929412 1 0.894118 0.913725 0.929412 1 0.894118 0.913725 0.929412 1 0.894118 0.913725 0.929412 1 0.894118 0.913725 0.929412 1 0.894118 0.913725 0.929412 1 0.894118 0.913725 0.929412 1 0.894118 0.913725 0.929412 1 0.894118 0.913725 0.929412 1 0.894118 0.913725 0.929412 1 0.894118 0.913725 0.929412 1 0.894118 0.913725 0.929412 1 0.894118 0.913725 0.929412 1 0.894118 0.913725 0.929412 1 0.894118 0.913725 0.929412 1 0.894118 0.913725 0.929412 1 0.894118 0.913725 0.929412 1 0.894118 0.913725 0.929412 1 0.894118 0.913725 0.929412 1 0.894118 0.913725 0.929412 1 0.894118 0.913725 0.929412 1 0.894118 0.913725 0.929412 1 0.894118 0.913725 0.929412 1 0.894118 0.913725 0.929412 1 0.894118 0.913725 0.929412 1 0.894118 0.913725 0.929412 1 0.894118 0.913725 0.929412 1 0.894118 0.913725 0.929412 1 0.894118 0.913725 0.929412 1 0.894118 0.913725 0.929412 1 0.894118 0.913725 0.929412 1 0.894118 0.913725 0.929412 1 0.894118 0.913725 0.929412 1 0.894118 0.913725 0.929412 1 0.894118 0.913725 0.929412 1 0.894118 0.913725 0.929412 1 0.894118 0.913725 0.929412 1 0.894118 0.913725 0.929412 1 0.894118 0.913725 0.929412 1 0.894118 0.913725 0.929412 1 0.894118 0.913725 0.929412 1 0.894118 0.913725 0.929412 1 0.894118 0.913725 0.929412 1 0.894118 0.913725 0.929412 1 0.894118 0.913725 0.929412 1 0.894118 0.913725 0.929412 1 0.894118 0.913725 0.929412 1 0.894118 0.913725 0.929412 1 0.894118 0.913725 0.929412 1 0.894118 0.913725 0.929412 1 0.894118 0.913725 0.929412 1 0.894118 0.913725 0.929412 1 0.894118 0.913725 0.929412 1 0.894118 0.913725 0.929412 1 0.894118 0.913725 0.929412 1 0.894118 0.913725 0.929412 1 0.894118 0.913725 0.929412 1 0.894118 0.913725 0.929412 1 0.894118 0.913725 0.929412 1 0.894118 0.913725 0.929412 1 0.894118 0.913725 0.929412 1 0.894118 0.913725 0.929412 1 0.894118 0.913725 0.929412 1 0.894118 0.913725 0.929412 1 0.894118 0.913725 0.929412 1 0.894118 0.913725 0.929412 1 0.894118 0.913725 0.929412 1 0.894118 0.913725 0.929412 1 0.894118 0.913725 0.929412 1 0.894118 0.913725 0.929412 1 0.894118 0.913725 0.929412 1 0.894118 0.913725 0.929412 1 0.894118 0.913725 0.929412 1 0.894118 0.913725 0.929412 1 0.894118 0.913725 0.929412 1 0.894118 0.913725 0.929412 1 0.894118 0.913725 0.929412 1 0.894118 0.913725 0.929412 1 0.894118 0.913725 0.929412 1 0.894118 0.913725 0.929412 1 0.894118 0.913725 0.929412 1 0.894118 0.913725 0.929412 1 0.894118 0.913725 0.929412 1 0.894118 0.913725 0.929412 1 0.894118 0.913725 0.929412 1 0.894118 0.913725 0.929412 1 0.894118 0.913725 0.929412 1 0.894118 0.913725 0.929412 1 0.894118 0.913725 0.929412 1 0.894118 0.913725 0.929412 1 0.894118 0.913725 0.929412 1 0.894118 0.913725 0.929412 1 0.894118 0.913725 0.929412 1 0.894118 0.913725 0.929412 1 0.894118 0.913725 0.929412 1 0.894118 0.913725 0.929412 1 0.894118 0.913725 0.929412 1 0.894118 0.913725 0.929412 1 0.894118 0.913725 0.929412 1 0.894118 0.913725 0.929412 1 0.894118 0.913725 0.929412 1 0.894118 0.913725 0.929412 1 0.894118 0.913725 0.929412 1 0.894118 0.913725 0.929412 1 0.894118 0.913725 0.929412 1 0.894118 0.913725 0.929412 1 0.894118 0.913725 0.929412 1 0.894118 0.913725 0.929412 1 0.894118 0.913725 0.929412 1 0.894118 0.913725 0.929412 1 0.894118 0.913725 0.929412 1 0.894118 0.913725 0.929412 1 0.894118 0.913725 0.929412 1 0.894118 0.913725 0.929412 1 0.894118 0.913725 0.929412 1 0.894118 0.913725 0.929412 1 0.894118 0.913725 0.929412 1 0.894118 0.913725 0.929412 1 0.894118 0.913725 0.929412 1 0.894118 0.913725 0.929412 1 0.894118 0.913725 0.929412 1 0.894118 0.913725 0.929412 1 0.894118 0.913725 0.929412 1 0.894118 0.913725 0.929412 1 0.894118 0.913725 0.929412 1 0.894118 0.913725 0.929412 1 0.894118 0.913725 0.929412 1 0.894118 0.913725 0.929412 1 0.894118 0.913725 0.929412 1 0.894118 0.913725 0.929412 1 0.894118 0.913725 0.929412 1 0.894118 0.913725 0.929412 1 0.894118 0.913725 0.929412 1 0.894118 0.913725 0.929412 1 0.894118 0.913725 0.929412 1 0.894118 0.913725 0.929412 1 0.894118 0.913725 0.929412 1 0.894118 0.913725 0.929412 1 0.894118 0.913725 0.929412 1 0.894118 0.913725 0.929412 1 0.894118 0.913725 0.929412 1 0.894118 0.913725 0.929412 1 0.894118 0.913725 0.929412 1 0.894118 0.913725 0.929412 1 0.894118 0.913725 0.929412 1 0.894118 0.913725 0.929412 1 0.894118 0.913725 0.929412 1 0.894118 0.913725 0.929412 1 0.894118 0.913725 0.929412 1 0.894118 0.913725 0.929412 1 0.894118 0.913725 0.929412 1 0.894118 0.913725 0.929412 1 0.894118 0.913725 0.929412 1 0.894118 0.913725 0.929412 1 0.894118 0.913725 0.929412 1 0.894118 0.913725 0.929412 1 0.894118 0.913725 0.929412 1 0.894118 0.913725 0.929412 1 0.894118 0.913725 0.929412 1 0.894118 0.913725 0.929412 1 0.894118 0.913725 0.929412 1 0.894118 0.913725 0.929412 1 0.894118 0.913725 0.929412 1 0.894118 0.913725 0.929412 1 0.894118 0.913725 0.929412 1 0.894118 0.913725 0.929412 1 0.894118 0.913725 0.929412 1 0.894118 0.913725 0.929412 1 0.894118 0.913725 0.929412 1 0.894118 0.913725 0.929412 1 0.894118 0.913725 0.929412 1 0.894118 0.913725 0.929412 1 0.894118 0.913725 0.929412 1 0.894118 0.913725 0.929412 1 0.894118 0.913725 0.929412 1 0.894118 0.913725 0.929412 1 0.894118 0.913725 0.929412 1 0.894118 0.913725 0.929412 1 0.894118 0.913725 0.929412 1 0.894118 0.913725 0.929412 1 0.894118 0.913725 0.929412 1 0.894118 0.913725 0.929412 1 0.894118 0.913725 0.929412 1 0.894118 0.913725 0.929412 1 0.894118 0.913725 0.929412 1 0.894118 0.913725 0.929412 1 0.894118 0.913725 0.929412 1 0.894118 0.913725 0.929412 1 0.894118 0.913725 0.929412 1 0.894118 0.913725 0.929412 1 0.894118 0.913725 0.929412 1 0.894118 0.913725 0.929412 1 0.894118 0.913725 0.929412 1 0.894118 0.913725 0.929412 1 0.894118 0.913725 0.929412 1 0.894118 0.913725 0.929412 1 0.894118 0.913725 0.929412 1 0.894118 0.913725 0.929412 1 0.894118 0.913725 0.929412 1 0.894118 0.913725 0.929412 1 0.894118 0.913725 0.929412 1 0.894118 0.913725 0.929412 1 0.894118 0.913725 0.929412 1 0.894118 0.913725 0.929412 1 0.894118 0.913725 0.929412 1 0.894118 0.913725 0.929412 1 0.894118 0.913725 0.929412 1 0.894118 0.913725 0.929412 1 0.894118 0.913725 0.929412 1 0.894118 0.913725 0.929412 1 0.894118 0.913725 0.929412 1 0.894118 0.913725 0.929412 1 0.894118 0.913725 0.929412 1 0.894118 0.913725 0.929412 1 0.894118 0.913725 0.929412 1 0.894118 0.913725 0.929412 1 0.894118 0.913725 0.929412 1 0.894118 0.913725 0.929412 1 0.894118 0.913725 0.929412 1 0.894118 0.913725 0.929412 1 0.894118 0.913725 0.929412 1 0.894118 0.913725 0.929412 1 0.894118 0.913725 0.929412 1 0.894118 0.913725 0.929412 1 0.894118 0.913725 0.929412 1 0.894118 0.913725 0.929412 1 0.894118 0.913725 0.929412 1 0.894118 0.913725 0.929412 1 0.894118 0.913725 0.929412 1 0.894118 0.913725 0.929412 1 0.894118 0.913725 0.929412 1 0.894118 0.913725 0.929412 1 0.894118 0.913725 0.929412 1 0.894118 0.913725 0.929412 1 0.894118 0.913725 0.929412 1 0.894118 0.913725 0.929412 1 0.894118 0.913725 0.929412 1 0.894118 0.913725 0.929412 1 0.894118 0.913725 0.929412 1 0.894118 0.913725 0.929412 1 0.894118 0.913725 0.929412 1 0.894118 0.913725 0.929412 1 0.894118 0.913725 0.929412 1 0.894118 0.913725 0.929412 1 0.894118 0.913725 0.929412 1 0.894118 0.913725 0.929412 1 0.894118 0.913725 0.929412 1 0.894118 0.913725 0.929412 1 0.894118 0.913725 0.929412 1 0.894118 0.913725 0.929412 1 0.894118 0.913725 0.929412 1 0.894118 0.913725 0.929412 1 0.894118 0.913725 0.929412 1 0.894118 0.913725 0.929412 1 0.894118 0.913725 0.929412 1 0.894118 0.913725 0.929412 1 0.894118 0.913725 0.929412 1 0.894118 0.913725 0.929412 1 0.894118 0.913725 0.929412 1 0.894118 0.913725 0.929412 1 0.894118 0.913725 0.929412 1 0.894118 0.913725 0.929412 1 0.894118 0.913725 0.929412 1 0.894118 0.913725 0.929412 1 0.894118 0.913725 0.929412 1 0.894118 0.913725 0.929412 1 0.894118 0.913725 0.929412 1 0.894118 0.913725 0.929412 1 0.894118 0.913725 0.929412 1 0.894118 0.913725 0.929412 1 0.894118 0.913725 0.929412 1 0.894118 0.913725 0.929412 1 0.894118 0.913725 0.929412 1 0.894118 0.913725 0.929412 1 0.894118 0.913725 0.929412 1 0.894118 0.913725 0.929412 1 0.894118 0.913725 0.929412 1 0.894118 0.913725 0.929412 1 0.894118 0.913725 0.929412 1 0.894118 0.913725 0.929412 1 0.894118 0.913725 0.929412 1 0.894118 0.913725 0.929412 1 0.894118 0.913725 0.929412 1 0.894118 0.913725 0.929412 1 0.894118 0.913725 0.929412 1 0.894118 0.913725 0.929412 1 0.894118 0.913725 0.929412 1 0.894118 0.913725 0.929412 1 0.894118 0.913725 0.929412 1 0.894118 0.913725 0.929412 1 0.894118 0.913725 0.929412 1 0.894118 0.913725 0.929412 1 0.894118 0.913725 0.929412 1 0.894118 0.913725 0.929412 1 0.894118 0.913725 0.929412 1 0.894118 0.913725 0.929412 1 0.894118 0.913725 0.929412 1 0.894118 0.913725 0.929412 1 0.894118 0.913725 0.929412 1 0.894118 0.913725 0.929412 1 0.894118 0.913725 0.929412 1 0.894118 0.913725 0.929412 1 0.894118 0.913725 0.929412 1 0.894118 0.913725 0.929412 1 0.894118 0.913725 0.929412 1 0.894118 0.913725 0.929412 1 0.894118 0.913725 0.929412 1 0.894118 0.913725 0.929412 1 0.894118 0.913725 0.929412 1 0.894118 0.913725 0.929412 1 0.894118 0.913725 0.929412 1 0.894118 0.913725 0.929412 1 0.894118 0.913725 0.929412 1 0.894118 0.913725 0.929412 1 0.894118 0.913725 0.929412 1 0.894118 0.913725 0.929412 1 0.894118 0.913725 0.929412 1 0.894118 0.913725 0.929412 1 0.894118 0.913725 0.929412 1 0.894118 0.913725 0.929412 1 0.894118 0.913725 0.929412 1 0.894118 0.913725 0.929412 1 0.894118 0.913725 0.929412 1 0.894118 0.913725 0.929412 1 0.894118 0.913725 0.929412 1 0.894118 0.913725 0.929412 1 0.894118 0.913725 0.929412 1 0.894118 0.913725 0.929412 1 0.894118 0.913725 0.929412 1 0.894118 0.913725 0.929412 1 0.894118 0.913725 0.929412 1 0.894118 0.913725 0.929412 1 0.894118 0.913725 0.929412 1 0.894118 0.913725 0.929412 1 0.894118 0.913725 0.929412 1 0.894118 0.913725 0.929412 1 0.894118 0.913725 0.929412 1 0.894118 0.913725 0.929412 1 0.894118 0.913725 0.929412 1 0.894118 0.913725 0.929412 1 0.894118 0.913725 0.929412 1 0.894118 0.913725 0.929412 1 0.894118 0.913725 0.929412 1 0.894118 0.913725 0.929412 1 0.894118 0.913725 0.929412 1 0.894118 0.913725 0.929412 1 0.894118 0.913725 0.929412 1 0.894118 0.913725 0.929412 1 0.894118 0.913725 0.929412 1 0.894118 0.913725 0.929412 1 0.894118 0.913725 0.929412 1 0.894118 0.913725 0.929412 1 0.894118 0.913725 0.929412 1 0.894118 0.913725 0.929412 1 0.894118 0.913725 0.929412 1 0.894118 0.913725 0.929412 1 0.894118 0.913725 0.929412 1 0.894118 0.913725 0.929412 1 0.894118 0.913725 0.929412 1 0.894118 0.913725 0.929412 1 0.894118 0.913725 0.929412 1 0.894118 0.913725 0.929412 1 0.894118 0.913725 0.929412 1 0.894118 0.913725 0.929412 1 0.894118 0.913725 0.929412 1 0.894118 0.913725 0.929412 1 0.894118 0.913725 0.929412 1 0.894118 0.913725 0.929412 1 0.894118 0.913725 0.929412 1 0.894118 0.913725 0.929412 1 0.894118 0.913725 0.929412 1 0.894118 0.913725 0.929412 1 0.894118 0.913725 0.929412 1 0.894118 0.913725 0.929412 1 0.894118 0.913725 0.929412 1 0.894118 0.913725 0.929412 1 0.894118 0.913725 0.929412 1 0.894118 0.913725 0.929412 1 0.894118 0.913725 0.929412 1 0.894118 0.913725 0.929412 1 0.894118 0.913725 0.929412 1 0.894118 0.913725 0.929412 1 0.894118 0.913725 0.929412 1 0.894118 0.913725 0.929412 1 0.894118 0.913725 0.929412 1 0.894118 0.913725 0.929412 1 0.894118 0.913725 0.929412 1 0.894118 0.913725 0.929412 1 0.894118 0.913725 0.929412 1 0.894118 0.913725 0.929412 1 0.894118 0.913725 0.929412 1 0.894118 0.913725 0.929412 1 0.894118 0.913725 0.929412 1 0.894118 0.913725 0.929412 1 0.894118 0.913725 0.929412 1 0.894118 0.913725 0.929412 1 0.894118 0.913725 0.929412 1 0.894118 0.913725 0.929412 1 0.894118 0.913725 0.929412 1 0.894118 0.913725 0.929412 1 0.894118 0.913725 0.929412 1 0.894118 0.913725 0.929412 1 0.894118 0.913725 0.929412 1 0.894118 0.913725 0.929412 1 0.894118 0.913725 0.929412 1 0.894118 0.913725 0.929412 1 0.894118 0.913725 0.929412 1 0.894118 0.913725 0.929412 1 0.894118 0.913725 0.929412 1 0.894118 0.913725 0.929412 1 0.894118 0.913725 0.929412 1 0.894118 0.913725 0.929412 1 0.894118 0.913725 0.929412 1 0.894118 0.913725 0.929412 1 0.894118 0.913725 0.929412 1 0.894118 0.913725 0.929412 1 0.894118 0.913725 0.929412 1 0.894118 0.913725 0.929412 1 0.894118 0.913725 0.929412 1 0.894118 0.913725 0.929412 1 0.894118 0.913725 0.929412 1 0.894118 0.913725 0.929412 1 0.894118 0.913725 0.929412 1 0.894118 0.913725 0.929412 1 0.894118 0.913725 0.929412 1 0.894118 0.913725 0.929412 1 0.894118 0.913725 0.929412 1 0.894118 0.913725 0.929412 1 0.894118 0.913725 0.929412 1 0.894118 0.913725 0.929412 1 0.894118 0.913725 0.929412 1 0.894118 0.913725 0.929412 1 0.894118 0.913725 0.929412 1 0.894118 0.913725 0.929412 1 0.894118 0.913725 0.929412 1 0.894118 0.913725 0.929412 1 0.894118 0.913725 0.929412 1 0.894118 0.913725 0.929412 1 0.894118 0.913725 0.929412 1 0.894118 0.913725 0.929412 1 0.894118 0.913725 0.929412 1 0.894118 0.913725 0.929412 1 0.894118 0.913725 0.929412 1 0.894118 0.913725 0.929412 1 0.894118 0.913725 0.929412 1 0.894118 0.913725 0.929412 1 0.894118 0.913725 0.929412 1 0.894118 0.913725 0.929412 1 0.894118 0.913725 0.929412 1 0.894118 0.913725 0.929412 1 0.894118 0.913725 0.929412 1 0.894118 0.913725 0.929412 1 0.894118 0.913725 0.929412 1 0.894118 0.913725 0.929412 1 0.894118 0.913725 0.929412 1 0.894118 0.913725 0.929412 1 0.894118 0.913725 0.929412 1 0.894118 0.913725 0.929412 1 0.894118 0.913725 0.929412 1 0.894118 0.913725 0.929412 1 0.894118 0.913725 0.929412 1 0.894118 0.913725 0.929412 1 0.894118 0.913725 0.929412 1 0.894118 0.913725 0.929412 1 0.894118 0.913725 0.929412 1 0.894118 0.913725 0.929412 1 0.894118 0.913725 0.929412 1 0.894118 0.913725 0.929412 1 0.894118 0.913725 0.929412 1 0.894118 0.913725 0.929412 1 0.894118 0.913725 0.929412 1 0.894118 0.913725 0.929412 1 0.894118 0.913725 0.929412 1 0.894118 0.913725 0.929412 1 0.894118 0.913725 0.929412 1 0.894118 0.913725 0.929412 1 0.894118 0.913725 0.929412 1 0.894118 0.913725 0.929412 1 0.894118 0.913725 0.929412 1 0.894118 0.913725 0.929412 1 0.894118 0.913725 0.929412 1 0.894118 0.913725 0.929412 1 0.894118 0.913725 0.929412 1 0.894118 0.913725 0.929412 1 0.894118 0.913725 0.929412 1 0.894118 0.913725 0.929412 1 0.894118 0.913725 0.929412 1 0.894118 0.913725 0.929412 1 0.894118 0.913725 0.929412 1 0.894118 0.913725 0.929412 1 0.894118 0.913725 0.929412 1 0.894118 0.913725 0.929412 1 0.894118 0.913725 0.929412 1 0.894118 0.913725 0.929412 1 0.894118 0.913725 0.929412 1 0.894118 0.913725 0.929412 1 0.894118 0.913725 0.929412 1 0.894118 0.913725 0.929412 1 0.894118 0.913725 0.929412 1 0.894118 0.913725 0.929412 1 0.894118 0.913725 0.929412 1 0.894118 0.913725 0.929412 1 0.894118 0.913725 0.929412 1 0.894118 0.913725 0.929412 1 0.894118 0.913725 0.929412 1 0.894118 0.913725 0.929412 1 0.894118 0.913725 0.929412 1 0.894118 0.913725 0.929412 1 0.894118 0.913725 0.929412 1 0.894118 0.913725 0.929412 1 0.894118 0.913725 0.929412 1 0.894118 0.913725 0.929412 1 0.894118 0.913725 0.929412 1 0.894118 0.913725 0.929412 1 0.894118 0.913725 0.929412 1 0.894118 0.913725 0.929412 1 0.894118 0.913725 0.929412 1 0.894118 0.913725 0.929412 1 0.894118 0.913725 0.929412 1 0.894118 0.913725 0.929412 1 0.894118 0.913725 0.929412 1 0.894118 0.913725 0.929412 1 0.894118 0.913725 0.929412 1 0.894118 0.913725 0.929412 1 0.894118 0.913725 0.929412 1 0.894118 0.913725 0.929412 1 0.894118 0.913725 0.929412 1 0.894118 0.913725 0.929412 1 0.894118 0.913725 0.929412 1 0.894118 0.913725 0.929412 1 0.894118 0.913725 0.929412 1 0.894118 0.913725 0.929412 1 0.894118 0.913725 0.929412 1 0.894118 0.913725 0.929412 1 0.894118 0.913725 0.929412 1 0.894118 0.913725 0.929412 1 0.894118 0.913725 0.929412 1 0.894118 0.913725 0.929412 1 0.894118 0.913725 0.929412 1 0.894118 0.913725 0.929412 1 0.894118 0.913725 0.929412 1 0.894118 0.913725 0.929412 1 0.894118 0.913725 0.929412 1 0.894118 0.913725 0.929412 1 0.894118 0.913725 0.929412 1 0.894118 0.913725 0.929412 1 0.894118 0.913725 0.929412 1 0.894118 0.913725 0.929412 1 0.894118 0.913725 0.929412 1 0.894118 0.913725 0.929412 1 0.894118 0.913725 0.929412 1 0.894118 0.913725 0.929412 1 0.894118 0.913725 0.929412 1 0.894118 0.913725 0.929412 1 0.894118 0.913725 0.929412 1 0.894118 0.913725 0.929412 1 0.894118 0.913725 0.929412 1 0.894118 0.913725 0.929412 1 0.894118 0.913725 0.929412 1 0.894118 0.913725 0.929412 1 0.894118 0.913725 0.929412 1 0.894118 0.913725 0.929412 1 0.894118 0.913725 0.929412 1 0.894118 0.913725 0.929412 1 0.894118 0.913725 0.929412 1 0.894118 0.913725 0.929412 1 0.894118 0.913725 0.929412 1 0.894118 0.913725 0.929412 1 0.894118 0.913725 0.929412 1 0.894118 0.913725 0.929412 1 0.894118 0.913725 0.929412 1 0.894118 0.913725 0.929412 1 0.894118 0.913725 0.929412 1 0.894118 0.913725 0.929412 1 0.894118 0.913725 0.929412 1 0.894118 0.913725 0.929412 1 0.894118 0.913725 0.929412 1 0.894118 0.913725 0.929412 1 0.894118 0.913725 0.929412 1 0.894118 0.913725 0.929412 1 0.894118 0.913725 0.929412 1 0.894118 0.913725 0.929412 1 0.894118 0.913725 0.929412 1 0.894118 0.913725 0.929412 1 0.894118 0.913725 0.929412 1 0.894118 0.913725 0.929412 1 0.894118 0.913725 0.929412 1 0.894118 0.913725 0.929412 1 0.894118 0.913725 0.929412 1 0.894118 0.913725 0.929412 1 0.894118 0.913725 0.929412 1 0.894118 0.913725 0.929412 1 0.894118 0.913725 0.929412 1 0.894118 0.913725 0.929412 1 0.894118 0.913725 0.929412 1 0.894118 0.913725 0.929412 1 0.894118 0.913725 0.929412 1 0.894118 0.913725 0.929412 1 0.894118 0.913725 0.929412 1 0.894118 0.913725 0.929412 1 0.894118 0.913725 0.929412 1 0.894118 0.913725 0.929412 1 0.894118 0.913725 0.929412 1 0.894118 0.913725 0.929412 1 0.894118 0.913725 0.929412 1 0.894118 0.913725 0.929412 1 0.894118 0.913725 0.929412 1 0.894118 0.913725 0.929412 1 0.894118 0.913725 0.929412 1 0.894118 0.913725 0.929412 1 0.894118 0.913725 0.929412 1 0.894118 0.913725 0.929412 1 0.894118 0.913725 0.929412 1 0.894118 0.913725 0.929412 1 0.894118 0.913725 0.929412 1 0.894118 0.913725 0.929412 1 0.894118 0.913725 0.929412 1 0.894118 0.913725 0.929412 1 0.894118 0.913725 0.929412 1 0.894118 0.913725 0.929412 1 0.894118 0.913725 0.929412 1 0.894118 0.913725 0.929412 1 0.894118 0.913725 0.929412 1 0.894118 0.913725 0.929412 1 0.894118 0.913725 0.929412 1 0.894118 0.913725 0.929412 1 0.894118 0.913725 0.929412 1 0.894118 0.913725 0.929412 1 0.894118 0.913725 0.929412 1 0.894118 0.913725 0.929412 1 0.894118 0.913725 0.929412 1 0.894118 0.913725 0.929412 1 0.894118 0.913725 0.929412 1 0.894118 0.913725 0.929412 1 0.894118 0.913725 0.929412 1 0.894118 0.913725 0.929412 1 0.894118 0.913725 0.929412 1 0.894118 0.913725 0.929412 1 0.894118 0.913725 0.929412 1 0.894118 0.913725 0.929412 1 0.894118 0.913725 0.929412 1 0.894118 0.913725 0.929412 1 0.894118 0.913725 0.929412 1 0.894118 0.913725 0.929412 1 0.894118 0.913725 0.929412 1 0.894118 0.913725 0.929412 1 0.894118 0.913725 0.929412 1 0.894118 0.913725 0.929412 1 0.894118 0.913725 0.929412 1 0.894118 0.913725 0.929412 1 0.894118 0.913725 0.929412 1 0.894118 0.913725 0.929412 1 0.894118 0.913725 0.929412 1 0.894118 0.913725 0.929412 1 0.894118 0.913725 0.929412 1 0.894118 0.913725 0.929412 1 0.894118 0.913725 0.929412 1 0.894118 0.913725 0.929412 1 0.894118 0.913725 0.929412 1 0.894118 0.913725 0.929412 1 0.894118 0.913725 0.929412 1 0.894118 0.913725 0.929412 1 0.894118 0.913725 0.929412 1 0.894118 0.913725 0.929412 1 0.894118 0.913725 0.929412 1 0.894118 0.913725 0.929412 1 0.894118 0.913725 0.929412 1 0.894118 0.913725 0.929412 1 0.894118 0.913725 0.929412 1 0.894118 0.913725 0.929412 1 0.894118 0.913725 0.929412 1 0.894118 0.913725 0.929412 1 0.894118 0.913725 0.929412 1 0.894118 0.913725 0.929412 1 0.894118 0.913725 0.929412 1 0.894118 0.913725 0.929412 1 0.894118 0.913725 0.929412 1 0.894118 0.913725 0.929412 1 0.894118 0.913725 0.929412 1 0.894118 0.913725 0.929412 1 0.894118 0.913725 0.929412 1 0.894118 0.913725 0.929412 1 0.894118 0.913725 0.929412 1 0.894118 0.913725 0.929412 1 0.894118 0.913725 0.929412 1 0.894118 0.913725 0.929412 1 0.894118 0.913725 0.929412 1 0.894118 0.913725 0.929412 1 0.894118 0.913725 0.929412 1 0.894118 0.913725 0.929412 1 0.894118 0.913725 0.929412 1 0.894118 0.913725 0.929412 1 0.894118 0.913725 0.929412 1 0.894118 0.913725 0.929412 1 0.894118 0.913725 0.929412 1 0.894118 0.913725 0.929412 1 0.894118 0.913725 0.929412 1 0.894118 0.913725 0.929412 1 0.894118 0.913725 0.929412 1 0.894118 0.913725 0.929412 1 0.894118 0.913725 0.929412 1 0.894118 0.913725 0.929412 1 0.894118 0.913725 0.929412 1 0.894118 0.913725 0.929412 1 0.894118 0.913725 0.929412 1 0.894118 0.913725 0.929412 1 0.894118 0.913725 0.929412 1 0.894118 0.913725 0.929412 1 0.894118 0.913725 0.929412 1 0.894118 0.913725 0.929412 1 0.894118 0.913725 0.929412 1 0.894118 0.913725 0.929412 1 0.894118 0.913725 0.929412 1 0.894118 0.913725 0.929412 1 0.894118 0.913725 0.929412 1 0.894118 0.913725 0.929412 1 0.894118 0.913725 0.929412 1 0.894118 0.913725 0.929412 1 0.894118 0.913725 0.929412 1 0.894118 0.913725 0.929412 1 0.894118 0.913725 0.929412 1 0.894118 0.913725 0.929412 1 0.894118 0.913725 0.929412 1 0.894118 0.913725 0.929412 1 0.894118 0.913725 0.929412 1 0.894118 0.913725 0.929412 1 0.894118 0.913725 0.929412 1 0.894118 0.913725 0.929412 1 0.894118 0.913725 0.929412 1 0.894118 0.913725 0.929412 1 0.894118 0.913725 0.929412 1 0.894118 0.913725 0.929412 1 0.894118 0.913725 0.929412 1 0.894118 0.913725 0.929412 1 0.894118 0.913725 0.929412 1 0.894118 0.913725 0.929412 1 0.894118 0.913725 0.929412 1 0.894118 0.913725 0.929412 1 0.894118 0.913725 0.929412 1 0.894118 0.913725 0.929412 1 0.894118 0.913725 0.929412 1 0.894118 0.913725 0.929412 1 0.894118 0.913725 0.929412 1 0.894118 0.913725 0.929412 1 0.894118 0.913725 0.929412 1 0.894118 0.913725 0.929412 1 0.894118 0.913725 0.929412 1 0.894118 0.913725 0.929412 1 0.894118 0.913725 0.929412 1 0.894118 0.913725 0.929412 1 0.894118 0.913725 0.929412 1 0.894118 0.913725 0.929412 1 0.894118 0.913725 0.929412 1 0.894118 0.913725 0.929412 1 0.894118 0.913725 0.929412 1 0.894118 0.913725 0.929412 1 0.894118 0.913725 0.929412 1 0.894118 0.913725 0.929412 1 0.894118 0.913725 0.929412 1 0.894118 0.913725 0.929412 1 0.894118 0.913725 0.929412 1 0.894118 0.913725 0.929412 1 0.894118 0.913725 0.929412 1 0.894118 0.913725 0.929412 1 0.894118 0.913725 0.929412 1 0.894118 0.913725 0.929412 1 0.894118 0.913725 0.929412 1 0.894118 0.913725 0.929412 1 0.894118 0.913725 0.929412 1 0.894118 0.913725 0.929412 1 0.894118 0.913725 0.929412 1 0.894118 0.913725 0.929412 1 0.894118 0.913725 0.929412 1 0.894118 0.913725 0.929412 1 0.894118 0.913725 0.929412 1 0.894118 0.913725 0.929412 1 0.894118 0.913725 0.929412 1 0.894118 0.913725 0.929412 1 0.894118 0.913725 0.929412 1 0.894118 0.913725 0.929412 1 0.894118 0.913725 0.929412 1 0.894118 0.913725 0.929412 1 0.894118 0.913725 0.929412 1 0.894118 0.913725 0.929412 1 0.894118 0.913725 0.929412 1 0.894118 0.913725 0.929412 1 0.894118 0.913725 0.929412 1 0.894118 0.913725 0.929412 1 0.894118 0.913725 0.929412 1 0.894118 0.913725 0.929412 1 0.894118 0.913725 0.929412 1 0.894118 0.913725 0.929412 1 0.894118 0.913725 0.929412 1 0.894118 0.913725 0.929412 1 0.894118 0.913725 0.929412 1 0.894118 0.913725 0.929412 1 0.894118 0.913725 0.929412 1 0.894118 0.913725 0.929412 1 0.894118 0.913725 0.929412 1 0.894118 0.913725 0.929412 1 0.894118 0.913725 0.929412 1 0.894118 0.913725 0.929412 1 0.894118 0.913725 0.929412 1 0.894118 0.913725 0.929412 1 0.894118 0.913725 0.929412 1 0.894118 0.913725 0.929412 1 0.894118 0.913725 0.929412 1 0.894118 0.913725 0.929412 1 0.894118 0.913725 0.929412 1 0.894118 0.913725 0.929412 1 0.894118 0.913725 0.929412 1 0.894118 0.913725 0.929412 1 0.894118 0.913725 0.929412 1 0.894118 0.913725 0.929412 1 0.894118 0.913725 0.929412 1 0.894118 0.913725 0.929412 1 0.894118 0.913725 0.929412 1 0.894118 0.913725 0.929412 1 0.894118 0.913725 0.929412 1 0.894118 0.913725 0.929412 1 0.894118 0.913725 0.929412 1 0.894118 0.913725 0.929412 1 0.894118 0.913725 0.929412 1 0.894118 0.913725 0.929412 1 0.894118 0.913725 0.929412 1 0.894118 0.913725 0.929412 1 0.894118 0.913725 0.929412 1 0.894118 0.913725 0.929412 1 0.894118 0.913725 0.929412 1 0.894118 0.913725 0.929412 1 0.894118 0.913725 0.929412 1 0.894118 0.913725 0.929412 1 0.894118 0.913725 0.929412 1 0.894118 0.913725 0.929412 1 0.894118 0.913725 0.929412 1 0.894118 0.913725 0.929412 1 0.894118 0.913725 0.929412 1 0.894118 0.913725 0.929412 1 0.894118 0.913725 0.929412 1 0.894118 0.913725 0.929412 1 0.894118 0.913725 0.929412 1 0.894118 0.913725 0.929412 1 0.894118 0.913725 0.929412 1 0.894118 0.913725 0.929412 1 0.894118 0.913725 0.929412 1 0.894118 0.913725 0.929412 1 0.894118 0.913725 0.929412 1 0.894118 0.913725 0.929412 1 0.894118 0.913725 0.929412 1 0.894118 0.913725 0.929412 1 0.894118 0.913725 0.929412 1 0.894118 0.913725 0.929412 1 0.894118 0.913725 0.929412 1 0.894118 0.913725 0.929412 1 0.894118 0.913725 0.929412 1 0.894118 0.913725 0.929412 1 0.894118 0.913725 0.929412 1 0.894118 0.913725 0.929412 1 0.894118 0.913725 0.929412 1 0.894118 0.913725 0.929412 1 0.894118 0.913725 0.929412 1 0.894118 0.913725 0.929412 1 0.894118 0.913725 0.929412 1 0.894118 0.913725 0.929412 1 0.894118 0.913725 0.929412 1 0.894118 0.913725 0.929412 1 0.894118 0.913725 0.929412 1 0.894118 0.913725 0.929412 1 0.894118 0.913725 0.929412 1 0.894118 0.913725 0.929412 1 0.894118 0.913725 0.929412 1 0.894118 0.913725 0.929412 1 0.894118 0.913725 0.929412 1 0.894118 0.913725 0.929412 1 0.894118 0.913725 0.929412 1 0.894118 0.913725 0.929412 1 0.894118 0.913725 0.929412 1 0.894118 0.913725 0.929412 1 0.894118 0.913725 0.929412 1 0.894118 0.913725 0.929412 1 0.894118 0.913725 0.929412 1 0.894118 0.913725 0.929412 1 0.894118 0.913725 0.929412 1 0.894118 0.913725 0.929412 1 0.894118 0.913725 0.929412 1 0.894118 0.913725 0.929412 1 0.894118 0.913725 0.929412 1 0.894118 0.913725 0.929412 1 0.894118 0.913725 0.929412 1 0.894118 0.913725 0.929412 1 0.894118 0.913725 0.929412 1 0.894118 0.913725 0.929412 1 0.894118 0.913725 0.929412 1 0.894118 0.913725 0.929412 1 0.894118 0.913725 0.929412 1 0.894118 0.913725 0.929412 1 0.894118 0.913725 0.929412 1 0.894118 0.913725 0.929412 1 0.894118 0.913725 0.929412 1 0.894118 0.913725 0.929412 1 0.894118 0.913725 0.929412 1 0.894118 0.913725 0.929412 1 0.894118 0.913725 0.929412 1 0.894118 0.913725 0.929412 1 0.894118 0.913725 0.929412 1 0.894118 0.913725 0.929412 1 0.894118 0.913725 0.929412 1 0.894118 0.913725 0.929412 1 0.894118 0.913725 0.929412 1 0.894118 0.913725 0.929412 1 0.894118 0.913725 0.929412 1 0.894118 0.913725 0.929412 1 0.894118 0.913725 0.929412 1 0.894118 0.913725 0.929412 1 0.894118 0.913725 0.929412 1 0.894118 0.913725 0.929412 1 0.894118 0.913725 0.929412 1 0.894118 0.913725 0.929412 1 0.894118 0.913725 0.929412 1 0.894118 0.913725 0.929412 1 0.894118 0.913725 0.929412 1 0.894118 0.913725 0.929412 1 0.894118 0.913725 0.929412 1 0.894118 0.913725 0.929412 1 0.894118 0.913725 0.929412 1 0.894118 0.913725 0.929412 1 0.894118 0.913725 0.929412 1 0.894118 0.913725 0.929412 1 0.894118 0.913725 0.929412 1 0.894118 0.913725 0.929412 1 0.894118 0.913725 0.929412 1 0.894118 0.913725 0.929412 1 0.894118 0.913725 0.929412 1 0.894118 0.913725 0.929412 1 0.894118 0.913725 0.929412 1 0.894118 0.913725 0.929412 1 0.894118 0.913725 0.929412 1 0.894118 0.913725 0.929412 1 0.894118 0.913725 0.929412 1 0.894118 0.913725 0.929412 1 0.894118 0.913725 0.929412 1 0.894118 0.913725 0.929412 1 0.894118 0.913725 0.929412 1 0.894118 0.913725 0.929412 1 0.894118 0.913725 0.929412 1 0.894118 0.913725 0.929412 1 0.894118 0.913725 0.929412 1 0.894118 0.913725 0.929412 1 0.894118 0.913725 0.929412 1 0.894118 0.913725 0.929412 1 0.894118 0.913725 0.929412 1 0.894118 0.913725 0.929412 1 0.894118 0.913725 0.929412 1 0.894118 0.913725 0.929412 1 0.894118 0.913725 0.929412 1 0.894118 0.913725 0.929412 1 0.894118 0.913725 0.929412 1 0.894118 0.913725 0.929412 1 0.894118 0.913725 0.929412 1 0.894118 0.913725 0.929412 1 0.894118 0.913725 0.929412 1 0.894118 0.913725 0.929412 1 0.894118 0.913725 0.929412 1 0.894118 0.913725 0.929412 1 0.894118 0.913725 0.929412 1 0.894118 0.913725 0.929412 1 0.894118 0.913725 0.929412 1 0.894118 0.913725 0.929412 1 0.894118 0.913725 0.929412 1 0.894118 0.913725 0.929412 1 0.894118 0.913725 0.929412 1 0.894118 0.913725 0.929412 1 0.894118 0.913725 0.929412 1 0.894118 0.913725 0.929412 1 0.894118 0.913725 0.929412 1 0.894118 0.913725 0.929412 1 0.894118 0.913725 0.929412 1 0.894118 0.913725 0.929412 1 0.894118 0.913725 0.929412 1 0.894118 0.913725 0.929412 1 0.894118 0.913725 0.929412 1 0.894118 0.913725 0.929412 1 0.894118 0.913725 0.929412 1 0.894118 0.913725 0.929412 1 0.894118 0.913725 0.929412 1 0.894118 0.913725 0.929412 1 0.894118 0.913725 0.929412 1 0.894118 0.913725 0.929412 1 0.894118 0.913725 0.929412 1 0.894118 0.913725 0.929412 1 0.894118 0.913725 0.929412 1 0.894118 0.913725 0.929412 1 0.894118 0.913725 0.929412 1 0.894118 0.913725 0.929412 1 0.894118 0.913725 0.929412 1 0.894118 0.913725 0.929412 1 0.894118 0.913725 0.929412 1 0.894118 0.913725 0.929412 1 0.894118 0.913725 0.929412 1 0.894118 0.913725 0.929412 1 0.894118 0.913725 0.929412 1 0.894118 0.913725 0.929412 1 0.894118 0.913725 0.929412 1 0.894118 0.913725 0.929412 1 0.894118 0.913725 0.929412 1 0.894118 0.913725 0.929412 1 0.894118 0.913725 0.929412 1 0.894118 0.913725 0.929412 1 0.894118 0.913725 0.929412 1 0.894118 0.913725 0.929412 1 0.894118 0.913725 0.929412 1 0.894118 0.913725 0.929412 1 0.894118 0.913725 0.929412 1 0.894118 0.913725 0.929412 1 0.894118 0.913725 0.929412 1 0.894118 0.913725 0.929412 1 0.894118 0.913725 0.929412 1 0.894118 0.913725 0.929412 1 0.894118 0.913725 0.929412 1 0.894118 0.913725 0.929412 1 0.894118 0.913725 0.929412 1 0.894118 0.913725 0.929412 1 0.894118 0.913725 0.929412 1 0.894118 0.913725 0.929412 1 0.894118 0.913725 0.929412 1 0.894118 0.913725 0.929412 1 0.894118 0.913725 0.929412 1 0.894118 0.913725 0.929412 1 0.894118 0.913725 0.929412 1 0.894118 0.913725 0.929412 1 0.894118 0.913725 0.929412 1 0.894118 0.913725 0.929412 1 0.894118 0.913725 0.929412 1 0.894118 0.913725 0.929412 1 0.894118 0.913725 0.929412 1 0.894118 0.913725 0.929412 1 0.894118 0.913725 0.929412 1 0.894118 0.913725 0.929412 1 0.894118 0.913725 0.929412 1 0.894118 0.913725 0.929412 1 0.894118 0.913725 0.929412 1 0.894118 0.913725 0.929412 1 0.894118 0.913725 0.929412 1 0.894118 0.913725 0.929412 1 0.894118 0.913725 0.929412 1 0.894118 0.913725 0.929412 1 0.894118 0.913725 0.929412 1 0.894118 0.913725 0.929412 1 0.894118 0.913725 0.929412 1 0.894118 0.913725 0.929412 1 0.894118 0.913725 0.929412 1 0.894118 0.913725 0.929412 1 0.894118 0.913725 0.929412 1 0.894118 0.913725 0.929412 1 0.894118 0.913725 0.929412 1 0.894118 0.913725 0.929412 1 0.894118 0.913725 0.929412 1 0.894118 0.913725 0.929412 1 0.894118 0.913725 0.929412 1 0.894118 0.913725 0.929412 1 0.894118 0.913725 0.929412 1 0.894118 0.913725 0.929412 1 0.894118 0.913725 0.929412 1 0.894118 0.913725 0.929412 1 0.894118 0.913725 0.929412 1 0.894118 0.913725 0.929412 1 0.894118 0.913725 0.929412 1 0.894118 0.913725 0.929412 1 0.894118 0.913725 0.929412 1 0.894118 0.913725 0.929412 1 0.894118 0.913725 0.929412 1 0.894118 0.913725 0.929412 1 0.894118 0.913725 0.929412 1 0.894118 0.913725 0.929412 1 0.894118 0.913725 0.929412 1 0.894118 0.913725 0.929412 1 0.894118 0.913725 0.929412 1 0.894118 0.913725 0.929412 1 0.894118 0.913725 0.929412 1 0.894118 0.913725 0.929412 1 0.894118 0.913725 0.929412 1 0.894118 0.913725 0.929412 1 0.894118 0.913725 0.929412 1 0.894118 0.913725 0.929412 1 0.894118 0.913725 0.929412 1 0.894118 0.913725 0.929412 1 0.894118 0.913725 0.929412 1 0.894118 0.913725 0.929412 1 0.894118 0.913725 0.929412 1 0.894118 0.913725 0.929412 1 0.894118 0.913725 0.929412 1 0.894118 0.913725 0.929412 1 0.894118 0.913725 0.929412 1 0.894118 0.913725 0.929412 1 0.894118 0.913725 0.929412 1 0.894118 0.913725 0.929412 1 0.894118 0.913725 0.929412 1 0.894118 0.913725 0.929412 1 0.894118 0.913725 0.929412 1 0.894118 0.913725 0.929412 1 0.894118 0.913725 0.929412 1 0.894118 0.913725 0.929412 1 0.894118 0.913725 0.929412 1 0.894118 0.913725 0.929412 1 0.894118 0.913725 0.929412 1 0.894118 0.913725 0.929412 1 0.894118 0.913725 0.929412 1 0.894118 0.913725 0.929412 1 0.894118 0.913725 0.929412 1 0.894118 0.913725 0.929412 1 0.894118 0.913725 0.929412 1 0.894118 0.913725 0.929412 1 0.894118 0.913725 0.929412 1 0.894118 0.913725 0.929412 1 0.894118 0.913725 0.929412 1 0.894118 0.913725 0.929412 1 0.894118 0.913725 0.929412 1 0.894118 0.913725 0.929412 1 0.894118 0.913725 0.929412 1 0.894118 0.913725 0.929412 1 0.894118 0.913725 0.929412 1 0.894118 0.913725 0.929412 1 0.894118 0.913725 0.929412 1 0.894118 0.913725 0.929412 1 0.894118 0.913725 0.929412 1 0.894118 0.913725 0.929412 1 0.894118 0.913725 0.929412 1 0.894118 0.913725 0.929412 1 0.894118 0.913725 0.929412 1 0.894118 0.913725 0.929412 1 0.894118 0.913725 0.929412 1 0.894118 0.913725 0.929412 1 0.894118 0.913725 0.929412 1 0.894118 0.913725 0.929412 1 0.894118 0.913725 0.929412 1 0.894118 0.913725 0.929412 1 0.894118 0.913725 0.929412 1 0.894118 0.913725 0.929412 1 0.894118 0.913725 0.929412 1 0.894118 0.913725 0.929412 1 0.894118 0.913725 0.929412 1 0.894118 0.913725 0.929412 1 0.894118 0.913725 0.929412 1 0.894118 0.913725 0.929412 1 0.894118 0.913725 0.929412 1 0.894118 0.913725 0.929412 1 0.894118 0.913725 0.929412 1 0.894118 0.913725 0.929412 1 0.894118 0.913725 0.929412 1 0.894118 0.913725 0.929412 1 0.894118 0.913725 0.929412 1 0.894118 0.913725 0.929412 1 0.894118 0.913725 0.929412 1 0.894118 0.913725 0.929412 1 0.894118 0.913725 0.929412 1 0.894118 0.913725 0.929412 1 0.894118 0.913725 0.929412 1 0.894118 0.913725 0.929412 1 0.894118 0.913725 0.929412 1 0.894118 0.913725 0.929412 1 0.894118 0.913725 0.929412 1 0.894118 0.913725 0.929412 1 0.894118 0.913725 0.929412 1 0.894118 0.913725 0.929412 1 0.894118 0.913725 0.929412 1 0.894118 0.913725 0.929412 1 0.894118 0.913725 0.929412 1 0.894118 0.913725 0.929412 1 0.894118 0.913725 0.929412 1 0.894118 0.913725 0.929412 1 0.894118 0.913725 0.929412 1 0.894118 0.913725 0.929412 1 0.894118 0.913725 0.929412 1 0.894118 0.913725 0.929412 1 0.894118 0.913725 0.929412 1 0.894118 0.913725 0.929412 1 0.894118 0.913725 0.929412 1 0.894118 0.913725 0.929412 1 0.894118 0.913725 0.929412 1 0.894118 0.913725 0.929412 1 0.894118 0.913725 0.929412 1 0.894118 0.913725 0.929412 1 0.894118 0.913725 0.929412 1 0.894118 0.913725 0.929412 1 0.894118 0.913725 0.929412 1 0.894118 0.913725 0.929412 1 0.894118 0.913725 0.929412 1 0.894118 0.913725 0.929412 1 0.894118 0.913725 0.929412 1 0.894118 0.913725 0.929412 1 0.894118 0.913725 0.929412 1 0.894118 0.913725 0.929412 1 0.894118 0.913725 0.929412 1 0.894118 0.913725 0.929412 1 0.894118 0.913725 0.929412 1 0.894118 0.913725 0.929412 1 0.894118 0.913725 0.929412 1 0.894118 0.913725 0.929412 1 0.894118 0.913725 0.929412 1 0.894118 0.913725 0.929412 1 0.894118 0.913725 0.929412 1 0.894118 0.913725 0.929412 1 0.894118 0.913725 0.929412 1 0.894118 0.913725 0.929412 1 0.894118 0.913725 0.929412 1 0.894118 0.913725 0.929412 1 0.894118 0.913725 0.929412 1 0.894118 0.913725 0.929412 1 0.894118 0.913725 0.929412 1 0.894118 0.913725 0.929412 1 0.894118 0.913725 0.929412 1 0.894118 0.913725 0.929412 1 0.894118 0.913725 0.929412 1 0.894118 0.913725 0.929412 1 0.894118 0.913725 0.929412 1 0.894118 0.913725 0.929412 1 0.894118 0.913725 0.929412 1 0.894118 0.913725 0.929412 1 0.894118 0.913725 0.929412 1 0.894118 0.913725 0.929412 1 0.894118 0.913725 0.929412 1 0.894118 0.913725 0.929412 1 0.894118 0.913725 0.929412 1 0.894118 0.913725 0.929412 1 0.894118 0.913725 0.929412 1 0.894118 0.913725 0.929412 1 0.894118 0.913725 0.929412 1 0.894118 0.913725 0.929412 1 0.894118 0.913725 0.929412 1 0.894118 0.913725 0.929412 1 0.894118 0.913725 0.929412 1 0.894118 0.913725 0.929412 1 0.894118 0.913725 0.929412 1 0.894118 0.913725 0.929412 1 0.894118 0.913725 0.929412 1 0.894118 0.913725 0.929412 1 0.894118 0.913725 0.929412 1 0.894118 0.913725 0.929412 1 0.894118 0.913725 0.929412 1 0.894118 0.913725 0.929412 1 0.894118 0.913725 0.929412 1 0.894118 0.913725 0.929412 1 0.894118 0.913725 0.929412 1 0.894118 0.913725 0.929412 1 0.894118 0.913725 0.929412 1 0.894118 0.913725 0.929412 1 0.894118 0.913725 0.929412 1 0.894118 0.913725 0.929412 1 0.894118 0.913725 0.929412 1 0.894118 0.913725 0.929412 1 0.894118 0.913725 0.929412 1 0.894118 0.913725 0.929412 1 0.894118 0.913725 0.929412 1 0.894118 0.913725 0.929412 1 0.894118 0.913725 0.929412 1 0.894118 0.913725 0.929412 1 0.894118 0.913725 0.929412 1 0.894118 0.913725 0.929412 1 0.894118 0.913725 0.929412 1 0.894118 0.913725 0.929412 1 0.894118 0.913725 0.929412 1 0.894118 0.913725 0.929412 1 0.894118 0.913725 0.929412 1 0.894118 0.913725 0.929412 1 0.894118 0.913725 0.929412 1 0.894118 0.913725 0.929412 1 0.894118 0.913725 0.929412 1 0.894118 0.913725 0.929412 1 0.894118 0.913725 0.929412 1 0.894118 0.913725 0.929412 1 0.894118 0.913725 0.929412 1 0.894118 0.913725 0.929412 1 0.894118 0.913725 0.929412 1 0.894118 0.913725 0.929412 1 0.894118 0.913725 0.929412 1 0.894118 0.913725 0.929412 1 0.894118 0.913725 0.929412 1 0.894118 0.913725 0.929412 1 0.894118 0.913725 0.929412 1 0.894118 0.913725 0.929412 1 0.894118 0.913725 0.929412 1 0.894118 0.913725 0.929412 1 0.894118 0.913725 0.929412 1 0.894118 0.913725 0.929412 1 0.894118 0.913725 0.929412 1 0.894118 0.913725 0.929412 1 0.894118 0.913725 0.929412 1 0.894118 0.913725 0.929412 1 0.894118 0.913725 0.929412 1 0.894118 0.913725 0.929412 1 0.894118 0.913725 0.929412 1 0.894118 0.913725 0.929412 1 0.894118 0.913725 0.929412 1 0.894118 0.913725 0.929412 1 0.894118 0.913725 0.929412 1 0.894118 0.913725 0.929412 1 0.894118 0.913725 0.929412 1 0.894118 0.913725 0.929412 1 0.894118 0.913725 0.929412 1 0.894118 0.913725 0.929412 1 0.894118 0.913725 0.929412 1 0.894118 0.913725 0.929412 1 0.894118 0.913725 0.929412 1 0.894118 0.913725 0.929412 1 0.894118 0.913725 0.929412 1 0.894118 0.913725 0.929412 1 0.894118 0.913725 0.929412 1 0.894118 0.913725 0.929412 1 0.894118 0.913725 0.929412 1 0.894118 0.913725 0.929412 1 0.894118 0.913725 0.929412 1 0.894118 0.913725 0.929412 1 0.894118 0.913725 0.929412 1 0.894118 0.913725 0.929412 1 0.894118 0.913725 0.929412 1 0.894118 0.913725 0.929412 1 0.894118 0.913725 0.929412 1 0.894118 0.913725 0.929412 1 0.894118 0.913725 0.929412 1 0.894118 0.913725 0.929412 1 0.894118 0.913725 0.929412 1 0.894118 0.913725 0.929412 1 0.894118 0.913725 0.929412 1 0.894118 0.913725 0.929412 1 0.894118 0.913725 0.929412 1 0.894118 0.913725 0.929412 1 0.894118 0.913725 0.929412 1 0.894118 0.913725 0.929412 1 0.894118 0.913725 0.929412 1 0.894118 0.913725 0.929412 1 0.894118 0.913725 0.929412 1 0.894118 0.913725 0.929412 1 0.894118 0.913725 0.929412 1 0.894118 0.913725 0.929412 1 0.894118 0.913725 0.929412 1 0.894118 0.913725 0.929412 1 0.894118 0.913725 0.929412 1 0.894118 0.913725 0.929412 1 0.894118 0.913725 0.929412 1 0.894118 0.913725 0.929412 1 0.894118 0.913725 0.929412 1 0.894118 0.913725 0.929412 1 0.894118 0.913725 0.929412 1 0.894118 0.913725 0.929412 1 0.894118 0.913725 0.929412 1 0.894118 0.913725 0.929412 1 0.894118 0.913725 0.929412 1 0.894118 0.913725 0.929412 1 0.894118 0.913725 0.929412 1 0.894118 0.913725 0.929412 1 0.894118 0.913725 0.929412 1 0.894118 0.913725 0.929412 1 0.894118 0.913725 0.929412 1 0.894118 0.913725 0.929412 1 0.894118 0.913725 0.929412 1 0.894118 0.913725 0.929412 1 0.894118 0.913725 0.929412 1 0.894118 0.913725 0.929412 1 0.894118 0.913725 0.929412 1 0.894118 0.913725 0.929412 1 0.894118 0.913725 0.929412 1 0.894118 0.913725 0.929412 1 0.894118 0.913725 0.929412 1 0.894118 0.913725 0.929412 1 0.894118 0.913725 0.929412 1 0.894118 0.913725 0.929412 1 0.894118 0.913725 0.929412 1 0.894118 0.913725 0.929412 1 0.894118 0.913725 0.929412 1 0.894118 0.913725 0.929412 1 0.894118 0.913725 0.929412 1 0.894118 0.913725 0.929412 1 0.894118 0.913725 0.929412 1 0.894118 0.913725 0.929412 1 0.894118 0.913725 0.929412 1 0.894118 0.913725 0.929412 1 0.894118 0.913725 0.929412 1 0.894118 0.913725 0.929412 1 0.894118 0.913725 0.929412 1 0.894118 0.913725 0.929412 1 0.894118 0.913725 0.929412 1 0.894118 0.913725 0.929412 1 0.894118 0.913725 0.929412 1 0.894118 0.913725 0.929412 1 0.894118 0.913725 0.929412 1 0.894118 0.913725 0.929412 1 0.894118 0.913725 0.929412 1 0.894118 0.913725 0.929412 1 0.894118 0.913725 0.929412 1 0.894118 0.913725 0.929412 1 0.894118 0.913725 0.929412 1 0.894118 0.913725 0.929412 1 0.894118 0.913725 0.929412 1 0.894118 0.913725 0.929412 1 0.894118 0.913725 0.929412 1 0.894118 0.913725 0.929412 1 0.894118 0.913725 0.929412 1 0.894118 0.913725 0.929412 1 0.894118 0.913725 0.929412 1 0.894118 0.913725 0.929412 1 0.894118 0.913725 0.929412 1 0.894118 0.913725 0.929412 1 0.894118 0.913725 0.929412 1 0.894118 0.913725 0.929412 1 0.894118 0.913725 0.929412 1 0.894118 0.913725 0.929412 1 0.894118 0.913725 0.929412 1 0.894118 0.913725 0.929412 1 0.894118 0.913725 0.929412 1 0.894118 0.913725 0.929412 1 0.894118 0.913725 0.929412 1 0.894118 0.913725 0.929412 1 0.894118 0.913725 0.929412 1 0.894118 0.913725 0.929412 1 0.894118 0.913725 0.929412 1 0.894118 0.913725 0.929412 1 0.894118 0.913725 0.929412 1 0.894118 0.913725 0.929412 1 0.894118 0.913725 0.929412 1 0.894118 0.913725 0.929412 1 0.894118 0.913725 0.929412 1 0.894118 0.913725 0.929412 1 0.894118 0.913725 0.929412 1 0.894118 0.913725 0.929412 1 0.894118 0.913725 0.929412 1 0.894118 0.913725 0.929412 1 0.894118 0.913725 0.929412 1 0.894118 0.913725 0.929412 1 0.894118 0.913725 0.929412 1 0.894118 0.913725 0.929412 1 0.894118 0.913725 0.929412 1 0.894118 0.913725 0.929412 1 0.894118 0.913725 0.929412 1 0.894118 0.913725 0.929412 1 0.894118 0.913725 0.929412 1 0.894118 0.913725 0.929412 1 0.894118 0.913725 0.929412 1 0.894118 0.913725 0.929412 1 0.894118 0.913725 0.929412 1 0.894118 0.913725 0.929412 1 0.894118 0.913725 0.929412 1 0.894118 0.913725 0.929412 1 0.894118 0.913725 0.929412 1 0.894118 0.913725 0.929412 1 0.894118 0.913725 0.929412 1 0.894118 0.913725 0.929412 1 0.894118 0.913725 0.929412 1 0.894118 0.913725 0.929412 1 0.894118 0.913725 0.929412 1 0.894118 0.913725 0.929412 1 0.894118 0.913725 0.929412 1 0.894118 0.913725 0.929412 1 0.894118 0.913725 0.929412 1 0.894118 0.913725 0.929412 1 0.894118 0.913725 0.929412 1 0.894118 0.913725 0.929412 1 0.894118 0.913725 0.929412 1 0.894118 0.913725 0.929412 1 0.894118 0.913725 0.929412 1 0.894118 0.913725 0.929412 1 0.894118 0.913725 0.929412 1 0.894118 0.913725 0.929412 1 0.894118 0.913725 0.929412 1 0.894118 0.913725 0.929412 1 0.894118 0.913725 0.929412 1 0.894118 0.913725 0.929412 1 0.894118 0.913725 0.929412 1 0.894118 0.913725 0.929412 1 0.894118 0.913725 0.929412 1 0.894118 0.913725 0.929412 1 0.894118 0.913725 0.929412 1 0.894118 0.913725 0.929412 1 0.894118 0.913725 0.929412 1 0.894118 0.913725 0.929412 1 0.894118 0.913725 0.929412 1 0.894118 0.913725 0.929412 1 0.894118 0.913725 0.929412 1 0.894118 0.913725 0.929412 1 0.894118 0.913725 0.929412 1 0.894118 0.913725 0.929412 1 0.894118 0.913725 0.929412 1 0.894118 0.913725 0.929412 1 0.894118 0.913725 0.929412 1 0.894118 0.913725 0.929412 1 0.894118 0.913725 0.929412 1 0.894118 0.913725 0.929412 1 0.894118 0.913725 0.929412 1 0.894118 0.913725 0.929412 1 0.894118 0.913725 0.929412 1 0.894118 0.913725 0.929412 1 0.894118 0.913725 0.929412 1 0.894118 0.913725 0.929412 1 0.894118 0.913725 0.929412 1 0.894118 0.913725 0.929412 1 0.894118 0.913725 0.929412 1 0.894118 0.913725 0.929412 1 0.894118 0.913725 0.929412 1 0.894118 0.913725 0.929412 1 0.894118 0.913725 0.929412 1 0.894118 0.913725 0.929412 1 0.894118 0.913725 0.929412 1 0.894118 0.913725 0.929412 1 0.894118 0.913725 0.929412 1 0.894118 0.913725 0.929412 1 0.894118 0.913725 0.929412 1 0.894118 0.913725 0.929412 1 0.894118 0.913725 0.929412 1 0.894118 0.913725 0.929412 1 0.894118 0.913725 0.929412 1 0.894118 0.913725 0.929412 1 0.894118 0.913725 0.929412 1 0.894118 0.913725 0.929412 1 0.894118 0.913725 0.929412 1 0.894118 0.913725 0.929412 1 0.894118 0.913725 0.929412 1 0.894118 0.913725 0.929412 1 0.894118 0.913725 0.929412 1 0.894118 0.913725 0.929412 1 0.894118 0.913725 0.929412 1 0.894118 0.913725 0.929412 1 0.894118 0.913725 0.929412 1 0.894118 0.913725 0.929412 1 0.894118 0.913725 0.929412 1 0.894118 0.913725 0.929412 1 0.894118 0.913725 0.929412 1 0.894118 0.913725 0.929412 1 0.894118 0.913725 0.929412 1 0.894118 0.913725 0.929412 1 0.894118 0.913725 0.929412 1 0.894118 0.913725 0.929412 1 0.894118 0.913725 0.929412 1 0.894118 0.913725 0.929412 1 0.894118 0.913725 0.929412 1 0.894118 0.913725 0.929412 1 0.894118 0.913725 0.929412 1 0.894118 0.913725 0.929412 1 0.894118 0.913725 0.929412 1 0.894118 0.913725 0.929412 1 0.894118 0.913725 0.929412 1 0.894118 0.913725 0.929412 1 0.894118 0.913725 0.929412 1 0.894118 0.913725 0.929412 1 0.894118 0.913725 0.929412 1 0.894118 0.913725 0.929412 1 0.894118 0.913725 0.929412 1 0.894118 0.913725 0.929412 1 0.894118 0.913725 0.929412 1 0.894118 0.913725 0.929412 1 0.894118 0.913725 0.929412 1 0.894118 0.913725 0.929412 1 0.894118 0.913725 0.929412 1 0.894118 0.913725 0.929412 1 0.894118 0.913725 0.929412 1 0.894118 0.913725 0.929412 1 0.894118 0.913725 0.929412 1 0.894118 0.913725 0.929412 1 0.894118 0.913725 0.929412 1 0.894118 0.913725 0.929412 1 0.894118 0.913725 0.929412 1 0.894118 0.913725 0.929412 1 0.894118 0.913725 0.929412 1 0.894118 0.913725 0.929412 1 0.894118 0.913725 0.929412 1 0.894118 0.913725 0.929412 1 0.894118 0.913725 0.929412 1 0.894118 0.913725 0.929412 1 0.894118 0.913725 0.929412 1 0.894118 0.913725 0.929412 1 0.894118 0.913725 0.929412 1 0.894118 0.913725 0.929412 1 0.894118 0.913725 0.929412 1 0.894118 0.913725 0.929412 1 0.894118 0.913725 0.929412 1 0.894118 0.913725 0.929412 1 0.894118 0.913725 0.929412 1 0.894118 0.913725 0.929412 1 0.894118 0.913725 0.929412 1 0.894118 0.913725 0.929412 1 0.894118 0.913725 0.929412 1 0.894118 0.913725 0.929412 1 0.894118 0.913725 0.929412 1 0.894118 0.913725 0.929412 1 0.894118 0.913725 0.929412 1 0.894118 0.913725 0.929412 1 0.894118 0.913725 0.929412 1 0.894118 0.913725 0.929412 1 0.894118 0.913725 0.929412 1 0.894118 0.913725 0.929412 1 0.894118 0.913725 0.929412 1 0.894118 0.913725 0.929412 1 0.894118 0.913725 0.929412 1 0.894118 0.913725 0.929412 1 0.894118 0.913725 0.929412 1 0.894118 0.913725 0.929412 1 0.894118 0.913725 0.929412 1 0.894118 0.913725 0.929412 1 0.894118 0.913725 0.929412 1 0.894118 0.913725 0.929412 1 0.894118 0.913725 0.929412 1 0.894118 0.913725 0.929412 1 0.894118 0.913725 0.929412 1 0.894118 0.913725 0.929412 1 0.894118 0.913725 0.929412 1 0.894118 0.913725 0.929412 1 0.894118 0.913725 0.929412 1 0.894118 0.913725 0.929412 1 0.894118 0.913725 0.929412 1 0.894118 0.913725 0.929412 1 0.894118 0.913725 0.929412 1 0.894118 0.913725 0.929412 1 0.894118 0.913725 0.929412 1 0.894118 0.913725 0.929412 1 0.894118 0.913725 0.929412 1 0.894118 0.913725 0.929412 1 0.894118 0.913725 0.929412 1 0.894118 0.913725 0.929412 1 0.894118 0.913725 0.929412 1 0.894118 0.913725 0.929412 1 0.894118 0.913725 0.929412 1 0.894118 0.913725 0.929412 1 0.894118 0.913725 0.929412 1 0.894118 0.913725 0.929412 1 0.894118 0.913725 0.929412 1 0.894118 0.913725 0.929412 1 0.894118 0.913725 0.929412 1 0.894118 0.913725 0.929412 1 0.894118 0.913725 0.929412 1 0.894118 0.913725 0.929412 1 0.894118 0.913725 0.929412 1 0.894118 0.913725 0.929412 1 0.894118 0.913725 0.929412 1 0.894118 0.913725 0.929412 1 0.894118 0.913725 0.929412 1 0.894118 0.913725 0.929412 1 0.894118 0.913725 0.929412 1 0.894118 0.913725 0.929412 1 0.894118 0.913725 0.929412 1 0.894118 0.913725 0.929412 1 0.894118 0.913725 0.929412 1 0.894118 0.913725 0.929412 1 0.894118 0.913725 0.929412 1 0.894118 0.913725 0.929412 1 0.894118 0.913725 0.929412 1 0.894118 0.913725 0.929412 1 0.894118 0.913725 0.929412 1 0.894118 0.913725 0.929412 1 0.894118 0.913725 0.929412 1 0.894118 0.913725 0.929412 1 0.894118 0.913725 0.929412 1 0.894118 0.913725 0.929412 1 0.894118 0.913725 0.929412 1 0.894118 0.913725 0.929412 1 0.894118 0.913725 0.929412 1 0.894118 0.913725 0.929412 1 0.894118 0.913725 0.929412 1 0.894118 0.913725 0.929412 1 0.894118 0.913725 0.929412 1 0.894118 0.913725 0.929412 1 0.894118 0.913725 0.929412 1 0.894118 0.913725 0.929412 1 0.894118 0.913725 0.929412 1 0.894118 0.913725 0.929412 1 0.894118 0.913725 0.929412 1 0.894118 0.913725 0.929412 1 0.894118 0.913725 0.929412 1 0.894118 0.913725 0.929412 1 0.894118 0.913725 0.929412 1 0.894118 0.913725 0.929412 1 0.894118 0.913725 0.929412 1 0.894118 0.913725 0.929412 1 0.894118 0.913725 0.929412 1 0.894118 0.913725 0.929412 1 0.894118 0.913725 0.929412 1 0.894118 0.913725 0.929412 1 0.894118 0.913725 0.929412 1 0.894118 0.913725 0.929412 1 0.894118 0.913725 0.929412 1 0.894118 0.913725 0.929412 1 0.894118 0.913725 0.929412 1 0.894118 0.913725 0.929412 1 0.894118 0.913725 0.929412 1 0.894118 0.913725 0.929412 1 0.894118 0.913725 0.929412 1 0.894118 0.913725 0.929412 1 0.894118 0.913725 0.929412 1 0.894118 0.913725 0.929412 1 0.894118 0.913725 0.929412 1 0.894118 0.913725 0.929412 1 0.894118 0.913725 0.929412 1 0.894118 0.913725 0.929412 1 0.894118 0.913725 0.929412 1 0.894118 0.913725 0.929412 1 0.894118 0.913725 0.929412 1 0.894118 0.913725 0.929412 1 0.894118 0.913725 0.929412 1 0.894118 0.913725 0.929412 1 0.894118 0.913725 0.929412 1 0.894118 0.913725 0.929412 1 0.894118 0.913725 0.929412 1 0.894118 0.913725 0.929412 1 0.894118 0.913725 0.929412 1 0.894118 0.913725 0.929412 1 0.894118 0.913725 0.929412 1 0.894118 0.913725 0.929412 1 0.894118 0.913725 0.929412 1 0.894118 0.913725 0.929412 1 0.894118 0.913725 0.929412 1 0.894118 0.913725 0.929412 1 0.894118 0.913725 0.929412 1 0.894118 0.913725 0.929412 1 0.894118 0.913725 0.929412 1 0.894118 0.913725 0.929412 1 0.894118 0.913725 0.929412 1 0.894118 0.913725 0.929412 1 0.894118 0.913725 0.929412 1 0.894118 0.913725 0.929412 1 0.894118 0.913725 0.929412 1 0.894118 0.913725 0.929412 1 0.894118 0.913725 0.929412 1 0.894118 0.913725 0.929412 1 0.894118 0.913725 0.929412 1 0.894118 0.913725 0.929412 1 0.894118 0.913725 0.929412 1 0.894118 0.913725 0.929412 1 0.894118 0.913725 0.929412 1 0.894118 0.913725 0.929412 1 0.894118 0.913725 0.929412 1 0.894118 0.913725 0.929412 1 0.894118 0.913725 0.929412 1 0.894118 0.913725 0.929412 1 0.894118 0.913725 0.929412 1 0.894118 0.913725 0.929412 1 0.894118 0.913725 0.929412 1 0.894118 0.913725 0.929412 1 0.894118 0.913725 0.929412 1 0.894118 0.913725 0.929412 1 0.894118 0.913725 0.929412 1 0.894118 0.913725 0.929412 1 0.894118 0.913725 0.929412 1 0.894118 0.913725 0.929412 1 0.894118 0.913725 0.929412 1 0.894118 0.913725 0.929412 1 0.894118 0.913725 0.929412 1 0.894118 0.913725 0.929412 1 0.894118 0.913725 0.929412 1 0.894118 0.913725 0.929412 1 0.894118 0.913725 0.929412 1 0.894118 0.913725 0.929412 1 0.894118 0.913725 0.929412 1 0.894118 0.913725 0.929412 1 0.894118 0.913725 0.929412 1 0.894118 0.913725 0.929412 1 0.894118 0.913725 0.929412 1 0.894118 0.913725 0.929412 1 0.894118 0.913725 0.929412 1 0.894118 0.913725 0.929412 1 0.894118 0.913725 0.929412 1 0.894118 0.913725 0.929412 1 0.894118 0.913725 0.929412 1 0.894118 0.913725 0.929412 1 0.894118 0.913725 0.929412 1 0.894118 0.913725 0.929412 1 0.894118 0.913725 0.929412 1 0.894118 0.913725 0.929412 1 0.894118 0.913725 0.929412 1 0.894118 0.913725 0.929412 1 0.894118 0.913725 0.929412 1 0.894118 0.913725 0.929412 1 0.894118 0.913725 0.929412 1 0.894118 0.913725 0.929412 1 0.894118 0.913725 0.929412 1 0.894118 0.913725 0.929412 1 0.894118 0.913725 0.929412 1 0.894118 0.913725 0.929412 1 0.894118 0.913725 0.929412 1 0.894118 0.913725 0.929412 1 0.894118 0.913725 0.929412 1 0.894118 0.913725 0.929412 1 0.894118 0.913725 0.929412 1 0.894118 0.913725 0.929412 1 0.894118 0.913725 0.929412 1 0.894118 0.913725 0.929412 1 0.894118 0.913725 0.929412 1 0.894118 0.913725 0.929412 1 0.894118 0.913725 0.929412 1 0.894118 0.913725 0.929412 1 0.894118 0.913725 0.929412 1 0.894118 0.913725 0.929412 1 0.894118 0.913725 0.929412 1 0.894118 0.913725 0.929412 1 0.894118 0.913725 0.929412 1 0.894118 0.913725 0.929412 1 0.894118 0.913725 0.929412 1 0.894118 0.913725 0.929412 1 0.894118 0.913725 0.929412 1 0.894118 0.913725 0.929412 1 0.894118 0.913725 0.929412 1 0.894118 0.913725 0.929412 1 0.894118 0.913725 0.929412 1 0.894118 0.913725 0.929412 1 0.894118 0.913725 0.929412 1 0.894118 0.913725 0.929412 1 0.894118 0.913725 0.929412 1 0.894118 0.913725 0.929412 1 0.894118 0.913725 0.929412 1 0.894118 0.913725 0.929412 1 0.894118 0.913725 0.929412 1 0.894118 0.913725 0.929412 1 0.894118 0.913725 0.929412 1 0.894118 0.913725 0.929412 1 0.894118 0.913725 0.929412 1 0.894118 0.913725 0.929412 1 0.894118 0.913725 0.929412 1 0.894118 0.913725 0.929412 1 0.894118 0.913725 0.929412 1 0.894118 0.913725 0.929412 1 0.894118 0.913725 0.929412 1 0.894118 0.913725 0.929412 1 0.894118 0.913725 0.929412 1 0.894118 0.913725 0.929412 1 0.894118 0.913725 0.929412 1 0.894118 0.913725 0.929412 1 0.894118 0.913725 0.929412 1 0.894118 0.913725 0.929412 1 0.894118 0.913725 0.929412 1 0.894118 0.913725 0.929412 1 0.894118 0.913725 0.929412 1 0.894118 0.913725 0.929412 1 0.894118 0.913725 0.929412 1 0.894118 0.913725 0.929412 1 0.894118 0.913725 0.929412 1 0.894118 0.913725 0.929412 1 0.894118 0.913725 0.929412 1 0.894118 0.913725 0.929412 1 0.894118 0.913725 0.929412 1 0.894118 0.913725 0.929412 1 0.894118 0.913725 0.929412 1 0.894118 0.913725 0.929412 1 0.894118 0.913725 0.929412 1 0.894118 0.913725 0.929412 1 0.894118 0.913725 0.929412 1 0.894118 0.913725 0.929412 1 0.894118 0.913725 0.929412 1 0.894118 0.913725 0.929412 1 0.894118 0.913725 0.929412 1 0.894118 0.913725 0.929412 1 0.894118 0.913725 0.929412 1 0.894118 0.913725 0.929412 1 0.894118 0.913725 0.929412 1 0.894118 0.913725 0.929412 1 0.894118 0.913725 0.929412 1 0.894118 0.913725 0.929412 1 0.894118 0.913725 0.929412 1 0.894118 0.913725 0.929412 1 0.894118 0.913725 0.929412 1 0.894118 0.913725 0.929412 1 0.894118 0.913725 0.929412 1 0.894118 0.913725 0.929412 1 0.894118 0.913725 0.929412 1 0.894118 0.913725 0.929412 1 0.894118 0.913725 0.929412 1 0.894118 0.913725 0.929412 1 0.894118 0.913725 0.929412 1 0.894118 0.913725 0.929412 1 0.894118 0.913725 0.929412 1 0.894118 0.913725 0.929412 1 0.894118 0.913725 0.929412 1 0.894118 0.913725 0.929412 1 0.894118 0.913725 0.929412 1 0.894118 0.913725 0.929412 1 0.894118 0.913725 0.929412 1 0.894118 0.913725 0.929412 1 0.894118 0.913725 0.929412 1 0.894118 0.913725 0.929412 1 0.894118 0.913725 0.929412 1 0.894118 0.913725 0.929412 1 0.894118 0.913725 0.929412 1 0.894118 0.913725 0.929412 1 0.894118 0.913725 0.929412 1 0.894118 0.913725 0.929412 1 0.894118 0.913725 0.929412 1 0.894118 0.913725 0.929412 1 0.894118 0.913725 0.929412 1 0.894118 0.913725 0.929412 1 0.894118 0.913725 0.929412 1 0.894118 0.913725 0.929412 1 0.894118 0.913725 0.929412 1 0.894118 0.913725 0.929412 1 0.894118 0.913725 0.929412 1 0.894118 0.913725 0.929412 1 0.894118 0.913725 0.929412 1 0.894118 0.913725 0.929412 1 0.894118 0.913725 0.929412 1 0.894118 0.913725 0.929412 1 0.894118 0.913725 0.929412 1 0.894118 0.913725 0.929412 1 0.894118 0.913725 0.929412 1 0.894118 0.913725 0.929412 1 0.894118 0.913725 0.929412 1 0.894118 0.913725 0.929412 1 0.894118 0.913725 0.929412 1 0.894118 0.913725 0.929412 1 0.894118 0.913725 0.929412 1 0.894118 0.913725 0.929412 1 0.894118 0.913725 0.929412 1 0.894118 0.913725 0.929412 1 0.894118 0.913725 0.929412 1 0.894118 0.913725 0.929412 1 0.894118 0.913725 0.929412 1 0.894118 0.913725 0.929412 1 0.894118 0.913725 0.929412 1 0.894118 0.913725 0.929412 1 0.894118 0.913725 0.929412 1 0.894118 0.913725 0.929412 1 0.894118 0.913725 0.929412 1 0.894118 0.913725 0.929412 1 0.894118 0.913725 0.929412 1 0.894118 0.913725 0.929412 1 0.894118 0.913725 0.929412 1 0.894118 0.913725 0.929412 1 0.894118 0.913725 0.929412 1 0.894118 0.913725 0.929412 1 0.894118 0.913725 0.929412 1 0.894118 0.913725 0.929412 1 0.894118 0.913725 0.929412 1 0.894118 0.913725 0.929412 1 0.894118 0.913725 0.929412 1 0.894118 0.913725 0.929412 1 0.894118 0.913725 0.929412 1 0.894118 0.913725 0.929412 1 0.894118 0.913725 0.929412 1 0.894118 0.913725 0.929412 1 0.894118 0.913725 0.929412 1 0.894118 0.913725 0.929412 1 0.894118 0.913725 0.929412 1 0.894118 0.913725 0.929412 1 0.894118 0.913725 0.929412 1 0.894118 0.913725 0.929412 1 0.894118 0.913725 0.929412 1 0.894118 0.913725 0.929412 1 0.894118 0.913725 0.929412 1 0.894118 0.913725 0.929412 1 0.894118 0.913725 0.929412 1 0.894118 0.913725 0.929412 1 0.894118 0.913725 0.929412 1 0.894118 0.913725 0.929412 1 0.894118 0.913725 0.929412 1 0.894118 0.913725 0.929412 1 0.894118 0.913725 0.929412 1 0.894118 0.913725 0.929412 1 0.894118 0.913725 0.929412 1 0.894118 0.913725 0.929412 1 0.894118 0.913725 0.929412 1 0.894118 0.913725 0.929412 1 0.894118 0.913725 0.929412 1 0.894118 0.913725 0.929412 1 0.894118 0.913725 0.929412 1 0.894118 0.913725 0.929412 1 0.894118 0.913725 0.929412 1 0.894118 0.913725 0.929412 1 0.894118 0.913725 0.929412 1 0.894118 0.913725 0.929412 1 0.894118 0.913725 0.929412 1 0.894118 0.913725 0.929412 1 0.894118 0.913725 0.929412 1 0.894118 0.913725 0.929412 1 0.894118 0.913725 0.929412 1 0.894118 0.913725 0.929412 1 0.894118 0.913725 0.929412 1 0.894118 0.913725 0.929412 1 0.894118 0.913725 0.929412 1 0.894118 0.913725 0.929412 1 0.894118 0.913725 0.929412 1 0.894118 0.913725 0.929412 1 0.894118 0.913725 0.929412 1 0.894118 0.913725 0.929412 1 0.894118 0.913725 0.929412 1 0.894118 0.913725 0.929412 1 0.894118 0.913725 0.929412 1 0.894118 0.913725 0.929412 1 0.894118 0.913725 0.929412 1 0.894118 0.913725 0.929412 1 0.894118 0.913725 0.929412 1 0.894118 0.913725 0.929412 1 0.894118 0.913725 0.929412 1 0.894118 0.913725 0.929412 1 0.894118 0.913725 0.929412 1 0.894118 0.913725 0.929412 1 0.894118 0.913725 0.929412 1 0.894118 0.913725 0.929412 1 0.894118 0.913725 0.929412 1 0.894118 0.913725 0.929412 1 0.894118 0.913725 0.929412 1 0.894118 0.913725 0.929412 1 0.894118 0.913725 0.929412 1 0.894118 0.913725 0.929412 1 0.894118 0.913725 0.929412 1 0.894118 0.913725 0.929412 1 0.894118 0.913725 0.929412 1 0.894118 0.913725 0.929412 1 0.894118 0.913725 0.929412 1 0.894118 0.913725 0.929412 1 0.894118 0.913725 0.929412 1 0.894118 0.913725 0.929412 1 0.894118 0.913725 0.929412 1 0.894118 0.913725 0.929412 1 0.894118 0.913725 0.929412 1 0.894118 0.913725 0.929412 1 0.894118 0.913725 0.929412 1 0.894118 0.913725 0.929412 1 0.894118 0.913725 0.929412 1 0.894118 0.913725 0.929412 1 0.894118 0.913725 0.929412 1 0.894118 0.913725 0.929412 1 0.894118 0.913725 0.929412 1 0.894118 0.913725 0.929412 1 0.894118 0.913725 0.929412 1 0.894118 0.913725 0.929412 1 0.894118 0.913725 0.929412 1 0.894118 0.913725 0.929412 1 0.894118 0.913725 0.929412 1 0.894118 0.913725 0.929412 1 0.894118 0.913725 0.929412 1 0.894118 0.913725 0.929412 1 0.894118 0.913725 0.929412 1 0.894118 0.913725 0.929412 1 0.894118 0.913725 0.929412 1 0.894118 0.913725 0.929412 1 0.894118 0.913725 0.929412 1 0.894118 0.913725 0.929412 1 0.894118 0.913725 0.929412 1 0.894118 0.913725 0.929412 1 0.894118 0.913725 0.929412 1 0.894118 0.913725 0.929412 1 0.894118 0.913725 0.929412 1 0.894118 0.913725 0.929412 1 0.894118 0.913725 0.929412 1 0.894118 0.913725 0.929412 1 0.894118 0.913725 0.929412 1 0.894118 0.913725 0.929412 1 0.894118 0.913725 0.929412 1 0.894118 0.913725 0.929412 1 0.894118 0.913725 0.929412 1 0.894118 0.913725 0.929412 1 0.894118 0.913725 0.929412 1 0.894118 0.913725 0.929412 1 0.894118 0.913725 0.929412 1 0.894118 0.913725 0.929412 1 0.894118 0.913725 0.929412 1 0.894118 0.913725 0.929412 1 0.894118 0.913725 0.929412 1 0.894118 0.913725 0.929412 1 0.894118 0.913725 0.929412 1 0.894118 0.913725 0.929412 1 0.894118 0.913725 0.929412 1 0.894118 0.913725 0.929412 1 0.894118 0.913725 0.929412 1 0.894118 0.913725 0.929412 1 0.894118 0.913725 0.929412 1 0.894118 0.913725 0.929412 1 0.894118 0.913725 0.929412 1 0.894118 0.913725 0.929412 1 0.894118 0.913725 0.929412 1 0.894118 0.913725 0.929412 1 0.894118 0.913725 0.929412 1 0.894118 0.913725 0.929412 1 0.894118 0.913725 0.929412 1 0.894118 0.913725 0.929412 1 0.894118 0.913725 0.929412 1 0.894118 0.913725 0.929412 1 0.894118 0.913725 0.929412 1 0.894118 0.913725 0.929412 1 0.894118 0.913725 0.929412 1 0.894118 0.913725 0.929412 1 0.894118 0.913725 0.929412 1 0.894118 0.913725 0.929412 1 0.894118 0.913725 0.929412 1 0.894118 0.913725 0.929412 1 0.894118 0.913725 0.929412 1 0.894118 0.913725 0.929412 1 0.894118 0.913725 0.929412 1 0.894118 0.913725 0.929412 1 0.894118 0.913725 0.929412 1 0.894118 0.913725 0.929412 1 0.192157 0.203922 0.203922 1 0.192157 0.203922 0.203922 1 0.192157 0.203922 0.203922 1 0.192157 0.203922 0.203922 1 0.192157 0.203922 0.203922 1 0.192157 0.203922 0.203922 1 0.192157 0.203922 0.203922 1 0.192157 0.203922 0.203922 1 0.192157 0.203922 0.203922 1 0.192157 0.203922 0.203922 1 0.192157 0.203922 0.203922 1 0.192157 0.203922 0.203922 1 0.192157 0.203922 0.203922 1 0.192157 0.203922 0.203922 1 0.192157 0.203922 0.203922 1 0.192157 0.203922 0.203922 1 0.192157 0.203922 0.203922 1 0.192157 0.203922 0.203922 1 0.192157 0.203922 0.203922 1 0.192157 0.203922 0.203922 1 0.192157 0.203922 0.203922 1 0.192157 0.203922 0.203922 1 0.192157 0.203922 0.203922 1 0.192157 0.203922 0.203922 1 0.192157 0.203922 0.203922 1 0.192157 0.203922 0.203922 1 0.192157 0.203922 0.203922 1 0.192157 0.203922 0.203922 1 0.192157 0.203922 0.203922 1 0.192157 0.203922 0.203922 1 0.192157 0.203922 0.203922 1 0.192157 0.203922 0.203922 1 0.192157 0.203922 0.203922 1 0.192157 0.203922 0.203922 1 0.192157 0.203922 0.203922 1 0.192157 0.203922 0.203922 1 0.192157 0.203922 0.203922 1 0.192157 0.203922 0.203922 1 0.192157 0.203922 0.203922 1 0.192157 0.203922 0.203922 1 0.192157 0.203922 0.203922 1 0.192157 0.203922 0.203922 1 0.192157 0.203922 0.203922 1 0.192157 0.203922 0.203922 1 0.192157 0.203922 0.203922 1 0.192157 0.203922 0.203922 1 0.192157 0.203922 0.203922 1 0.192157 0.203922 0.203922 1 0.192157 0.203922 0.203922 1 0.192157 0.203922 0.203922 1 0.192157 0.203922 0.203922 1 0.192157 0.203922 0.203922 1 0.192157 0.203922 0.203922 1 0.192157 0.203922 0.203922 1 0.192157 0.203922 0.203922 1 0.192157 0.203922 0.203922 1 0.192157 0.203922 0.203922 1 0.192157 0.203922 0.203922 1 0.192157 0.203922 0.203922 1 0.192157 0.203922 0.203922 1 0.192157 0.203922 0.203922 1 0.192157 0.203922 0.203922 1 0.192157 0.203922 0.203922 1 0.192157 0.203922 0.203922 1 0.192157 0.203922 0.203922 1 0.192157 0.203922 0.203922 1 0.192157 0.203922 0.203922 1 0.192157 0.203922 0.203922 1 0.192157 0.203922 0.203922 1 0.192157 0.203922 0.203922 1 0.192157 0.203922 0.203922 1 0.192157 0.203922 0.203922 1 0.192157 0.203922 0.203922 1 0.192157 0.203922 0.203922 1 0.192157 0.203922 0.203922 1 0.192157 0.203922 0.203922 1 0.192157 0.203922 0.203922 1 0.192157 0.203922 0.203922 1 0.192157 0.203922 0.203922 1 0.192157 0.203922 0.203922 1 0.192157 0.203922 0.203922 1 0.192157 0.203922 0.203922 1 0.192157 0.203922 0.203922 1 0.192157 0.203922 0.203922 1 0.192157 0.203922 0.203922 1 0.192157 0.203922 0.203922 1 0.192157 0.203922 0.203922 1 0.192157 0.203922 0.203922 1 0.192157 0.203922 0.203922 1 0.192157 0.203922 0.203922 1 0.192157 0.203922 0.203922 1 0.192157 0.203922 0.203922 1 0.192157 0.203922 0.203922 1 0.192157 0.203922 0.203922 1 0.192157 0.203922 0.203922 1 0.192157 0.203922 0.203922 1 0.192157 0.203922 0.203922 1 0.192157 0.203922 0.203922 1 0.192157 0.203922 0.203922 1 0.192157 0.203922 0.203922 1 0.192157 0.203922 0.203922 1 0.192157 0.203922 0.203922 1 0.192157 0.203922 0.203922 1 0.192157 0.203922 0.203922 1 0.192157 0.203922 0.203922 1 0.192157 0.203922 0.203922 1 0.192157 0.203922 0.203922 1 0.192157 0.203922 0.203922 1 0.192157 0.203922 0.203922 1 0.192157 0.203922 0.203922 1 0.192157 0.203922 0.203922 1 0.192157 0.203922 0.203922 1 0.192157 0.203922 0.203922 1 0.192157 0.203922 0.203922 1 0.192157 0.203922 0.203922 1 0.192157 0.203922 0.203922 1 0.192157 0.203922 0.203922 1 0.192157 0.203922 0.203922 1 0.192157 0.203922 0.203922 1 0.192157 0.203922 0.203922 1 0.192157 0.203922 0.203922 1 0.192157 0.203922 0.203922 1 0.192157 0.203922 0.203922 1 0.192157 0.203922 0.203922 1 0.192157 0.203922 0.203922 1 0.192157 0.203922 0.203922 1 0.192157 0.203922 0.203922 1 0.192157 0.203922 0.203922 1 0.192157 0.203922 0.203922 1 0.192157 0.203922 0.203922 1 0.192157 0.203922 0.203922 1 0.192157 0.203922 0.203922 1 0.192157 0.203922 0.203922 1 0.192157 0.203922 0.203922 1 0.192157 0.203922 0.203922 1 0.192157 0.203922 0.203922 1 0.192157 0.203922 0.203922 1 0.192157 0.203922 0.203922 1 0.192157 0.203922 0.203922 1 0.192157 0.203922 0.203922 1 0.192157 0.203922 0.203922 1 0.192157 0.203922 0.203922 1 0.192157 0.203922 0.203922 1 0.192157 0.203922 0.203922 1 0.192157 0.203922 0.203922 1 0.192157 0.203922 0.203922 1 0.192157 0.203922 0.203922 1 0.192157 0.203922 0.203922 1 0.192157 0.203922 0.203922 1 0.192157 0.203922 0.203922 1 0.192157 0.203922 0.203922 1 0.192157 0.203922 0.203922 1 0.192157 0.203922 0.203922 1 0.192157 0.203922 0.203922 1 0.192157 0.203922 0.203922 1 0.192157 0.203922 0.203922 1 0.192157 0.203922 0.203922 1 0.192157 0.203922 0.203922 1 0.192157 0.203922 0.203922 1 0.192157 0.203922 0.203922 1 0.192157 0.203922 0.203922 1 0.192157 0.203922 0.203922 1 0.192157 0.203922 0.203922 1 0.192157 0.203922 0.203922 1 0.192157 0.203922 0.203922 1 0.192157 0.203922 0.203922 1 0.192157 0.203922 0.203922 1 0.192157 0.203922 0.203922 1 0.192157 0.203922 0.203922 1 0.192157 0.203922 0.203922 1 0.192157 0.203922 0.203922 1 0.192157 0.203922 0.203922 1 0.192157 0.203922 0.203922 1 0.192157 0.203922 0.203922 1 0.192157 0.203922 0.203922 1 0.192157 0.203922 0.203922 1 0.192157 0.203922 0.203922 1 0.192157 0.203922 0.203922 1 0.192157 0.203922 0.203922 1 0.192157 0.203922 0.203922 1 0.192157 0.203922 0.203922 1 0.192157 0.203922 0.203922 1 0.192157 0.203922 0.203922 1 0.192157 0.203922 0.203922 1 0.192157 0.203922 0.203922 1 0.192157 0.203922 0.203922 1 0.192157 0.203922 0.203922 1 0.192157 0.203922 0.203922 1 0.192157 0.203922 0.203922 1 0.192157 0.203922 0.203922 1 0.192157 0.203922 0.203922 1 0.192157 0.203922 0.203922 1 0.192157 0.203922 0.203922 1 0.192157 0.203922 0.203922 1 0.192157 0.203922 0.203922 1 0.192157 0.203922 0.203922 1 0.192157 0.203922 0.203922 1 0.192157 0.203922 0.203922 1 0.192157 0.203922 0.203922 1 0.192157 0.203922 0.203922 1 0.192157 0.203922 0.203922 1 0.192157 0.203922 0.203922 1 0.192157 0.203922 0.203922 1 0.192157 0.203922 0.203922 1 0.192157 0.203922 0.203922 1 0.192157 0.203922 0.203922 1 0.192157 0.203922 0.203922 1 0.192157 0.203922 0.203922 1 0.192157 0.203922 0.203922 1 0.192157 0.203922 0.203922 1 0.192157 0.203922 0.203922 1 0.192157 0.203922 0.203922 1 0.192157 0.203922 0.203922 1 0.192157 0.203922 0.203922 1 0.192157 0.203922 0.203922 1 0.192157 0.203922 0.203922 1 0.192157 0.203922 0.203922 1 0.192157 0.203922 0.203922 1 0.192157 0.203922 0.203922 1 0.192157 0.203922 0.203922 1 0.192157 0.203922 0.203922 1 0.192157 0.203922 0.203922 1 0.192157 0.203922 0.203922 1 0.192157 0.203922 0.203922 1 0.192157 0.203922 0.203922 1 0.192157 0.203922 0.203922 1 0.192157 0.203922 0.203922 1 0.192157 0.203922 0.203922 1 0.192157 0.203922 0.203922 1 0.192157 0.203922 0.203922 1 0.192157 0.203922 0.203922 1 0.192157 0.203922 0.203922 1 0.192157 0.203922 0.203922 1 0.192157 0.203922 0.203922 1 0.192157 0.203922 0.203922 1 0.192157 0.203922 0.203922 1 0.192157 0.203922 0.203922 1 0.192157 0.203922 0.203922 1 0.192157 0.203922 0.203922 1 0.192157 0.203922 0.203922 1 0.192157 0.203922 0.203922 1 0.192157 0.203922 0.203922 1 0.192157 0.203922 0.203922 1 0.192157 0.203922 0.203922 1 0.192157 0.203922 0.203922 1 0.192157 0.203922 0.203922 1 0.192157 0.203922 0.203922 1 0.192157 0.203922 0.203922 1 0.192157 0.203922 0.203922 1 0.192157 0.203922 0.203922 1 0.192157 0.203922 0.203922 1 0.192157 0.203922 0.203922 1 0.192157 0.203922 0.203922 1 0.192157 0.203922 0.203922 1 0.192157 0.203922 0.203922 1 0.192157 0.203922 0.203922 1</float_array>
                    <technique_common>
                        <accessor count="2440" source="#shape0-lib-vcolor-array" stride="4">
                            <param name="R" type="float"/>
                            <param name="G" type="float"/>
                            <param name="B" type="float"/>
                            <param name="A" type="float"/>
                        </accessor>
                    </technique_common>
                </source>
                <source id="shape0-lib-map" name="map">
                    <float_array id="shape0-lib-map-array" count="2976">0 0 0 0 0 0 0 0 0 0 0 0 0 0 0 0 0 0 0 0 0 0 0 0 0 0 0 0 0 0 0 0 0 0 0 0 0 0 0 0 0 0 0 0 0 0 0 0 0 0 0 0 0 0 0 0 0 0 0 0 0 0 0 0 0 0 0 0 0 0 0 0 0 0 0 0 0 0 0 0 0 0 0 0 0 0 0 0 0 0 0 0 0 0 0 0 0 0 0 0 0 0 0 0 0 0 0 0 0 0 0 0 0 0 0 0 0 0 0 0 0 0 0 0 0 0 0 0 0 0 0 0 0 0 0 0 0 0 0 0 0 0 0 0 0 0 0 0 0 0 0 0 0 0 0 0 0 0 0 0 0 0 0 0 0 0 0 0 0 0 0 0 0 0 0 0 0 0 0 0 0 0 0 0 0 0 0 0 0 0 0 0 0 0 0 0 0 0 0 0 0 0 0 0 0 0 0 0 0 0 0 0 0 0 0 0 0 0 0 0 0 0 0 0 0 0 0 0 0 0 0 0 0 0 0 0 0 0 0 0 0 0 0 0 0 0 0 0 0 0 0 0 0 0 0 0 0 0 0 0 0 0 0 0 0 0 0 0 0 0 0 0 0 0 0 0 0 0 0 0 0 0 0 0 0 0 0 0 0 0 0 0 0 0 0 0 0 0 0 0 0 0 0 0 0 0 0 0 0 0 0 0 0 0 0 0 0 0 0 0 0 0 0 0 0 0 0 0 0 0 0 0 0 0 0 0 0 0 0 0 0 0 0 0 0 0 0 0 0 0 0 0 0 0 0 0 0 0 0 0 0 0 0 0 0 0 0 0 0 0 0 0 0 0 0 0 0 0 0 0 0 0 0 0 0 0 0 0 0 0 0 0 0 0 0 0 0 0 0 0 0 0 0 0 0 0 0 0 0 0 0 0 0 0 0 0 0 0 0 0 0 0 0 0 0 0 0 0 0 0 0 0 0 0 0 0 0 0 0 0 0 0 0 0 0 0 0 0 0 0 0 0 0 0 0 0 0 0 0 0 0 0 0 0 0 0 0 0 0 0 0 0 0 0 0 0 0 0 0 0 0 0 0 0 0 0 0 0 0 0 0 0 0 0 0 0 0 0 0 0 0 0 0 0 0 0 0 0 0 0 0 0 0 0 0 0 0 0 0 0 0 0 0 0 0 0 0 0 0 0 0 0 0 0 0 0 0 0 0 0 0 0 0 0 0 0 0 0 0 0 0 0 0 0 0 0 0 0 0 0 0 0 0 0 0 0 0 0 0 0 0 0 0 0 0 0 0 0 0 0 0 0 0 0 0 0 0 0 0 0 0 0 0 0 0 0 0 0 0 0 0 0 0 0 0 0 0 0 0 0 0 0 0 0 0 0 0 0 0 0 0 0 0 0 0 0 0 0 0 0 0 0 0 0 0 0 0 0 0 0 0 0 0 0 0 0 0 0 0 0 0 0 0 0 0 0 0 0 0 0 0 0 0 0 0 0 0 0 0 0 0 0 0 0 0 0 0 0 0 0 0 0 0 0 0 0 0 0 0 0 0 0 0 0 0 0 0 0 0 0 0 0 0 0 0 0 0 0 0 0 0 0 0 0 0 0 0 0 0 0 0 0 0 0 0 0 0 0 0 0 0 0 0 0 0 0 0 0 0 0 0 0 0 0 0 0 0 0 0 0 0 0 0 0 0 0 0 0 0 0 0 0 0 0 0 0 0 0 0 0 0 0 0 0 0 0 0 0 0 0 0 0 0 0 0 0 0 0 0 0 0 0 0 0 0 0 0 0 0 0 0 0 0 0 0 0 0 0 0 0 0 0 0 0 0 0 0 0 0 0 0 0 0 0 0 0 0 0 0 0 0 0 0 0 0 0 0 0 0 0 0 0 0 0 0 0 0 0 0 0 0 0 0 0 0 0 0 0 0 0 0 0 0 0 0 0 0 0 0 0 0 0 0 0 0 0 0 0 0 0 0 0 0 0 0 0 0 0 0 0 0 0 0 0 0 0 0 0 0 0 0 0 0 0 0 0 0 0 0 0 0 0 0 0 0 0 0 0 0 0 0 0 0 0 0 0 0 0 0 0 0 0 0 0 0 0 0 0 0 0 0 0 0 0 0 0 0 0 0 0 0 0 0 0 0 0 0 0 0 0 0 0 0 0 0 0 0 0 0 0 0 0 0 0 0 0 0 0 0 0 0 0 0 0 0 0 0 0 0 0 0 0 0 0 0 0 0 0 0 0 0 0 0 0 0 0 0 0 0 0 0 0 0 0 0 0 0 0 0 0 0 0 0 0 0 0 0 0 0 0 0 0 0 0 0 0 0 0 0 0 0 0 0 0 0 0 0 0 0 0 0 0 0 0 0 0 0 0 0 0 0 0 0 0 0 0 0 0 0 0 0 0 0 0 0 0 0 0 0 0 0 0 0 0 0 0 0 0 0 0 0 0 0 0 0 0 0 0 0 0 0 0 0 0 0 0 0 0 0 0 0 0 0 0 0 0 0 0 0 0 0 0 0 0 0 0 0 0 0 0 0 0 0 0 0 0 0 0 0 0 0 0 0 0 0 0 0 0 0 0 0 0 0 0 0 0 0 0 0 0 0 0 0 0 0 0 0 0 0 0 0 0 0 0 0 0 0 0 0 0 0 0 0 0 0 0 0 0 0 0 0 0 0 0 0 0 0 0 0 0 0 0 0 0 0 0 0 0 0 0 0 0 0 0 0 0 0 0 0 0 0 0 0 0 0 0 0 0 0 0 0 0 0 0 0 0 0 0 0 0 0 0 0 0 0 0 0 0 0 0 0 0 0 0 0 0 0 0 0 0 0 0 0 0 0 0 0 0 0 0 0 0 0 0 0 0 0 0 0 0 0 0 0 0 0 0 0 0 0 0 0 0 0 0 0 0 0 0 0 0 0 0 0 0 0 0 0 0 0 0 0 0 0 0 0 0 0 0 0 0 0 0 0 0 0 0 0 0 0 0 0 0 0 0 0 0 0 0 0 0 0 0 0 0 0 0 0 0 0 0 0 0 0 0 0 0 0 0 0 0 0 0 0 0 0 0 0 0 0 0 0 0 0 0 0 0 0 0 0 0 0 0 0 0 0 0 0 0 0 0 0 0 0 0 0 0 0 0 0 0 0 0 0 0 0 0 0 0 0 0 0 0 0 0 0 0 0 0 0 0 0 0 0 0 0 0 0 0 0 0 0 0 0 0 0 0 0 0 0 0 0 0 0 0 0 0 0 0 0 0 0 0 0 0 0 0 0 0 0 0 0 0 0 0 0 0 0 0 0 0 0 0 0 0 0 0 0 0 0 0 0 0 0 0 0 0 0 0 0 0 0 0 0 0 0 0 0 0 0 0 0 0 0 0 0 0 0 0 0 0 0 0 0 0 0 0 0 0 0 0 0 0 0 0 0 0 0 0 0 0 0 0 0 0 0 0 0 0 0 0 0 0 0 0 0 0 0 0 0 0 0 0 0 0 0 0 0 0 0 0 0 0 0 0 0 0 0 0 0 0 0 0 0 0 0 0 0 0 0 0 0 0 0 0 0 0 0 0 0 0 0 0 0 0 0 0 0 0 0 0 0 0 0 0 0 0 0 0 0 0 0 0 0 0 0 0 0 0 0 0 0 0 0 0 0 0 0 0 0 0 0 0 0 0 0 0 0 0 0 0 0 0 0 0 0 0 0 0 0 0 0 0 0 0 0 0 0 0 0 0 0 0 0 0 0 0 0 0 0 0 0 0 0 0 0 0 0 0 0 0 0 0 0 0 0 0 0 0 0 0 0 0 0 0 0 0 0 0 0 0 0 0 0 0 0 0 0 0 0 0 0 0 0 0 0 0 0 0 0 0 0 0 0 0 0 0 0 0 0 0 0 0 0 0 0 0 0 0 0 0 0 0 0 0 0 0 0 0 0 0 0 0 0 0 0 0 0 0 0 0 0 0 0 0 0 0 0 0 0 0 0 0 0 0 0 0 0 0 0 0 0 0 0 0 0 0 0 0 0 0 0 0 0 0 0 0 0 0 0 0 0 0 0 0 0 0 0 0 0 0 0 0 0 0 0 0 0 0 0 0 0 0 0 0 0 0 0 0 0 0 0 0 0 0 0 0 0 0 0 0 0 0 0 0 0 0 0 0 0 0 0 0 0 0 0 0 0 0 0 0 0 0 0 0 0 0 0 0 0 0 0 0 0 0 0 0 0 0 0 0 0 0 0 0 0 0 0 0 0 0 0 0 0 0 0 0 0 0 0 0 0 0 0 0 0 0 0 0 0 0 0 0 0 0 0 0 0 0 0 0 0 0 0 0 0 0 0 0 0 0 0 0 0 0 0 0 0 0 0 0 0 0 0 0 0 0 0 0 0 0 0 0 0 0 0 0 0 0 0 0 0 0 0 0 0 0 0 0 0 0 0 0 0 0 0 0 0 0 0 0 0 0 0 0 0 0 0 0 0 0 0 0 0 0 0 0 0 0 0 0 0 0 0 0 0 0 0 0 0 0 0 0 0 0 0 0 0 0 0 0 0 0 0 0 0 0 0 0 0 0 0 0 0 0 0 0 0 0 0 0 0 0 0 0 0 0 0 0 0 0 0 0 0 0 0 0 0 0 0 0 0 0 0 0 0 0 0 0 0 0 0 0 0 0 0 0 0 0 0 0 0 0 0 0 0 0 0 0 0 0 0 0 0 0 0 0 0 0 0 0 0 0 0 0 0 0 0 0 0 0 0 0 0 0 0 0 0 0 0 0 0 0 0 0 0 0 0 0 0 0 0 0 0 0 0 0 0 0 0 0 0 0 0 0 0 0 0 0 0 0 0 0 0 0 0 0 0 0 0 0 0 0 0 0 0 0 0 0 0 0 0 0 0 0 0 0 0 0 0 0 0 0 0 0 0 0 0 0 0 0 0 0 0 0 0 0 0 0 0 0 0 0 0 0 0 0 0 0 0 0 0 0 0 0 0 0 0 0 0 0 0 0 0 0 0 0 0 0 0 0 0 0 0 0 0 0 0 0 0 0 0 0 0 0 0 0 0 0 0 0 0 0 0 0 0 0 0 0 0 0 0 0 0 0 0 0 0 0 0 0 0 0 0 0 0 0 0 0 0 0 0 0 0 0 0 0 0 0 0 0 0 0 0 0 0 0 0 0 0 0 0 0 0 0 0 0 0 0 0 0 0 0 0 0 0 0 0 0 0 0 0 0 0 0 0 0 0 0 0 0 0 0 0 0 0 0 0 0 0 0 0 0 0 0 0 0 0 0 0 0 0 0 0 0 0 0 0 0 0 0 0 0 0 0 0 0 0 0 0 0 0 0 0 0 0 0 0 0 0 0 0 0 0 0 0 0 0 0 0 0 0 0 0 0 0 0 0 0 0 0 0 0 0 0 0 0 0 0 0 0 0 0 0 0 0 0 0 0 0 0 0 0 0 0 0 0 0 0 0 0 0 0 0 0 0 0 0 0 0 0 0 0 0 0 0 0 0 0 0 0 0 0 0 0 0 0 0 0 0 0 0 0 0 0 0 0 0 0 0 0 0 0 0 0 0 0 0 0 0 0 0 0 0 0 0 0 0 0 0 0 0 0 0 0 0 0 0 0 0 0 0 0 0 0 0 0 0 0 0 0 0 0 0 0 0 0 0 0 0 0 0 0 0 0 0 0 0 0 0 0 0 0 0 0 0 0 0 0 0 0 0 0 0 0 0 0 0 0 0 0 0 0 0 0 0 0 0 0 0 0 0 0 0 0 0 0 0 0 0 0 0 0 0 0 0 0 0 0 0 0 0 0 0 0 0 0 0 0 0 0 0 0 0 0 0 0 0 0 0 0 0 0 0 0 0 0 0 0 0 0 0 0 0 0 0 0 0 0 0 0 0 0 0 0 0 0 0 0 0 0 0 0 0 0 0 0 0 0 0 0 0 0 0 0 0 0 0 0 0 0 0 0 0 0 0 0 0 0 0 0 0 0 0 0 0 0 0 0 0 0 0 0 0 0 0 0 0 0 0 0 0 0 0 0 0 0 0 0 0 0 0 0 0 0 0 0 0 0 0 0 0 0 0 0 0 0 0 0 0 0 0 0 0 0 0 0 0 0 0 0 0 0 0 0 0 0 0 0 0 0 0 0 0 0 0 0 0 0 0 0 0 0 0 0 0 0 0 0 0 0 0 0 0 0 0 0 0 0 0 0 0 0 0 0 0 0 0 0 0 0 0 0 0 0 0 0 0 0 0 0 0 0 0 0 0 0 0 0 0 0 0 0 0 0 0 0 0 0 0 0 0 0 0 0 0 0 0 0 0 0 0 0 0 0 0 0 0 0 0 0 0 0 0 0 0 0 0 0 0 0 0 0 0 0 0 0 0 0 0 0 0 0 0 0 0 0 0 0 0 0 0 0 0 0 0 0 0 0 0 0 0 0 0 0 0 0 0 0 0 0 0 0 0 0 0 0 0 0 0 0 0 0 0 0 0 0 0 0 0 0 0 0 0 0 0 0 0 0 0 0 0 0 0 0 0 0 0 0 0 0 0 0 0 0 0 0 0 0 0 0 0 0 0 0 0 0 0 0 0 0 0 0 0 0 0 0 0 0 0 0 0 0 0 0 0 0 0 0 0 0 0 0 0 0 0 0 0 0 0 0 0 0 0 0 0 0 0 0 0 0 0 0 0 0 0 0</float_array>
                    <technique_common>
                        <accessor count="1488" source="#shape0-lib-map-array" stride="2">
                            <param name="U" type="float"/>
                            <param name="V" type="float"/>
                        </accessor>
                    </technique_common>
                </source>
                <vertices id="shape0-lib-vertices">
                    <input semantic="POSITION" source="#shape0-lib-positions"/>
                </vertices>
                <triangles count="496">
                    <input offset="0" semantic="VERTEX" source="#shape0-lib-vertices"/>
                    <input offset="1" semantic="COLOR" source="#shape0-lib-vcolor"/>
                    <input offset="2" semantic="NORMAL" source="#shape0-lib-normals"/>
                    <input offset="3" semantic="TEXCOORD" source="#shape0-lib-map"/>
                    <p>2247 2247 0 0 2278 2278 0 1 2246 2246 0 2 2246 2246 1 3 2278 2278 1 4 2276 2276 1 5 2265 2265 2 6 2267 2267 2 7 2247 2247 2 8 2247 2247 3 9 2267 2267 3 10 2269 2269 3 11 2247 2247 4 12 2269 2269 4 13 2271 2271 4 14 2187 2187 5 15 2191 2191 5 16 2210 2210 5 17 2241 2241 6 18 2215 2215 6 19 2217 2217 6 20 2217 2217 7 21 2219 2219 7 22 2241 2241 7 23 2241 2241 8 24 2219 2219 8 25 2221 2221 8 26 2241 2241 9 27 2221 2221 9 28 2243 2243 9 29 2243 2243 10 30 2221 2221 10 31 2223 2223 10 32 2243 2243 11 33 2223 2223 11 34 2226 2226 11 35 2271 2271 12 36 2273 2273 12 37 2247 2247 12 38 2247 2247 13 39 2273 2273 13 40 2275 2275 13 41 2247 2247 14 42 2275 2275 14 43 2278 2278 14 44 2278 2278 15 45 2275 2275 15 46 2279 2279 15 47 2278 2278 16 48 2279 2279 16 49 2282 2282 16 50 2203 2203 17 51 2207 2207 17 52 2210 2210 17 53 2210 2210 18 54 2207 2207 18 55 2211 2211 18 56 2210 2210 19 57 2211 2211 19 58 2241 2241 19 59 2241 2241 20 60 2211 2211 20 61 2213 2213 20 62 2241 2241 21 63 2213 2213 21 64 2215 2215 21 65 2265 2265 22 66 2247 2247 22 67 2262 2262 22 68 2262 2262 23 69 2247 2247 23 70 2245 2245 23 71 2262 2262 24 72 2245 2245 24 73 2263 2263 24 74 2206 2206 25 75 2202 2202 25 76 2190 2190 25 77 2190 2190 26 78 2202 2202 26 79 2198 2198 26 80 2190 2190 27 81 2198 2198 27 82 2194 2194 27 83 2206 2206 28 84 2190 2190 28 85 2210 2210 28 86 2210 2210 29 87 2190 2190 29 88 2186 2186 29 89 2210 2210 30 90 2186 2186 30 91 2187 2187 30 92 2191 2191 31 93 2195 2195 31 94 2210 2210 31 95 2210 2210 32 96 2195 2195 32 97 2199 2199 32 98 2210 2210 33 99 2199 2199 33 100 2203 2203 33 101 2249 2249 34 102 2245 2245 34 103 2239 2239 34 104 2239 2239 35 105 2245 2245 35 106 2243 2243 35 107 2239 2239 36 108 2243 2243 36 109 2237 2237 36 110 2279 2279 37 111 2283 2283 37 112 2282 2282 37 113 2282 2282 38 114 2283 2283 38 115 2287 2287 38 116 2282 2282 39 117 2287 2287 39 118 2291 2291 39 119 2298 2298 40 120 2294 2294 40 121 2290 2290 40 122 2249 2249 41 123 2251 2251 41 124 2245 2245 41 125 2245 2245 42 126 2251 2251 42 127 2253 2253 42 128 2245 2245 43 129 2253 2253 43 130 2255 2255 43 131 2255 2255 44 132 2257 2257 44 133 2245 2245 44 134 2245 2245 45 135 2257 2257 45 136 2259 2259 45 137 2245 2245 46 138 2259 2259 46 139 2263 2263 46 140 2291 2291 47 141 2295 2295 47 142 2282 2282 47 143 2282 2282 48 144 2295 2295 48 145 2299 2299 48 146 2282 2282 49 147 2299 2299 49 148 2303 2303 49 149 2303 2303 50 150 2302 2302 50 151 2282 2282 50 152 2282 2282 51 153 2302 2302 51 154 2298 2298 51 155 2282 2282 52 156 2298 2298 52 157 2286 2286 52 158 2286 2286 53 159 2298 2298 53 160 2290 2290 53 161 2226 2226 54 162 2227 2227 54 163 2243 2243 54 164 2243 2243 55 165 2227 2227 55 166 2229 2229 55 167 2243 2243 56 168 2229 2229 56 169 2231 2231 56 170 2231 2231 57 171 2233 2233 57 172 2243 2243 57 173 2243 2243 58 174 2233 2233 58 175 2235 2235 58 176 2243 2243 59 177 2235 2235 59 178 2237 2237 59 179 2224 2224 60 180 2222 2222 60 181 2261 2261 60 182 2224 2224 61 183 2261 2261 61 184 2225 2225 61 185 2270 2270 62 186 2268 2268 62 187 2246 2246 62 188 2246 2246 63 189 2268 2268 63 190 2266 2266 63 191 2246 2246 64 192 2266 2266 64 193 2244 2244 64 194 2244 2244 65 195 2266 2266 65 196 2264 2264 65 197 2256 2256 66 198 2254 2254 66 199 2248 2248 66 200 2248 2248 67 201 2254 2254 67 202 2252 2252 67 203 2248 2248 68 204 2252 2252 68 205 2250 2250 68 206 2248 2248 69 207 2238 2238 69 208 2225 2225 69 209 2277 2277 70 210 2274 2274 70 211 2246 2246 70 212 2246 2246 71 213 2274 2274 71 214 2272 2272 71 215 2246 2246 72 216 2272 2272 72 217 2270 2270 72 218 2240 2240 73 219 2218 2218 73 220 2216 2216 73 221 2225 2225 74 222 2261 2261 74 223 2248 2248 74 224 2248 2248 75 225 2261 2261 75 226 2258 2258 75 227 2248 2248 76 228 2258 2258 76 229 2256 2256 76 230 2234 2234 77 231 2232 2232 77 232 2230 2230 77 233 2238 2238 78 234 2236 2236 78 235 2225 2225 78 236 2225 2225 79 237 2236 2236 79 238 2234 2234 79 239 2225 2225 80 240 2234 2234 80 241 2228 2228 80 242 2228 2228 81 243 2234 2234 81 244 2230 2230 81 245 2301 2301 82 246 2297 2297 82 247 2280 2280 82 248 2216 2216 83 249 2214 2214 83 250 2240 2240 83 251 2240 2240 84 252 2214 2214 84 253 2212 2212 84 254 2240 2240 85 255 2212 2212 85 256 2208 2208 85 257 2208 2208 86 258 2212 2212 86 259 2209 2209 86 260 2208 2208 87 261 2209 2209 87 262 2204 2204 87 263 2204 2204 88 264 2209 2209 88 265 2205 2205 88 266 2204 2204 89 267 2205 2205 89 268 2201 2201 89 269 2246 2246 90 270 2276 2276 90 271 2277 2277 90 272 2277 2277 91 273 2276 2276 91 274 2280 2280 91 275 2277 2277 92 276 2280 2280 92 277 2281 2281 92 278 2281 2281 93 279 2280 2280 93 280 2285 2285 93 281 2264 2264 94 282 2260 2260 94 283 2244 2244 94 284 2244 2244 95 285 2260 2260 95 286 2261 2261 95 287 2244 2244 96 288 2261 2261 96 289 2242 2242 96 290 2242 2242 97 291 2261 2261 97 292 2222 2222 97 293 2242 2242 98 294 2222 2222 98 295 2240 2240 98 296 2240 2240 99 297 2222 2222 99 298 2220 2220 99 299 2240 2240 100 300 2220 2220 100 301 2218 2218 100 302 2201 2201 101 303 2197 2197 101 304 2204 2204 101 305 2204 2204 102 306 2197 2197 102 307 2193 2193 102 308 2204 2204 103 309 2193 2193 103 310 2189 2189 103 311 2189 2189 104 312 2185 2185 104 313 2204 2204 104 314 2204 2204 105 315 2185 2185 105 316 2184 2184 105 317 2204 2204 106 318 2184 2184 106 319 2188 2188 106 320 2192 2192 107 321 2196 2196 107 322 2188 2188 107 323 2188 2188 108 324 2196 2196 108 325 2200 2200 108 326 2188 2188 109 327 2200 2200 109 328 2204 2204 109 329 2292 2292 110 330 2296 2296 110 331 2288 2288 110 332 2288 2288 111 333 2296 2296 111 334 2284 2284 111 335 2284 2284 112 336 2296 2296 112 337 2280 2280 112 338 2280 2280 113 339 2296 2296 113 340 2300 2300 113 341 2280 2280 114 342 2300 2300 114 343 2301 2301 114 344 2297 2297 115 345 2293 2293 115 346 2280 2280 115 347 2280 2280 116 348 2293 2293 116 349 2289 2289 116 350 2280 2280 117 351 2289 2289 117 352 2285 2285 117 353 2275 2275 118 354 2274 2274 118 355 2279 2279 118 356 2279 2279 119 357 2274 2274 119 358 2277 2277 119 359 2262 2262 120 360 2260 2260 120 361 2265 2265 120 362 2265 2265 121 363 2260 2260 121 364 2264 2264 121 365 2265 2265 122 366 2264 2264 122 367 2267 2267 122 368 2267 2267 123 369 2264 2264 123 370 2266 2266 123 371 2267 2267 124 372 2266 2266 124 373 2269 2269 124 374 2269 2269 125 375 2266 2266 125 376 2268 2268 125 377 2269 2269 126 378 2268 2268 126 379 2271 2271 126 380 2271 2271 127 381 2268 2268 127 382 2270 2270 127 383 2271 2271 128 384 2270 2270 128 385 2273 2273 128 386 2273 2273 129 387 2270 2270 129 388 2272 2272 129 389 2273 2273 130 390 2272 2272 130 391 2275 2275 130 392 2275 2275 131 393 2272 2272 131 394 2274 2274 131 395 2263 2263 132 396 2261 2261 132 397 2262 2262 132 398 2262 2262 133 399 2261 2261 133 400 2260 2260 133 401 2249 2249 134 402 2248 2248 134 403 2250 2250 134 404 2249 2249 135 405 2250 2250 135 406 2251 2251 135 407 2251 2251 136 408 2250 2250 136 409 2252 2252 136 410 2251 2251 137 411 2252 2252 137 412 2253 2253 137 413 2253 2253 138 414 2252 2252 138 415 2254 2254 138 416 2253 2253 139 417 2254 2254 139 418 2255 2255 139 419 2255 2255 140 420 2254 2254 140 421 2256 2256 140 422 2255 2255 141 423 2256 2256 141 424 2257 2257 141 425 2257 2257 142 426 2256 2256 142 427 2258 2258 142 428 2257 2257 143 429 2258 2258 143 430 2259 2259 143 431 2259 2259 144 432 2258 2258 144 433 2261 2261 144 434 2259 2259 145 435 2261 2261 145 436 2263 2263 145 437 2239 2239 146 438 2238 2238 146 439 2249 2249 146 440 2249 2249 147 441 2238 2238 147 442 2248 2248 147 443 2279 2279 148 444 2277 2277 148 445 2281 2281 148 446 2279 2279 149 447 2281 2281 149 448 2283 2283 149 449 2283 2283 150 450 2281 2281 150 451 2285 2285 150 452 2283 2283 151 453 2285 2285 151 454 2287 2287 151 455 2287 2287 152 456 2285 2285 152 457 2289 2289 152 458 2287 2287 153 459 2289 2289 153 460 2291 2291 153 461 2291 2291 154 462 2289 2289 154 463 2293 2293 154 464 2291 2291 155 465 2293 2293 155 466 2295 2295 155 467 2295 2295 156 468 2293 2293 156 469 2297 2297 156 470 2295 2295 157 471 2297 2297 157 472 2299 2299 157 473 2299 2299 158 474 2297 2297 158 475 2301 2301 158 476 2299 2299 159 477 2301 2301 159 478 2303 2303 159 479 2303 2303 160 480 2301 2301 160 481 2300 2300 160 482 2303 2303 161 483 2300 2300 161 484 2302 2302 161 485 2302 2302 162 486 2300 2300 162 487 2296 2296 162 488 2302 2302 163 489 2296 2296 163 490 2298 2298 163 491 2298 2298 164 492 2296 2296 164 493 2292 2292 164 494 2298 2298 165 495 2292 2292 165 496 2294 2294 165 497 2294 2294 166 498 2292 2292 166 499 2288 2288 166 500 2294 2294 167 501 2288 2288 167 502 2290 2290 167 503 2290 2290 168 504 2288 2288 168 505 2284 2284 168 506 2290 2290 169 507 2284 2284 169 508 2286 2286 169 509 2286 2286 170 510 2284 2284 170 511 2280 2280 170 512 2286 2286 171 513 2280 2280 171 514 2282 2282 171 515 2282 2282 172 516 2280 2280 172 517 2276 2276 172 518 2282 2282 173 519 2276 2276 173 520 2278 2278 173 521 2243 2243 174 522 2245 2245 174 523 2242 2242 174 524 2242 2242 175 525 2245 2245 175 526 2244 2244 175 527 2245 2245 176 528 2247 2247 176 529 2244 2244 176 530 2244 2244 177 531 2247 2247 177 532 2246 2246 177 533 2210 2210 178 534 2241 2241 178 535 2208 2208 178 536 2208 2208 179 537 2241 2241 179 538 2240 2240 179 539 2212 2212 180 540 2213 2213 180 541 2209 2209 180 542 2209 2209 181 543 2213 2213 181 544 2211 2211 181 545 2213 2213 182 546 2212 2212 182 547 2215 2215 182 548 2215 2215 183 549 2212 2212 183 550 2214 2214 183 551 2215 2215 184 552 2214 2214 184 553 2217 2217 184 554 2217 2217 185 555 2214 2214 185 556 2216 2216 185 557 2217 2217 186 558 2216 2216 186 559 2219 2219 186 560 2219 2219 187 561 2216 2216 187 562 2218 2218 187 563 2219 2219 188 564 2218 2218 188 565 2221 2221 188 566 2221 2221 189 567 2218 2218 189 568 2220 2220 189 569 2221 2221 190 570 2220 2220 190 571 2223 2223 190 572 2223 2223 191 573 2220 2220 191 574 2222 2222 191 575 2223 2223 192 576 2222 2222 192 577 2226 2226 192 578 2226 2226 193 579 2222 2222 193 580 2224 2224 193 581 2225 2225 194 582 2227 2227 194 583 2224 2224 194 584 2224 2224 195 585 2227 2227 195 586 2226 2226 195 587 2227 2227 196 588 2225 2225 196 589 2228 2228 196 590 2227 2227 197 591 2228 2228 197 592 2229 2229 197 593 2229 2229 198 594 2228 2228 198 595 2230 2230 198 596 2229 2229 199 597 2230 2230 199 598 2231 2231 199 599 2231 2231 200 600 2230 2230 200 601 2232 2232 200 602 2231 2231 201 603 2232 2232 201 604 2233 2233 201 605 2233 2233 202 606 2232 2232 202 607 2234 2234 202 608 2233 2233 203 609 2234 2234 203 610 2235 2235 203 611 2235 2235 204 612 2234 2234 204 613 2236 2236 204 614 2235 2235 205 615 2236 2236 205 616 2237 2237 205 617 2237 2237 206 618 2236 2236 206 619 2238 2238 206 620 2237 2237 207 621 2238 2238 207 622 2239 2239 207 623 2210 2210 208 624 2208 2208 208 625 2204 2204 208 626 2210 2210 209 627 2204 2204 209 628 2206 2206 209 629 2206 2206 210 630 2204 2204 210 631 2200 2200 210 632 2206 2206 211 633 2200 2200 211 634 2202 2202 211 635 2202 2202 212 636 2200 2200 212 637 2196 2196 212 638 2202 2202 213 639 2196 2196 213 640 2198 2198 213 641 2198 2198 214 642 2196 2196 214 643 2192 2192 214 644 2198 2198 215 645 2192 2192 215 646 2194 2194 215 647 2194 2194 216 648 2192 2192 216 649 2188 2188 216 650 2194 2194 217 651 2188 2188 217 652 2190 2190 217 653 2190 2190 218 654 2188 2188 218 655 2184 2184 218 656 2190 2190 219 657 2184 2184 219 658 2186 2186 219 659 2186 2186 220 660 2184 2184 220 661 2185 2185 220 662 2186 2186 221 663 2185 2185 221 664 2187 2187 221 665 2187 2187 222 666 2185 2185 222 667 2189 2189 222 668 2187 2187 223 669 2189 2189 223 670 2191 2191 223 671 2191 2191 224 672 2189 2189 224 673 2193 2193 224 674 2191 2191 225 675 2193 2193 225 676 2195 2195 225 677 2195 2195 226 678 2193 2193 226 679 2197 2197 226 680 2195 2195 227 681 2197 2197 227 682 2199 2199 227 683 2199 2199 228 684 2197 2197 228 685 2201 2201 228 686 2199 2199 229 687 2201 2201 229 688 2203 2203 229 689 2203 2203 230 690 2201 2201 230 691 2205 2205 230 692 2203 2203 231 693 2205 2205 231 694 2207 2207 231 695 2207 2207 232 696 2205 2205 232 697 2209 2209 232 698 2207 2207 233 699 2209 2209 233 700 2211 2211 233 701 2241 2241 234 702 2243 2243 234 703 2240 2240 234 704 2240 2240 235 705 2243 2243 235 706 2242 2242 235 707 2304 2304 236 708 2305 2305 236 709 2306 2306 236 710 2306 2306 237 711 2305 2305 237 712 2307 2307 237 713 2308 2308 238 714 2304 2304 238 715 2310 2310 238 716 2310 2310 239 717 2304 2304 239 718 2306 2306 239 719 2309 2309 240 720 2308 2308 240 721 2311 2311 240 722 2311 2311 241 723 2308 2308 241 724 2310 2310 241 725 2305 2305 242 726 2309 2309 242 727 2307 2307 242 728 2307 2307 243 729 2309 2309 243 730 2311 2311 243 731 2308 2308 244 732 2309 2309 244 733 2304 2304 244 734 2304 2304 245 735 2309 2309 245 736 2305 2305 245 737 2311 2311 246 738 2310 2310 246 739 2307 2307 246 740 2307 2307 247 741 2310 2310 247 742 2306 2306 247 743 2368 2368 248 744 2336 2336 248 745 2369 2369 248 746 2369 2369 249 747 2336 2336 249 748 2338 2338 249 749 2400 2400 250 750 2398 2398 250 751 2374 2374 250 752 2374 2374 251 753 2398 2398 251 754 2396 2396 251 755 2346 2346 252 756 2344 2344 252 757 2368 2368 252 758 2353 2353 253 759 2352 2352 253 760 2376 2376 253 761 2396 2396 254 762 2394 2394 254 763 2374 2374 254 764 2374 2374 255 765 2394 2394 255 766 2392 2392 255 767 2374 2374 256 768 2392 2392 256 769 2372 2372 256 770 2404 2404 257 771 2405 2405 257 772 2374 2374 257 773 2374 2374 258 774 2405 2405 258 775 2402 2402 258 776 2374 2374 259 777 2402 2402 259 778 2400 2400 259 779 2370 2370 260 780 2350 2350 260 781 2368 2368 260 782 2368 2368 261 783 2350 2350 261 784 2348 2348 261 785 2368 2368 262 786 2348 2348 262 787 2346 2346 262 788 2404 2404 263 789 2408 2408 263 790 2405 2405 263 791 2405 2405 264 792 2408 2408 264 793 2412 2412 264 794 2405 2405 265 795 2412 2412 265 796 2416 2416 265 797 2392 2392 266 798 2388 2388 266 799 2372 2372 266 800 2372 2372 267 801 2388 2388 267 802 2389 2389 267 803 2372 2372 268 804 2389 2389 268 805 2386 2386 268 806 2329 2329 269 807 2325 2325 269 808 2332 2332 269 809 2416 2416 270 810 2420 2420 270 811 2405 2405 270 812 2405 2405 271 813 2420 2420 271 814 2424 2424 271 815 2405 2405 272 816 2424 2424 272 817 2428 2428 272 818 2413 2413 273 819 2425 2425 273 820 2417 2417 273 821 2417 2417 274 822 2425 2425 274 823 2421 2421 274 824 2428 2428 275 825 2429 2429 275 826 2405 2405 275 827 2405 2405 276 828 2429 2429 276 829 2425 2425 276 830 2405 2405 277 831 2425 2425 277 832 2409 2409 277 833 2409 2409 278 834 2425 2425 278 835 2413 2413 278 836 2386 2386 279 837 2384 2384 279 838 2372 2372 279 839 2372 2372 280 840 2384 2384 280 841 2382 2382 280 842 2372 2372 281 843 2382 2382 281 844 2380 2380 281 845 2380 2380 282 846 2378 2378 282 847 2372 2372 282 848 2372 2372 283 849 2378 2378 283 850 2376 2376 283 851 2372 2372 284 852 2376 2376 284 853 2370 2370 284 854 2370 2370 285 855 2376 2376 285 856 2352 2352 285 857 2370 2370 286 858 2352 2352 286 859 2350 2350 286 860 2325 2325 287 861 2321 2321 287 862 2332 2332 287 863 2332 2332 288 864 2321 2321 288 865 2317 2317 288 866 2332 2332 289 867 2317 2317 289 868 2313 2313 289 869 2316 2316 290 870 2320 2320 290 871 2324 2324 290 872 2358 2358 291 873 2364 2364 291 874 2360 2360 291 875 2360 2360 292 876 2364 2364 292 877 2362 2362 292 878 2376 2376 293 879 2366 2366 293 880 2353 2353 293 881 2353 2353 294 882 2366 2366 294 883 2364 2364 294 884 2353 2353 295 885 2364 2364 295 886 2356 2356 295 887 2356 2356 296 888 2364 2364 296 889 2358 2358 296 890 2344 2344 297 891 2342 2342 297 892 2368 2368 297 893 2368 2368 298 894 2342 2342 298 895 2340 2340 298 896 2368 2368 299 897 2340 2340 299 898 2336 2336 299 899 2336 2336 300 900 2340 2340 300 901 2337 2337 300 902 2336 2336 301 903 2337 2337 301 904 2332 2332 301 905 2332 2332 302 906 2337 2337 302 907 2333 2333 302 908 2332 2332 303 909 2333 2333 303 910 2329 2329 303 911 2313 2313 304 912 2312 2312 304 913 2332 2332 304 914 2332 2332 305 915 2312 2312 305 916 2316 2316 305 917 2332 2332 306 918 2316 2316 306 919 2328 2328 306 920 2328 2328 307 921 2316 2316 307 922 2324 2324 307 923 2339 2339 308 924 2341 2341 308 925 2369 2369 308 926 2369 2369 309 927 2341 2341 309 928 2343 2343 309 929 2369 2369 310 930 2343 2343 310 931 2345 2345 310 932 2393 2393 311 933 2395 2395 311 934 2375 2375 311 935 2375 2375 312 936 2395 2395 312 937 2397 2397 312 938 2375 2375 313 939 2397 2397 313 940 2399 2399 313 941 2315 2315 314 942 2319 2319 314 943 2334 2334 314 944 2351 2351 315 945 2371 2371 315 946 2349 2349 315 947 2349 2349 316 948 2371 2371 316 949 2369 2369 316 950 2349 2349 317 951 2369 2369 317 952 2347 2347 317 953 2347 2347 318 954 2369 2369 318 955 2345 2345 318 956 2393 2393 319 957 2375 2375 319 958 2390 2390 319 959 2390 2390 320 960 2375 2375 320 961 2373 2373 320 962 2390 2390 321 963 2373 2373 321 964 2391 2391 321 965 2326 2326 322 966 2322 2322 322 967 2318 2318 322 968 2381 2381 323 969 2383 2383 323 970 2373 2373 323 971 2326 2326 324 972 2318 2318 324 973 2330 2330 324 974 2319 2319 325 975 2323 2323 325 976 2334 2334 325 977 2334 2334 326 978 2323 2323 326 979 2327 2327 326 980 2334 2334 327 981 2327 2327 327 982 2331 2331 327 983 2381 2381 328 984 2373 2373 328 985 2379 2379 328 986 2330 2330 329 987 2318 2318 329 988 2334 2334 329 989 2334 2334 330 990 2318 2318 330 991 2314 2314 330 992 2334 2334 331 993 2314 2314 331 994 2315 2315 331 995 2369 2369 332 996 2338 2338 332 997 2339 2339 332 998 2339 2339 333 999 2338 2338 333 1000 2334 2334 333 1001 2339 2339 334 1002 2334 2334 334 1003 2335 2335 334 1004 2335 2335 335 1005 2334 2334 335 1006 2331 2331 335 1007 2383 2383 336 1008 2385 2385 336 1009 2373 2373 336 1010 2373 2373 337 1011 2385 2385 337 1012 2387 2387 337 1013 2373 2373 338 1014 2387 2387 338 1015 2391 2391 338 1016 2351 2351 339 1017 2354 2354 339 1018 2371 2371 339 1019 2371 2371 340 1020 2354 2354 340 1021 2355 2355 340 1022 2371 2371 341 1023 2355 2355 341 1024 2357 2357 341 1025 2357 2357 342 1026 2359 2359 342 1027 2371 2371 342 1028 2371 2371 343 1029 2359 2359 343 1030 2361 2361 343 1031 2371 2371 344 1032 2361 2361 344 1033 2363 2363 344 1034 2399 2399 345 1035 2401 2401 345 1036 2375 2375 345 1037 2375 2375 346 1038 2401 2401 346 1039 2403 2403 346 1040 2375 2375 347 1041 2403 2403 347 1042 2406 2406 347 1043 2406 2406 348 1044 2403 2403 348 1045 2407 2407 348 1046 2406 2406 349 1047 2407 2407 349 1048 2410 2410 349 1049 2410 2410 350 1050 2407 2407 350 1051 2411 2411 350 1052 2410 2410 351 1053 2411 2411 351 1054 2415 2415 351 1055 2363 2363 352 1056 2365 2365 352 1057 2371 2371 352 1058 2371 2371 353 1059 2365 2365 353 1060 2367 2367 353 1061 2371 2371 354 1062 2367 2367 354 1063 2373 2373 354 1064 2373 2373 355 1065 2367 2367 355 1066 2377 2377 355 1067 2373 2373 356 1068 2377 2377 356 1069 2379 2379 356 1070 2415 2415 357 1071 2419 2419 357 1072 2410 2410 357 1073 2410 2410 358 1074 2419 2419 358 1075 2423 2423 358 1076 2410 2410 359 1077 2423 2423 359 1078 2427 2427 359 1079 2427 2427 360 1080 2431 2431 360 1081 2410 2410 360 1082 2410 2410 361 1083 2431 2431 361 1084 2430 2430 361 1085 2410 2410 362 1086 2430 2430 362 1087 2426 2426 362 1088 2422 2422 363 1089 2418 2418 363 1090 2426 2426 363 1091 2426 2426 364 1092 2418 2418 364 1093 2414 2414 364 1094 2426 2426 365 1095 2414 2414 365 1096 2410 2410 365 1097 2340 2340 366 1098 2341 2341 366 1099 2337 2337 366 1100 2337 2337 367 1101 2341 2341 367 1102 2339 2339 367 1103 2352 2352 368 1104 2354 2354 368 1105 2350 2350 368 1106 2350 2350 369 1107 2354 2354 369 1108 2351 2351 369 1109 2350 2350 370 1110 2351 2351 370 1111 2348 2348 370 1112 2348 2348 371 1113 2351 2351 371 1114 2349 2349 371 1115 2348 2348 372 1116 2349 2349 372 1117 2346 2346 372 1118 2346 2346 373 1119 2349 2349 373 1120 2347 2347 373 1121 2346 2346 374 1122 2347 2347 374 1123 2344 2344 374 1124 2344 2344 375 1125 2347 2347 375 1126 2345 2345 375 1127 2344 2344 376 1128 2345 2345 376 1129 2342 2342 376 1130 2342 2342 377 1131 2345 2345 377 1132 2343 2343 377 1133 2342 2342 378 1134 2343 2343 378 1135 2340 2340 378 1136 2340 2340 379 1137 2343 2343 379 1138 2341 2341 379 1139 2353 2353 380 1140 2355 2355 380 1141 2352 2352 380 1142 2352 2352 381 1143 2355 2355 381 1144 2354 2354 381 1145 2366 2366 382 1146 2367 2367 382 1147 2365 2365 382 1148 2366 2366 383 1149 2365 2365 383 1150 2364 2364 383 1151 2364 2364 384 1152 2365 2365 384 1153 2363 2363 384 1154 2364 2364 385 1155 2363 2363 385 1156 2362 2362 385 1157 2362 2362 386 1158 2363 2363 386 1159 2361 2361 386 1160 2362 2362 387 1161 2361 2361 387 1162 2360 2360 387 1163 2360 2360 388 1164 2361 2361 388 1165 2359 2359 388 1166 2360 2360 389 1167 2359 2359 389 1168 2358 2358 389 1169 2358 2358 390 1170 2359 2359 390 1171 2357 2357 390 1172 2358 2358 391 1173 2357 2357 391 1174 2356 2356 391 1175 2356 2356 392 1176 2357 2357 392 1177 2355 2355 392 1178 2356 2356 393 1179 2355 2355 393 1180 2353 2353 393 1181 2376 2376 394 1182 2377 2377 394 1183 2366 2366 394 1184 2366 2366 395 1185 2377 2377 395 1186 2367 2367 395 1187 2337 2337 396 1188 2339 2339 396 1189 2335 2335 396 1190 2337 2337 397 1191 2335 2335 397 1192 2333 2333 397 1193 2333 2333 398 1194 2335 2335 398 1195 2331 2331 398 1196 2333 2333 399 1197 2331 2331 399 1198 2329 2329 399 1199 2329 2329 400 1200 2331 2331 400 1201 2327 2327 400 1202 2329 2329 401 1203 2327 2327 401 1204 2325 2325 401 1205 2325 2325 402 1206 2327 2327 402 1207 2323 2323 402 1208 2325 2325 403 1209 2323 2323 403 1210 2321 2321 403 1211 2321 2321 404 1212 2323 2323 404 1213 2319 2319 404 1214 2321 2321 405 1215 2319 2319 405 1216 2317 2317 405 1217 2317 2317 406 1218 2319 2319 406 1219 2315 2315 406 1220 2317 2317 407 1221 2315 2315 407 1222 2313 2313 407 1223 2313 2313 408 1224 2315 2315 408 1225 2314 2314 408 1226 2313 2313 409 1227 2314 2314 409 1228 2312 2312 409 1229 2312 2312 410 1230 2314 2314 410 1231 2318 2318 410 1232 2312 2312 411 1233 2318 2318 411 1234 2316 2316 411 1235 2316 2316 412 1236 2318 2318 412 1237 2322 2322 412 1238 2316 2316 413 1239 2322 2322 413 1240 2320 2320 413 1241 2320 2320 414 1242 2322 2322 414 1243 2326 2326 414 1244 2320 2320 415 1245 2326 2326 415 1246 2324 2324 415 1247 2324 2324 416 1248 2326 2326 416 1249 2330 2330 416 1250 2324 2324 417 1251 2330 2330 417 1252 2328 2328 417 1253 2328 2328 418 1254 2330 2330 418 1255 2334 2334 418 1256 2328 2328 419 1257 2334 2334 419 1258 2332 2332 419 1259 2332 2332 420 1260 2334 2334 420 1261 2338 2338 420 1262 2332 2332 421 1263 2338 2338 421 1264 2336 2336 421 1265 2372 2372 422 1266 2370 2370 422 1267 2373 2373 422 1268 2373 2373 423 1269 2370 2370 423 1270 2371 2371 423 1271 2370 2370 424 1272 2368 2368 424 1273 2371 2371 424 1274 2371 2371 425 1275 2368 2368 425 1276 2369 2369 425 1277 2404 2404 426 1278 2374 2374 426 1279 2406 2406 426 1280 2406 2406 427 1281 2374 2374 427 1282 2375 2375 427 1283 2403 2403 428 1284 2402 2402 428 1285 2407 2407 428 1286 2407 2407 429 1287 2402 2402 429 1288 2405 2405 429 1289 2402 2402 430 1290 2403 2403 430 1291 2400 2400 430 1292 2400 2400 431 1293 2403 2403 431 1294 2401 2401 431 1295 2400 2400 432 1296 2401 2401 432 1297 2398 2398 432 1298 2398 2398 433 1299 2401 2401 433 1300 2399 2399 433 1301 2398 2398 434 1302 2399 2399 434 1303 2396 2396 434 1304 2396 2396 435 1305 2399 2399 435 1306 2397 2397 435 1307 2396 2396 436 1308 2397 2397 436 1309 2394 2394 436 1310 2394 2394 437 1311 2397 2397 437 1312 2395 2395 437 1313 2394 2394 438 1314 2395 2395 438 1315 2392 2392 438 1316 2392 2392 439 1317 2395 2395 439 1318 2393 2393 439 1319 2392 2392 440 1320 2393 2393 440 1321 2388 2388 440 1322 2388 2388 441 1323 2393 2393 441 1324 2390 2390 441 1325 2391 2391 442 1326 2389 2389 442 1327 2390 2390 442 1328 2390 2390 443 1329 2389 2389 443 1330 2388 2388 443 1331 2389 2389 444 1332 2391 2391 444 1333 2387 2387 444 1334 2389 2389 445 1335 2387 2387 445 1336 2386 2386 445 1337 2386 2386 446 1338 2387 2387 446 1339 2385 2385 446 1340 2386 2386 447 1341 2385 2385 447 1342 2384 2384 447 1343 2384 2384 448 1344 2385 2385 448 1345 2383 2383 448 1346 2384 2384 449 1347 2383 2383 449 1348 2382 2382 449 1349 2382 2382 450 1350 2383 2383 450 1351 2381 2381 450 1352 2382 2382 451 1353 2381 2381 451 1354 2380 2380 451 1355 2380 2380 452 1356 2381 2381 452 1357 2379 2379 452 1358 2380 2380 453 1359 2379 2379 453 1360 2378 2378 453 1361 2378 2378 454 1362 2379 2379 454 1363 2377 2377 454 1364 2378 2378 455 1365 2377 2377 455 1366 2376 2376 455 1367 2404 2404 456 1368 2406 2406 456 1369 2410 2410 456 1370 2404 2404 457 1371 2410 2410 457 1372 2408 2408 457 1373 2408 2408 458 1374 2410 2410 458 1375 2414 2414 458 1376 2408 2408 459 1377 2414 2414 459 1378 2412 2412 459 1379 2412 2412 460 1380 2414 2414 460 1381 2418 2418 460 1382 2412 2412 461 1383 2418 2418 461 1384 2416 2416 461 1385 2416 2416 462 1386 2418 2418 462 1387 2422 2422 462 1388 2416 2416 463 1389 2422 2422 463 1390 2420 2420 463 1391 2420 2420 464 1392 2422 2422 464 1393 2426 2426 464 1394 2420 2420 465 1395 2426 2426 465 1396 2424 2424 465 1397 2424 2424 466 1398 2426 2426 466 1399 2430 2430 466 1400 2424 2424 467 1401 2430 2430 467 1402 2428 2428 467 1403 2428 2428 468 1404 2430 2430 468 1405 2431 2431 468 1406 2428 2428 469 1407 2431 2431 469 1408 2429 2429 469 1409 2429 2429 470 1410 2431 2431 470 1411 2427 2427 470 1412 2429 2429 471 1413 2427 2427 471 1414 2425 2425 471 1415 2425 2425 472 1416 2427 2427 472 1417 2423 2423 472 1418 2425 2425 473 1419 2423 2423 473 1420 2421 2421 473 1421 2421 2421 474 1422 2423 2423 474 1423 2419 2419 474 1424 2421 2421 475 1425 2419 2419 475 1426 2417 2417 475 1427 2417 2417 476 1428 2419 2419 476 1429 2415 2415 476 1430 2417 2417 477 1431 2415 2415 477 1432 2413 2413 477 1433 2413 2413 478 1434 2415 2415 478 1435 2411 2411 478 1436 2413 2413 479 1437 2411 2411 479 1438 2409 2409 479 1439 2409 2409 480 1440 2411 2411 480 1441 2407 2407 480 1442 2409 2409 481 1443 2407 2407 481 1444 2405 2405 481 1445 2374 2374 482 1446 2372 2372 482 1447 2375 2375 482 1448 2375 2375 483 1449 2372 2372 483 1450 2373 2373 483 1451 2435 2435 484 1452 2434 2434 484 1453 2433 2433 484 1454 2433 2433 485 1455 2434 2434 485 1456 2432 2432 485 1457 2439 2439 486 1458 2435 2435 486 1459 2437 2437 486 1460 2437 2437 487 1461 2435 2435 487 1462 2433 2433 487 1463 2438 2438 488 1464 2439 2439 488 1465 2436 2436 488 1466 2436 2436 489 1467 2439 2439 489 1468 2437 2437 489 1469 2434 2434 490 1470 2438 2438 490 1471 2432 2432 490 1472 2432 2432 491 1473 2438 2438 491 1474 2436 2436 491 1475 2439 2439 492 1476 2438 2438 492 1477 2435 2435 492 1478 2435 2435 493 1479 2438 2438 493 1480 2434 2434 493 1481 2436 2436 494 1482 2437 2437 494 1483 2432 2432 494 1484 2432 2432 495 1485 2437 2437 495 1486 2433 2433 495 1487</p>
                </triangles>
            </mesh>
        </geometry>
    </library_geometries>
    <library_visual_scenes>
        <visual_scene id="VisualSceneNode" name="VisualScene">
            <node id="node" name="node">
                <instance_geometry url="#shape0-lib"/>
            </node>
        </visual_scene>
    </library_visual_scenes>
    <scene>
        <instance_visual_scene url="#VisualSceneNode"/>
    </scene>
</COLLADA>
